customer_id,age,time_spent,pages_viewed,basket_value,device_type,customer_type,category,num_sessions,purchase
1,56,94.8,16,59.43,Mobile,Returning,Fashion,16,1
2,69,15.28,20,20.8,Desktop,Returning,Electronics,11,0
3,46,54.94,29,10.37,Mobile,Returning,Electronics,4,0
4,32,6.27,6,36.13,Mobile,Returning,Home Goods,9,1
5,60,33.48,26,23.6,Mobile,Returning,Fashion,15,1
6,25,113.18,11,56.53,Desktop,New,Fashion,12,0
7,38,3.22,24,271.48,Desktop,Returning,Fashion,16,1
8,56,0.25,29,68.44,Tablet,New,Home Goods,4,1
9,36,19.92,15,0.0,Mobile,New,Electronics,3,1
10,40,2.92,20,84.19,Tablet,Returning,Electronics,4,1
11,28,41.4,10,51.59,Tablet,Returning,Fashion,2,0
12,28,73.79,29,154.27,Desktop,New,Home Goods,19,1
13,41,17.08,28,0.0,Tablet,Returning,Electronics,7,1
14,53,8.98,1,162.38,Mobile,New,Home Goods,2,1
15,57,17.1,20,27.58,Mobile,Returning,Fashion,1,1
16,41,38.56,11,11.03,Mobile,Returning,Electronics,18,1
17,20,0.27,26,154.66,Desktop,Returning,Home Goods,8,1
18,39,26.71,26,70.83,Desktop,Returning,Electronics,8,1
19,19,28.5,12,175.92,Desktop,New,Fashion,10,1
20,41,30.46,14,222.23,Mobile,Returning,Home Goods,18,1
21,61,8.31,25,4.41,Mobile,New,Fashion,11,0
22,47,37.56,8,55.61,Mobile,New,Fashion,1,1
23,55,2.88,11,37.6,Desktop,Returning,Electronics,7,0
24,19,19.92,15,0.0,Unknown,New,Electronics,8,0
25,38,62.98,28,126.23,Tablet,Returning,Home Goods,14,1
26,50,40.27,7,26.35,Mobile,Returning,Fashion,19,1
27,29,0.42,10,65.1,Mobile,New,Electronics,8,0
28,39,8.57,19,98.68,Tablet,Returning,Electronics,19,1
29,61,7.24,25,11.55,Mobile,Returning,Fashion,4,0
30,42,19.92,15,0.0,Unknown,New,Home Goods,10,1
31,66,8.53,4,74.53,Mobile,Returning,Home Goods,10,0
32,44,1.94,2,238.92,Mobile,New,Electronics,4,1
33,59,18.43,26,33.18,Tablet,Returning,Fashion,8,0
34,45,19.92,21,0.0,Desktop,Returning,Home Goods,7,0
35,33,28.0,18,56.5,Mobile,Returning,Fashion,15,1
36,32,33.52,14,7.18,Desktop,New,Fashion,8,0
37,64,2.54,26,279.27,Mobile,New,Fashion,10,0
38,68,90.78,16,3.16,Desktop,Returning,Fashion,7,1
39,61,54.7,22,112.03,Tablet,Returning,Home Goods,19,1
40,69,49.06,11,59.57,Tablet,Returning,Electronics,3,0
41,20,51.95,10,36.79,Mobile,Returning,Home Goods,9,1
42,54,80.96,17,5.45,Mobile,Returning,Fashion,16,0
43,68,23.57,14,77.86,Mobile,Returning,Electronics,14,1
44,24,6.7,22,70.4,Desktop,New,Home Goods,7,0
45,38,28.77,4,26.38,Desktop,Returning,Home Goods,12,1
46,26,40.75,19,192.83,Mobile,New,Electronics,1,1
47,56,40.17,2,29.01,Tablet,New,Fashion,16,0
48,35,22.11,7,47.79,Mobile,Returning,Home Goods,3,1
49,21,2.13,9,62.78,Mobile,New,Fashion,1,0
50,42,13.91,28,8.45,Mobile,Returning,Electronics,6,0
51,31,76.06,19,215.25,Mobile,New,Electronics,2,1
52,67,26.34,16,37.54,Mobile,New,Electronics,7,0
53,26,23.19,22,6.74,Desktop,Returning,Electronics,8,1
54,43,9.39,25,39.19,Mobile,Returning,Electronics,13,0
55,19,13.79,16,73.34,Mobile,Returning,Fashion,16,1
56,37,67.71,18,57.67,Desktop,Returning,Electronics,10,1
57,45,32.94,23,94.88,Mobile,New,Electronics,4,0
58,64,46.45,21,4.57,Desktop,Returning,Fashion,13,1
59,24,18.17,21,26.79,Mobile,New,Fashion,17,0
60,61,29.85,11,136.84,Desktop,Returning,Fashion,8,1
61,25,8.57,7,6.66,Tablet,Returning,Electronics,8,0
62,64,36.67,9,154.75,Mobile,Returning,Home Goods,7,1
63,52,16.74,4,7.71,Desktop,Returning,Fashion,1,0
64,31,17.53,25,143.88,Tablet,New,Electronics,15,0
65,34,31.44,13,35.8,Desktop,Returning,Electronics,15,1
66,53,19.92,15,0.0,Unknown,New,Fashion,19,1
67,67,1.98,26,13.27,Mobile,New,Home Goods,4,0
68,57,52.25,25,5.48,Desktop,Returning,Fashion,6,0
69,21,10.38,29,19.46,Tablet,New,Home Goods,10,1
70,19,17.61,4,10.94,Mobile,New,Fashion,12,0
71,23,0.66,19,29.96,Mobile,Returning,Fashion,4,0
72,59,10.75,2,57.79,Mobile,Returning,Fashion,6,0
73,21,20.95,9,71.09,Mobile,New,Fashion,14,1
74,46,1.73,12,124.8,Mobile,Returning,Home Goods,13,1
75,35,20.26,2,85.42,Mobile,Returning,Fashion,3,1
76,43,78.56,6,75.07,Mobile,Returning,Electronics,15,1
77,61,3.34,5,42.45,Mobile,Returning,Fashion,3,0
78,51,43.37,5,51.37,Tablet,Returning,Home Goods,5,1
79,27,15.81,20,42.83,Mobile,Returning,Home Goods,13,1
80,53,19.92,15,0.0,Unknown,New,Electronics,15,1
81,31,9.04,5,20.91,Mobile,New,Fashion,17,1
82,48,5.21,27,0.46,Tablet,Returning,Electronics,6,1
83,65,5.25,4,84.29,Desktop,Returning,Fashion,18,1
84,32,2.19,29,18.1,Desktop,Returning,Fashion,3,1
85,25,19.92,15,0.0,Unknown,New,Electronics,9,0
86,31,32.74,29,156.75,Desktop,Returning,Home Goods,8,1
87,40,64.03,22,6.39,Mobile,Returning,Home Goods,11,0
88,57,50.48,27,9.0,Mobile,Returning,Electronics,11,1
89,38,34.67,10,54.68,Desktop,Returning,Electronics,8,0
90,33,3.51,16,75.17,Desktop,Returning,Home Goods,1,0
91,62,10.24,10,25.72,Desktop,New,Electronics,2,0
92,35,11.12,29,100.93,Tablet,Returning,Electronics,4,1
93,64,8.63,10,72.29,Tablet,Returning,Home Goods,2,0
94,41,21.71,29,31.42,Mobile,New,Fashion,2,0
95,43,23.01,19,2.06,Mobile,New,Fashion,13,1
96,42,13.24,10,110.95,Mobile,Returning,Electronics,6,0
97,62,13.1,6,19.34,Tablet,Returning,Fashion,4,0
98,58,52.9,17,143.89,Mobile,Returning,Fashion,15,1
99,46,46.72,5,43.62,Tablet,New,Electronics,3,0
100,32,11.04,26,68.85,Mobile,New,Electronics,4,1
101,62,19.92,15,0.0,Mobile,New,Home Goods,17,1
102,18,91.61,27,159.39,Mobile,Returning,Fashion,6,1
103,42,11.87,24,37.16,Mobile,Returning,Fashion,2,0
104,24,13.13,27,18.75,Tablet,Returning,Fashion,13,0
105,26,21.13,15,119.38,Mobile,Returning,Electronics,15,1
106,41,84.97,25,45.4,Mobile,New,Electronics,5,0
107,18,19.92,15,0.0,Unknown,New,Electronics,19,1
108,61,3.25,19,187.83,Mobile,New,Fashion,6,1
109,25,14.96,18,17.66,Mobile,New,Electronics,17,0
110,41,24.18,29,2.09,Mobile,New,Electronics,1,0
111,28,20.98,4,1.64,Tablet,Returning,Fashion,2,0
112,68,6.47,8,77.9,Mobile,Returning,Electronics,1,1
113,34,58.73,27,86.7,Mobile,Returning,Electronics,8,1
114,25,33.9,16,29.81,Desktop,Returning,Home Goods,4,1
115,52,54.59,24,30.85,Mobile,Returning,Home Goods,18,0
116,52,58.72,19,33.18,Mobile,Returning,Electronics,9,0
117,50,41.39,20,91.19,Desktop,New,Home Goods,15,1
118,22,17.35,3,4.79,Mobile,Returning,Electronics,16,0
119,59,28.29,10,211.74,Desktop,New,Home Goods,3,1
120,56,5.24,2,20.14,Mobile,New,Fashion,1,0
121,58,33.59,4,642.09,Desktop,New,Electronics,13,0
122,45,5.93,6,15.05,Tablet,Returning,Electronics,14,1
123,24,35.52,11,118.11,Mobile,Returning,Electronics,6,0
124,26,7.83,14,20.23,Mobile,Returning,Fashion,5,0
125,25,3.75,16,6.74,Mobile,Returning,Fashion,5,0
126,29,5.42,27,166.31,Mobile,Returning,Fashion,4,1
127,51,0.06,21,156.58,Desktop,Returning,Fashion,12,0
128,50,38.05,19,41.34,Desktop,Returning,Fashion,14,0
129,65,39.55,2,96.96,Mobile,Returning,Electronics,14,0
130,40,21.7,25,65.15,Desktop,New,Home Goods,11,1
131,41,5.28,17,153.36,Mobile,New,Electronics,10,1
132,54,2.62,9,30.27,Desktop,Returning,Home Goods,10,0
133,52,0.58,17,59.33,Desktop,New,Home Goods,9,1
134,61,5.44,15,53.14,Desktop,Returning,Electronics,2,1
135,57,66.45,7,34.94,Mobile,Returning,Fashion,14,0
136,39,8.29,22,177.65,Desktop,Returning,Fashion,7,1
137,44,13.12,23,14.51,Mobile,New,Home Goods,17,1
138,52,3.34,19,12.96,Desktop,Returning,Fashion,8,1
139,18,7.54,3,68.81,Mobile,Returning,Electronics,4,0
140,52,21.97,29,85.72,Mobile,Returning,Fashion,5,1
141,54,28.08,27,17.32,Desktop,Returning,Home Goods,13,1
142,64,8.45,1,39.64,Tablet,Returning,Electronics,7,0
143,31,1.78,4,234.34,Mobile,Returning,Home Goods,6,0
144,20,14.88,28,22.65,Tablet,New,Fashion,17,1
145,18,19.92,15,0.0,Desktop,Returning,Fashion,6,1
146,22,7.44,26,107.81,Desktop,New,Electronics,19,1
147,43,96.46,8,47.56,Tablet,New,Home Goods,3,0
148,31,28.74,19,221.84,Mobile,New,Electronics,9,1
149,56,24.42,23,106.74,Desktop,Returning,Home Goods,15,1
150,44,16.12,23,0.0,Mobile,New,Home Goods,8,0
151,26,16.81,28,67.39,Mobile,New,Home Goods,15,1
152,32,19.92,15,0.0,Desktop,Returning,Electronics,1,1
153,32,35.76,6,71.76,Tablet,Returning,Fashion,8,1
154,43,36.33,1,168.76,Tablet,New,Fashion,4,1
155,59,5.65,8,35.31,Desktop,Returning,Home Goods,10,1
156,30,20.8,1,28.52,Desktop,Returning,Home Goods,16,0
157,68,15.93,19,19.25,Mobile,New,Electronics,18,0
158,49,19.92,15,0.0,Unknown,New,Fashion,4,0
159,56,29.94,21,3.52,Mobile,Returning,Fashion,8,1
160,66,22.81,24,163.25,Desktop,Returning,Home Goods,4,1
161,69,3.68,25,90.75,Desktop,Returning,Fashion,10,1
162,49,27.91,15,86.43,Desktop,Returning,Home Goods,4,1
163,21,3.74,23,76.29,Mobile,New,Fashion,16,0
164,47,12.34,25,151.35,Tablet,Returning,Electronics,12,0
165,54,4.62,11,52.36,Desktop,New,Home Goods,10,1
166,40,35.34,19,163.47,Tablet,Returning,Fashion,11,1
167,56,6.93,29,35.63,Mobile,New,Fashion,2,0
168,62,14.92,21,209.06,Desktop,Returning,Home Goods,16,1
169,32,19.92,15,0.0,Unknown,New,Electronics,19,0
170,60,6.86,24,23.78,Desktop,Returning,Home Goods,12,0
171,46,21.27,12,66.42,Tablet,Returning,Home Goods,4,1
172,53,16.3,1,60.92,Mobile,Returning,Fashion,17,0
173,30,0.55,24,11.87,Mobile,Returning,Fashion,12,0
174,49,47.22,7,71.57,Mobile,Returning,Electronics,16,1
175,24,2.15,17,30.24,Mobile,New,Fashion,3,0
176,68,19.29,29,4.3,Tablet,New,Electronics,2,0
177,39,24.68,29,237.54,Mobile,Returning,Home Goods,7,1
178,45,29.7,26,82.06,Mobile,Returning,Fashion,6,1
179,19,35.0,28,167.59,Mobile,New,Electronics,1,1
180,59,19.92,15,0.0,Unknown,New,Fashion,15,1
181,62,0.3,28,35.33,Mobile,New,Fashion,12,0
182,23,38.56,6,57.51,Mobile,Returning,Electronics,13,1
183,45,23.01,17,90.1,Mobile,New,Home Goods,8,1
184,45,54.26,18,258.02,Mobile,Returning,Fashion,9,0
185,61,51.68,5,23.41,Tablet,New,Electronics,1,1
186,61,55.61,18,166.34,Mobile,New,Electronics,5,1
187,37,19.91,26,206.24,Desktop,New,Fashion,7,1
188,47,12.18,17,88.79,Tablet,Returning,Electronics,18,1
189,28,47.04,22,214.2,Desktop,Returning,Home Goods,8,1
190,45,18.01,16,40.58,Tablet,New,Electronics,10,0
191,42,6.08,8,244.64,Tablet,Returning,Fashion,8,0
192,56,57.93,24,97.06,Mobile,New,Electronics,12,1
193,50,64.25,13,3.43,Desktop,Returning,Electronics,16,1
194,18,18.84,29,189.9,Mobile,Returning,Fashion,12,1
195,44,2.36,24,53.01,Mobile,New,Fashion,3,0
196,69,14.72,16,49.34,Desktop,Returning,Fashion,18,0
197,30,48.82,11,66.86,Desktop,Returning,Fashion,5,1
198,58,69.61,6,12.94,Desktop,New,Fashion,14,1
199,20,6.82,27,50.66,Desktop,Returning,Electronics,16,1
200,56,19.92,15,0.0,Unknown,New,Fashion,6,1
201,23,62.95,1,1.25,Tablet,Returning,Home Goods,16,0
202,25,14.8,18,25.5,Mobile,New,Electronics,14,0
203,44,23.41,5,0.2,Mobile,Returning,Home Goods,5,0
204,26,103.32,13,42.99,Tablet,New,Electronics,14,0
205,54,2.07,10,104.25,Mobile,New,Fashion,11,1
206,50,31.35,5,128.27,Desktop,New,Electronics,9,1
207,68,2.31,26,232.31,Desktop,New,Home Goods,7,0
208,59,14.12,14,75.02,Mobile,Returning,Fashion,5,0
209,61,48.86,17,23.51,Desktop,New,Fashion,15,0
210,41,17.05,1,206.32,Desktop,Returning,Fashion,13,0
211,32,176.16,25,119.44,Mobile,New,Fashion,12,0
212,49,24.57,2,68.35,Mobile,Returning,Fashion,15,1
213,49,11.62,7,95.16,Tablet,Returning,Fashion,19,0
214,41,7.46,10,206.5,Mobile,Returning,Fashion,19,0
215,58,12.95,20,99.69,Tablet,Returning,Electronics,10,1
216,69,13.98,7,36.76,Mobile,Returning,Fashion,17,0
217,66,2.14,24,99.87,Desktop,Returning,Electronics,16,1
218,66,13.84,16,3.29,Tablet,New,Electronics,5,0
219,69,18.72,5,39.07,Mobile,Returning,Electronics,4,0
220,29,38.48,29,41.71,Desktop,Returning,Fashion,10,1
221,56,32.08,28,14.6,Desktop,New,Electronics,6,0
222,19,37.01,12,1.87,Desktop,Returning,Fashion,11,1
223,20,0.25,17,11.45,Desktop,New,Electronics,11,0
224,66,7.36,16,85.05,Desktop,Returning,Electronics,16,1
225,54,32.51,20,129.68,Desktop,Returning,Fashion,14,1
226,66,19.85,26,355.2,Desktop,Returning,Fashion,19,0
227,34,0.16,16,34.02,Desktop,Returning,Fashion,4,1
228,66,19.92,15,0.0,Unknown,New,Fashion,5,1
229,19,19.92,15,0.0,Unknown,New,Fashion,19,1
230,19,23.85,15,14.62,Mobile,Returning,Home Goods,17,0
231,45,19.92,12,0.0,Mobile,New,Fashion,18,0
232,40,43.64,21,112.51,Mobile,Returning,Electronics,8,1
233,54,26.29,10,7.45,Mobile,Returning,Electronics,4,0
234,49,45.69,29,158.01,Mobile,New,Electronics,18,1
235,50,41.8,26,134.18,Mobile,New,Home Goods,11,1
236,18,48.74,29,2.72,Mobile,Returning,Home Goods,14,0
237,36,21.89,22,7.64,Desktop,Returning,Home Goods,13,1
238,19,4.54,2,4.03,Mobile,Returning,Home Goods,16,0
239,61,33.37,7,32.61,Mobile,New,Fashion,12,0
240,43,29.06,13,56.95,Mobile,New,Electronics,9,1
241,49,19.92,15,0.0,Unknown,New,Home Goods,7,1
242,23,5.59,15,24.92,Mobile,New,Electronics,10,1
243,49,6.51,1,194.07,Desktop,New,Home Goods,17,1
244,21,66.33,26,36.74,Tablet,New,Fashion,18,1
245,28,41.59,3,3.73,Tablet,New,Electronics,7,1
246,34,71.65,25,28.56,Tablet,New,Home Goods,3,0
247,55,42.65,10,60.59,Mobile,New,Fashion,15,1
248,41,27.28,27,41.97,Mobile,New,Electronics,16,0
249,22,19.92,15,0.0,Unknown,New,Fashion,17,0
250,69,65.98,15,11.26,Desktop,New,Electronics,13,1
251,51,25.94,22,136.81,Mobile,Returning,Home Goods,3,1
252,23,30.02,27,444.68,Desktop,Returning,Fashion,5,1
253,39,5.11,6,31.98,Mobile,Returning,Fashion,9,0
254,28,19.27,20,38.45,Mobile,New,Fashion,18,0
255,65,37.81,15,76.99,Tablet,Returning,Home Goods,11,1
256,33,9.48,24,101.39,Desktop,New,Electronics,11,1
257,50,6.78,21,39.81,Desktop,New,Fashion,16,0
258,26,11.3,7,188.25,Desktop,Returning,Fashion,8,0
259,23,8.29,25,65.68,Tablet,Returning,Home Goods,2,1
260,33,7.26,29,47.88,Desktop,Returning,Home Goods,10,0
261,46,16.59,29,83.23,Tablet,Returning,Fashion,6,1
262,20,71.53,21,244.28,Mobile,Returning,Fashion,4,1
263,37,21.22,27,126.61,Desktop,New,Home Goods,5,1
264,53,6.24,5,3.27,Desktop,New,Electronics,11,0
265,36,2.4,4,32.31,Mobile,Returning,Home Goods,12,0
266,43,35.74,22,50.87,Tablet,Returning,Electronics,16,1
267,20,14.48,18,30.21,Tablet,New,Electronics,14,0
268,36,51.75,3,96.37,Mobile,Returning,Electronics,14,1
269,37,32.32,17,140.02,Mobile,New,Home Goods,15,1
270,49,47.72,18,105.15,Mobile,Returning,Fashion,8,1
271,24,9.52,18,363.25,Tablet,Returning,Fashion,5,1
272,69,35.36,24,25.46,Desktop,Returning,Fashion,9,1
273,58,9.2,24,166.35,Mobile,New,Home Goods,16,1
274,50,83.94,2,116.41,Desktop,Returning,Electronics,3,1
275,57,30.35,13,35.98,Mobile,Returning,Fashion,12,1
276,56,11.77,22,105.98,Desktop,New,Electronics,7,1
277,35,9.42,15,8.79,Mobile,New,Fashion,17,0
278,57,6.36,5,124.6,Mobile,Returning,Fashion,15,0
279,18,35.59,3,60.8,Desktop,Returning,Fashion,15,1
280,28,19.92,15,0.0,Mobile,New,Electronics,12,0
281,45,27.14,5,85.32,Mobile,Returning,Electronics,2,1
282,42,9.22,5,82.09,Mobile,Returning,Home Goods,8,0
283,67,32.54,3,18.81,Mobile,New,Home Goods,5,0
284,40,50.61,3,2.47,Mobile,Returning,Electronics,3,1
285,48,45.16,20,45.48,Tablet,New,Electronics,1,0
286,47,42.92,23,67.43,Desktop,New,Fashion,16,1
287,59,6.24,28,167.39,Tablet,New,Fashion,10,0
288,52,2.78,28,210.73,Tablet,Returning,Fashion,10,1
289,24,36.01,28,60.2,Mobile,Returning,Electronics,11,1
290,33,13.78,18,112.13,Mobile,New,Fashion,12,1
291,43,16.99,26,46.29,Mobile,Returning,Fashion,8,1
292,65,0.95,20,109.66,Desktop,Returning,Electronics,5,0
293,69,9.02,4,18.33,Desktop,New,Fashion,9,0
294,66,1.03,1,37.1,Mobile,Returning,Electronics,11,0
295,19,63.41,26,80.46,Mobile,Returning,Electronics,15,1
296,18,8.37,16,1.47,Desktop,Returning,Fashion,17,1
297,65,19.92,15,0.0,Unknown,New,Fashion,11,1
298,29,19.92,17,0.0,Tablet,New,Fashion,13,1
299,22,32.97,8,40.75,Mobile,Returning,Fashion,17,0
300,54,11.7,7,47.53,Tablet,New,Electronics,7,0
301,49,68.46,25,152.46,Mobile,Returning,Home Goods,9,1
302,26,65.71,8,119.57,Desktop,Returning,Fashion,18,1
303,58,11.8,21,27.19,Tablet,New,Fashion,18,0
304,52,69.37,24,31.32,Tablet,Returning,Home Goods,10,1
305,36,166.85,27,90.87,Mobile,Returning,Fashion,12,1
306,65,52.36,26,66.26,Mobile,Returning,Fashion,18,1
307,33,55.91,12,14.16,Mobile,New,Electronics,9,1
308,20,8.59,16,29.68,Mobile,Returning,Electronics,9,0
309,37,25.79,12,184.19,Desktop,Returning,Electronics,10,1
310,41,2.09,19,93.22,Tablet,New,Electronics,1,0
311,50,2.99,10,341.35,Mobile,New,Fashion,11,0
312,41,204.17,7,116.54,Mobile,Returning,Electronics,14,1
313,69,11.86,12,227.75,Mobile,New,Fashion,10,1
314,28,41.37,20,19.49,Tablet,New,Home Goods,14,1
315,66,49.3,5,118.09,Tablet,Returning,Home Goods,19,1
316,25,58.56,16,1.63,Mobile,Returning,Fashion,10,0
317,53,181.32,9,88.88,Mobile,Returning,Fashion,17,1
318,55,8.29,7,50.68,Desktop,New,Fashion,2,0
319,57,1.24,20,34.06,Desktop,Returning,Fashion,14,0
320,37,15.89,22,158.67,Mobile,Returning,Fashion,18,1
321,52,4.18,26,154.08,Tablet,New,Electronics,2,0
322,65,0.68,14,1.8,Tablet,Returning,Home Goods,19,0
323,42,13.41,11,75.23,Desktop,Returning,Fashion,8,1
324,52,45.94,7,36.69,Desktop,Returning,Fashion,6,0
325,42,25.05,29,42.98,Mobile,Returning,Fashion,7,1
326,46,11.25,10,142.72,Desktop,New,Fashion,13,0
327,35,31.87,29,29.67,Mobile,Returning,Fashion,2,1
328,63,7.92,9,229.24,Mobile,Returning,Home Goods,7,1
329,35,0.43,4,15.84,Mobile,Returning,Fashion,1,0
330,19,43.36,16,86.95,Mobile,Returning,Home Goods,6,1
331,52,29.32,10,89.2,Mobile,New,Electronics,16,0
332,33,43.1,19,23.25,Desktop,New,Electronics,8,1
333,58,1.19,24,31.41,Desktop,New,Fashion,13,0
334,53,19.92,15,0.0,Unknown,New,Electronics,18,1
335,50,28.99,9,114.77,Mobile,New,Electronics,14,0
336,21,24.86,13,31.93,Mobile,Returning,Fashion,18,1
337,50,29.39,1,61.08,Desktop,New,Fashion,4,1
338,31,59.95,2,5.09,Mobile,Returning,Home Goods,15,0
339,38,26.52,13,18.73,Tablet,New,Fashion,5,0
340,65,26.09,24,53.21,Mobile,Returning,Electronics,14,0
341,37,140.27,9,7.19,Desktop,Returning,Fashion,16,1
342,25,42.41,7,148.29,Mobile,Returning,Fashion,15,1
343,24,17.52,16,101.27,Desktop,Returning,Fashion,11,1
344,20,36.87,19,230.07,Tablet,New,Fashion,2,1
345,34,14.79,7,94.59,Tablet,New,Electronics,18,0
346,50,7.8,6,225.61,Tablet,Returning,Electronics,4,1
347,65,27.25,18,64.69,Mobile,Returning,Home Goods,15,1
348,29,79.01,19,73.35,Desktop,New,Electronics,12,0
349,68,79.41,11,301.68,Mobile,Returning,Fashion,3,1
350,39,12.55,29,82.21,Desktop,Returning,Electronics,4,0
351,39,22.5,12,2.5,Mobile,New,Electronics,16,0
352,63,7.13,29,102.93,Tablet,New,Electronics,6,1
353,47,163.0,26,188.71,Tablet,Returning,Electronics,2,1
354,55,119.09,10,127.01,Mobile,New,Electronics,9,1
355,55,31.45,13,70.13,Mobile,New,Fashion,12,1
356,62,48.95,12,89.01,Mobile,New,Electronics,12,0
357,68,37.67,21,369.96,Desktop,New,Fashion,14,0
358,25,26.98,10,7.6,Mobile,Returning,Electronics,17,0
359,44,1.64,20,88.03,Tablet,New,Fashion,9,1
360,44,18.2,18,26.66,Desktop,New,Home Goods,12,0
361,51,33.7,4,81.75,Desktop,Returning,Electronics,10,0
362,38,33.95,28,74.84,Desktop,New,Electronics,11,1
363,47,14.01,24,13.33,Mobile,New,Home Goods,2,0
364,50,85.26,5,18.53,Tablet,Returning,Home Goods,16,0
365,45,5.49,5,77.75,Desktop,Returning,Electronics,1,0
366,64,20.82,29,10.98,Tablet,Returning,Fashion,1,0
367,50,35.22,28,24.65,Desktop,New,Home Goods,2,0
368,22,35.83,12,144.26,Desktop,Returning,Electronics,12,1
369,65,31.38,26,31.69,Mobile,Returning,Electronics,18,1
370,36,9.66,3,53.56,Desktop,Returning,Home Goods,12,0
371,21,5.1,29,226.61,Desktop,New,Fashion,1,1
372,52,30.31,8,20.61,Desktop,New,Fashion,11,0
373,66,27.44,22,39.49,Desktop,Returning,Electronics,2,1
374,34,19.92,15,0.0,Unknown,New,Home Goods,12,0
375,61,36.64,18,112.63,Tablet,Returning,Electronics,2,1
376,45,18.22,9,185.54,Tablet,New,Electronics,17,0
377,47,33.06,13,197.65,Mobile,New,Electronics,6,1
378,46,54.49,7,119.92,Tablet,Returning,Electronics,16,0
379,63,5.58,10,20.74,Mobile,Returning,Home Goods,19,0
380,23,0.58,9,2.01,Desktop,New,Fashion,6,0
381,52,45.3,22,38.73,Mobile,New,Electronics,7,1
382,58,28.22,15,12.21,Tablet,Returning,Home Goods,19,1
383,54,36.08,5,99.14,Mobile,Returning,Electronics,17,1
384,41,54.63,12,86.57,Mobile,Returning,Fashion,6,1
385,46,48.71,1,3.6,Mobile,Returning,Fashion,15,0
386,66,97.26,12,144.92,Mobile,Returning,Home Goods,9,1
387,63,23.03,22,22.88,Desktop,New,Fashion,2,1
388,48,20.11,6,45.28,Mobile,Returning,Fashion,5,1
389,52,15.42,19,88.19,Desktop,Returning,Fashion,5,1
390,50,5.01,19,44.89,Tablet,Returning,Electronics,12,0
391,69,25.5,16,46.57,Desktop,Returning,Electronics,10,0
392,38,9.73,19,5.43,Tablet,New,Home Goods,4,1
393,49,76.27,3,41.06,Mobile,Returning,Fashion,12,1
394,40,19.92,15,0.0,Unknown,New,Electronics,15,1
395,50,26.96,10,197.37,Desktop,Returning,Electronics,10,0
396,20,13.15,27,42.69,Mobile,New,Fashion,18,1
397,35,1.6,18,44.07,Tablet,Returning,Fashion,5,0
398,42,0.97,26,97.02,Mobile,Returning,Home Goods,13,1
399,59,16.51,13,228.86,Tablet,New,Electronics,4,0
400,48,2.65,26,24.86,Mobile,New,Electronics,9,1
401,20,28.01,18,46.41,Desktop,Returning,Fashion,18,1
402,57,63.85,3,127.16,Mobile,Returning,Home Goods,3,1
403,63,64.35,26,75.27,Mobile,New,Electronics,11,1
404,41,32.28,28,9.38,Desktop,Returning,Home Goods,4,0
405,67,7.12,23,79.05,Mobile,Returning,Home Goods,9,1
406,49,59.63,3,16.54,Desktop,Returning,Home Goods,12,0
407,64,65.17,23,57.1,Desktop,New,Home Goods,10,1
408,39,6.57,25,60.25,Mobile,Returning,Fashion,10,1
409,40,40.12,27,167.13,Tablet,New,Home Goods,9,1
410,19,10.13,26,49.67,Mobile,New,Fashion,10,1
411,44,48.68,12,26.22,Desktop,New,Home Goods,9,1
412,59,176.75,27,21.01,Desktop,Returning,Fashion,1,1
413,19,0.91,20,165.88,Desktop,New,Electronics,16,1
414,43,68.3,7,15.0,Mobile,New,Fashion,14,0
415,34,29.24,25,44.39,Mobile,New,Home Goods,13,1
416,57,108.79,24,16.58,Desktop,Returning,Fashion,6,1
417,50,18.77,8,118.73,Mobile,Returning,Electronics,14,1
418,26,56.4,9,51.45,Mobile,Returning,Home Goods,8,1
419,60,1.93,14,34.6,Desktop,New,Electronics,18,1
420,65,12.25,5,35.84,Desktop,New,Fashion,1,1
421,56,2.08,21,152.96,Mobile,New,Electronics,12,1
422,46,111.08,19,64.55,Mobile,Returning,Fashion,11,1
423,59,50.94,21,101.23,Mobile,New,Electronics,13,1
424,43,57.43,16,181.87,Mobile,New,Home Goods,4,1
425,52,83.4,24,185.61,Mobile,Returning,Electronics,6,1
426,67,2.67,12,31.86,Mobile,New,Fashion,13,0
427,42,14.61,21,0.0,Tablet,New,Fashion,13,1
428,41,2.21,4,2.02,Desktop,New,Home Goods,6,0
429,30,7.1,8,37.84,Mobile,New,Fashion,4,0
430,24,7.82,7,180.91,Mobile,Returning,Electronics,3,0
431,53,19.0,15,25.69,Desktop,Returning,Electronics,15,0
432,62,9.38,6,25.52,Mobile,New,Home Goods,11,0
433,37,3.19,5,28.83,Desktop,New,Home Goods,2,0
434,18,5.5,14,75.8,Tablet,Returning,Fashion,17,1
435,25,4.78,21,46.15,Desktop,Returning,Electronics,2,0
436,63,108.44,13,103.79,Mobile,New,Electronics,1,1
437,33,42.73,10,180.24,Desktop,Returning,Fashion,5,0
438,31,103.04,18,89.72,Tablet,New,Fashion,17,0
439,29,17.38,29,18.3,Desktop,Returning,Electronics,1,0
440,68,9.79,4,215.87,Desktop,Returning,Fashion,7,1
441,40,48.03,8,24.58,Mobile,Returning,Home Goods,3,0
442,32,11.85,24,12.99,Mobile,Returning,Fashion,16,1
443,45,10.67,11,7.54,Desktop,New,Fashion,16,0
444,51,7.94,17,66.3,Tablet,Returning,Fashion,12,1
445,19,4.17,18,9.66,Desktop,Returning,Fashion,9,1
446,49,8.89,21,11.95,Desktop,Returning,Electronics,14,0
447,40,13.17,25,28.54,Mobile,New,Fashion,12,0
448,39,33.63,26,26.46,Mobile,Returning,Electronics,16,1
449,68,1.94,11,74.16,Desktop,Returning,Home Goods,17,1
450,42,7.09,16,135.75,Mobile,New,Home Goods,12,1
451,39,49.67,12,114.62,Desktop,New,Fashion,4,0
452,39,4.77,13,24.36,Mobile,New,Home Goods,17,1
453,66,12.59,27,22.52,Desktop,Returning,Fashion,1,0
454,69,60.0,16,270.02,Desktop,Returning,Electronics,17,1
455,59,5.05,23,0.66,Mobile,Returning,Electronics,11,1
456,23,2.59,26,169.43,Mobile,New,Fashion,19,1
457,32,19.88,21,17.82,Desktop,Returning,Home Goods,18,1
458,60,10.8,1,235.43,Tablet,Returning,Fashion,2,0
459,54,24.86,16,33.52,Desktop,New,Electronics,9,0
460,50,48.86,15,46.44,Mobile,New,Fashion,9,1
461,25,4.43,6,98.24,Mobile,New,Home Goods,12,1
462,61,26.07,12,70.87,Mobile,Returning,Home Goods,13,0
463,61,21.13,8,30.61,Mobile,New,Fashion,16,0
464,22,4.67,7,64.56,Desktop,New,Electronics,13,1
465,56,29.34,2,104.96,Desktop,New,Electronics,14,1
466,21,19.92,15,0.0,Unknown,New,Electronics,7,0
467,23,20.07,21,0.9,Mobile,New,Electronics,2,1
468,62,2.58,14,49.01,Mobile,New,Electronics,12,0
469,49,19.92,15,0.0,Unknown,New,Fashion,17,0
470,69,10.98,11,87.33,Desktop,Returning,Electronics,5,1
471,47,51.84,20,19.27,Desktop,Returning,Electronics,10,1
472,64,1.76,9,45.37,Mobile,Returning,Electronics,18,0
473,52,19.92,15,0.0,Desktop,Returning,Home Goods,3,0
474,57,18.4,17,63.61,Mobile,Returning,Fashion,13,1
475,69,38.73,12,9.87,Mobile,Returning,Fashion,13,1
476,33,25.62,6,1.87,Desktop,New,Fashion,10,0
477,30,33.01,19,4.2,Desktop,Returning,Fashion,2,1
478,67,45.02,11,246.78,Mobile,New,Fashion,16,1
479,59,59.46,9,12.28,Mobile,New,Home Goods,4,0
480,47,11.3,21,98.61,Mobile,Returning,Fashion,19,1
481,36,23.17,29,5.63,Mobile,Returning,Electronics,5,0
482,34,55.0,6,9.16,Desktop,Returning,Fashion,7,1
483,36,136.55,27,56.88,Tablet,Returning,Electronics,9,1
484,45,66.09,25,50.02,Mobile,Returning,Home Goods,5,1
485,43,13.93,25,242.23,Mobile,Returning,Fashion,8,1
486,54,6.51,24,231.79,Mobile,Returning,Home Goods,2,1
487,43,19.92,15,0.0,Unknown,New,Home Goods,7,1
488,40,40.6,16,73.72,Mobile,New,Electronics,4,0
489,26,20.35,20,48.55,Desktop,New,Fashion,15,0
490,29,19.8,16,35.23,Mobile,Returning,Electronics,18,1
491,18,54.65,6,235.13,Desktop,New,Home Goods,2,0
492,18,13.45,5,0.0,Tablet,New,Fashion,14,1
493,64,58.94,21,69.22,Tablet,New,Electronics,10,1
494,51,15.67,4,21.11,Tablet,New,Fashion,5,0
495,49,11.94,2,3.83,Desktop,Returning,Fashion,12,0
496,65,18.15,28,232.31,Tablet,Returning,Home Goods,10,1
497,42,43.12,6,30.12,Mobile,Returning,Electronics,18,0
498,57,19.92,15,0.0,Unknown,New,Fashion,6,1
499,62,6.56,28,9.74,Mobile,Returning,Electronics,12,0
500,18,90.75,17,145.08,Desktop,Returning,Fashion,1,1
501,33,5.79,14,2.24,Tablet,Returning,Fashion,7,0
502,56,19.92,15,0.0,Unknown,New,Electronics,12,1
503,22,25.98,22,12.09,Desktop,New,Electronics,7,1
504,39,20.18,19,174.12,Desktop,New,Fashion,9,1
505,46,31.05,1,104.68,Tablet,Returning,Fashion,15,1
506,20,7.83,29,14.39,Desktop,Returning,Electronics,12,1
507,29,24.13,20,66.74,Tablet,Returning,Home Goods,13,1
508,43,13.96,25,29.99,Mobile,Returning,Home Goods,4,0
509,33,32.51,15,15.7,Mobile,New,Fashion,10,1
510,68,4.57,18,156.82,Desktop,New,Electronics,3,1
511,54,25.38,3,41.34,Mobile,Returning,Home Goods,5,0
512,39,6.15,18,40.67,Mobile,New,Electronics,4,0
513,46,9.8,2,14.9,Desktop,Returning,Home Goods,19,0
514,31,7.4,10,38.64,Desktop,Returning,Home Goods,15,0
515,45,6.06,11,164.22,Desktop,Returning,Fashion,7,0
516,22,52.41,27,36.1,Mobile,New,Fashion,3,1
517,64,10.09,24,242.27,Desktop,Returning,Fashion,16,1
518,66,78.57,3,233.96,Mobile,Returning,Fashion,15,0
519,47,105.12,7,12.52,Mobile,Returning,Home Goods,18,1
520,63,25.41,8,15.61,Desktop,Returning,Home Goods,3,0
521,69,4.63,19,158.83,Mobile,Returning,Fashion,14,0
522,22,14.08,18,39.91,Mobile,New,Electronics,1,0
523,29,47.94,13,0.35,Desktop,Returning,Electronics,7,1
524,33,13.74,13,25.6,Mobile,Returning,Fashion,2,0
525,43,2.73,24,72.83,Tablet,New,Electronics,10,1
526,43,24.41,19,128.46,Desktop,New,Home Goods,16,0
527,65,55.95,23,11.45,Tablet,New,Fashion,12,1
528,38,47.68,12,9.37,Mobile,Returning,Fashion,18,1
529,56,5.78,17,204.18,Desktop,Returning,Fashion,6,0
530,53,33.51,28,111.27,Mobile,New,Fashion,17,1
531,50,19.92,15,0.0,Desktop,Returning,Fashion,8,1
532,47,7.38,12,117.29,Mobile,Returning,Electronics,9,1
533,54,62.16,28,44.81,Mobile,New,Electronics,19,1
534,40,8.62,13,113.66,Tablet,New,Home Goods,2,0
535,27,9.17,25,37.19,Mobile,New,Fashion,7,1
536,22,0.02,12,22.39,Mobile,Returning,Fashion,11,1
537,53,61.36,19,104.45,Mobile,New,Home Goods,13,1
538,51,47.19,14,43.53,Desktop,Returning,Home Goods,10,1
539,69,29.61,7,318.67,Mobile,Returning,Fashion,15,1
540,48,41.62,13,34.4,Mobile,Returning,Fashion,7,1
541,27,4.95,6,203.8,Mobile,New,Home Goods,6,0
542,36,18.39,24,216.2,Desktop,Returning,Fashion,12,1
543,49,12.98,19,22.15,Desktop,Returning,Fashion,3,1
544,18,2.95,19,128.05,Mobile,New,Electronics,16,0
545,22,19.97,4,45.4,Mobile,New,Fashion,9,0
546,62,76.05,19,199.62,Mobile,Returning,Fashion,10,1
547,21,1.23,9,47.85,Mobile,Returning,Electronics,13,0
548,33,10.34,16,109.1,Mobile,New,Home Goods,8,1
549,41,6.98,27,50.33,Mobile,Returning,Home Goods,6,0
550,33,8.16,4,20.68,Desktop,Returning,Home Goods,3,1
551,19,71.72,6,17.79,Tablet,Returning,Fashion,12,0
552,66,18.94,8,44.33,Mobile,New,Fashion,9,0
553,45,18.84,27,112.68,Desktop,Returning,Home Goods,9,1
554,49,42.89,29,0.0,Desktop,New,Electronics,11,0
555,44,5.03,24,93.34,Desktop,Returning,Fashion,6,0
556,37,20.04,16,26.54,Tablet,Returning,Fashion,2,1
557,41,16.86,5,52.54,Mobile,New,Fashion,7,0
558,29,27.26,21,3.63,Mobile,Returning,Electronics,9,0
559,67,231.71,22,136.09,Desktop,New,Fashion,19,1
560,52,44.02,10,367.56,Mobile,Returning,Home Goods,18,1
561,50,15.22,23,41.79,Mobile,New,Fashion,12,0
562,50,52.73,13,0.88,Mobile,Returning,Home Goods,11,0
563,68,5.62,29,14.89,Mobile,New,Home Goods,10,0
564,60,0.93,26,84.57,Desktop,Returning,Electronics,3,0
565,54,6.86,14,75.76,Mobile,Returning,Electronics,12,1
566,29,12.48,7,124.04,Mobile,Returning,Electronics,4,0
567,20,21.44,29,23.43,Mobile,New,Fashion,10,1
568,18,28.65,20,115.39,Mobile,Returning,Fashion,2,1
569,50,72.44,6,93.18,Tablet,New,Electronics,12,1
570,57,21.39,7,31.18,Mobile,Returning,Electronics,11,1
571,27,20.87,5,63.08,Tablet,Returning,Electronics,14,1
572,60,1.55,21,12.75,Desktop,Returning,Electronics,15,1
573,61,1.07,18,48.2,Desktop,Returning,Electronics,14,1
574,46,24.03,23,170.42,Mobile,New,Electronics,12,1
575,30,17.3,12,43.74,Mobile,Returning,Electronics,2,0
576,29,54.82,6,146.39,Tablet,New,Electronics,2,1
577,48,5.25,27,71.38,Tablet,Returning,Home Goods,1,1
578,63,0.76,1,17.04,Mobile,Returning,Electronics,15,1
579,19,17.88,4,69.61,Mobile,Returning,Electronics,10,0
580,68,8.13,19,56.41,Mobile,Returning,Electronics,1,1
581,67,1.53,12,40.69,Tablet,New,Electronics,1,0
582,52,38.69,15,10.19,Mobile,Returning,Electronics,1,0
583,40,3.55,3,43.13,Desktop,New,Fashion,11,0
584,34,28.12,23,6.04,Desktop,Returning,Home Goods,12,0
585,43,9.9,27,8.32,Desktop,Returning,Fashion,15,0
586,25,5.72,28,43.02,Desktop,New,Fashion,14,0
587,46,14.33,26,29.15,Mobile,New,Fashion,1,1
588,43,48.5,20,207.8,Tablet,New,Fashion,1,1
589,27,14.93,28,37.69,Desktop,Returning,Home Goods,6,0
590,43,19.92,15,0.0,Unknown,New,Electronics,3,0
591,51,4.02,11,60.44,Mobile,Returning,Home Goods,14,0
592,68,44.45,16,97.41,Desktop,Returning,Fashion,6,0
593,58,8.11,9,24.1,Mobile,New,Fashion,8,0
594,24,33.94,3,227.65,Mobile,Returning,Fashion,15,1
595,21,25.03,5,60.42,Desktop,Returning,Electronics,17,1
596,67,79.41,20,142.38,Desktop,New,Home Goods,9,1
597,62,14.7,14,36.34,Desktop,Returning,Electronics,16,0
598,28,2.05,28,8.45,Mobile,New,Fashion,1,0
599,46,0.58,26,89.6,Desktop,New,Home Goods,16,0
600,53,52.61,15,0.62,Mobile,Returning,Fashion,19,0
601,42,22.32,6,51.59,Desktop,Returning,Electronics,9,1
602,38,44.78,27,17.13,Mobile,Returning,Electronics,17,1
603,53,8.01,26,78.97,Desktop,Returning,Fashion,6,1
604,27,12.7,4,310.67,Desktop,Returning,Fashion,14,0
605,54,0.92,8,49.95,Mobile,New,Fashion,18,0
606,26,97.71,19,136.08,Mobile,New,Home Goods,14,1
607,41,33.07,27,56.71,Desktop,New,Electronics,7,0
608,52,81.18,5,54.79,Desktop,Returning,Home Goods,10,1
609,66,9.26,13,213.23,Desktop,Returning,Electronics,16,1
610,52,28.36,16,176.56,Desktop,New,Electronics,7,1
611,65,34.04,1,123.27,Mobile,New,Electronics,6,1
612,53,11.46,13,28.11,Mobile,Returning,Home Goods,6,0
613,35,56.54,22,63.0,Mobile,New,Fashion,7,1
614,66,88.22,11,20.28,Mobile,Returning,Fashion,17,1
615,56,64.85,21,46.95,Desktop,Returning,Electronics,8,1
616,49,40.3,8,52.96,Mobile,Returning,Home Goods,2,1
617,41,9.75,25,142.53,Tablet,New,Home Goods,19,1
618,40,9.92,8,181.09,Desktop,Returning,Electronics,7,0
619,49,99.2,24,42.84,Tablet,New,Fashion,12,1
620,54,0.31,28,1.43,Tablet,Returning,Fashion,3,0
621,29,37.77,14,158.31,Mobile,New,Home Goods,4,1
622,66,36.75,13,15.32,Desktop,Returning,Electronics,11,1
623,30,29.24,3,77.8,Mobile,Returning,Fashion,12,0
624,40,138.48,4,2.02,Mobile,New,Home Goods,19,1
625,42,11.21,27,40.8,Desktop,Returning,Fashion,19,1
626,52,12.46,20,341.27,Mobile,Returning,Electronics,11,1
627,58,2.47,15,0.0,Tablet,New,Electronics,13,0
628,47,17.54,15,44.09,Desktop,New,Fashion,1,0
629,34,9.08,27,29.36,Desktop,Returning,Fashion,6,0
630,66,12.62,21,188.38,Mobile,Returning,Fashion,16,1
631,37,53.98,13,162.81,Desktop,Returning,Electronics,2,1
632,65,82.23,9,21.71,Mobile,Returning,Electronics,14,1
633,42,6.16,28,6.77,Desktop,Returning,Fashion,18,0
634,39,19.92,25,0.0,Mobile,Returning,Home Goods,17,0
635,30,79.2,10,32.8,Desktop,Returning,Fashion,18,1
636,36,1.91,29,89.2,Mobile,New,Fashion,19,1
637,66,2.91,12,2.61,Mobile,Returning,Fashion,15,1
638,53,5.33,14,11.45,Mobile,New,Fashion,2,0
639,29,27.13,1,92.76,Mobile,New,Home Goods,4,0
640,58,4.89,14,19.1,Desktop,Returning,Fashion,1,1
641,36,103.33,14,155.92,Mobile,Returning,Electronics,8,1
642,29,17.76,8,4.83,Mobile,New,Home Goods,14,0
643,26,19.92,15,0.0,Unknown,New,Electronics,11,1
644,24,8.5,14,523.46,Mobile,Returning,Fashion,14,1
645,45,19.1,1,45.4,Mobile,Returning,Home Goods,16,0
646,31,32.53,16,97.11,Desktop,Returning,Electronics,10,1
647,48,41.73,18,16.14,Mobile,Returning,Fashion,7,1
648,69,42.06,7,75.3,Mobile,New,Electronics,16,1
649,36,25.87,15,103.6,Mobile,New,Home Goods,4,0
650,64,70.41,24,30.21,Mobile,New,Electronics,12,1
651,33,51.02,17,141.24,Desktop,New,Electronics,12,1
652,22,42.45,19,73.99,Mobile,Returning,Home Goods,2,1
653,52,1.72,23,39.43,Desktop,New,Electronics,6,0
654,29,19.92,13,0.0,Mobile,New,Fashion,15,1
655,42,7.16,9,68.79,Mobile,Returning,Fashion,15,1
656,69,19.92,15,0.0,Unknown,New,Electronics,16,1
657,38,15.89,24,41.23,Desktop,Returning,Fashion,3,0
658,53,15.45,15,0.0,Tablet,Returning,Home Goods,1,1
659,40,64.78,25,40.99,Desktop,New,Electronics,12,0
660,33,67.78,26,114.54,Tablet,Returning,Electronics,15,1
661,56,71.96,3,52.71,Mobile,New,Electronics,19,1
662,62,11.3,24,225.5,Mobile,Returning,Electronics,6,1
663,59,35.24,1,27.81,Mobile,Returning,Fashion,19,0
664,56,9.51,16,42.99,Mobile,Returning,Fashion,17,0
665,31,6.34,8,123.7,Mobile,Returning,Electronics,9,0
666,48,6.12,29,63.18,Mobile,Returning,Home Goods,13,1
667,22,12.56,23,63.35,Mobile,Returning,Electronics,15,0
668,52,16.86,13,4.39,Mobile,New,Fashion,16,0
669,40,53.33,8,40.68,Mobile,Returning,Fashion,13,1
670,46,3.83,17,25.26,Mobile,New,Home Goods,2,0
671,60,39.83,22,585.27,Tablet,Returning,Home Goods,2,1
672,28,22.74,23,29.49,Mobile,New,Fashion,11,1
673,35,10.19,14,172.68,Desktop,New,Electronics,16,1
674,64,20.37,27,90.22,Desktop,Returning,Electronics,17,1
675,29,10.7,21,33.35,Mobile,New,Electronics,3,0
676,26,27.2,21,62.74,Mobile,Returning,Home Goods,1,1
677,27,17.07,7,0.0,Mobile,New,Fashion,18,0
678,61,5.39,27,171.9,Desktop,Returning,Electronics,14,0
679,34,3.72,15,13.99,Mobile,Returning,Fashion,9,0
680,55,23.74,16,33.19,Mobile,Returning,Fashion,9,1
681,24,69.81,19,32.66,Mobile,New,Electronics,12,0
682,63,19.92,15,0.0,Tablet,New,Fashion,3,0
683,30,39.62,23,72.95,Mobile,Returning,Electronics,2,1
684,57,32.25,1,154.38,Desktop,New,Fashion,1,0
685,59,80.45,12,38.45,Mobile,New,Electronics,9,1
686,26,51.61,18,107.78,Tablet,Returning,Fashion,13,1
687,67,25.08,16,79.04,Desktop,Returning,Electronics,16,1
688,44,32.1,12,37.68,Mobile,New,Electronics,19,0
689,19,68.6,20,12.16,Tablet,New,Home Goods,10,1
690,22,15.3,13,98.84,Desktop,New,Home Goods,5,0
691,46,11.87,8,154.24,Mobile,Returning,Fashion,14,1
692,54,19.92,27,0.0,Mobile,New,Fashion,15,0
693,55,52.56,29,1.44,Desktop,Returning,Electronics,3,1
694,36,48.43,26,19.49,Desktop,New,Electronics,9,0
695,25,3.31,22,5.76,Desktop,New,Fashion,1,0
696,65,25.8,1,67.59,Desktop,Returning,Fashion,1,1
697,62,18.71,26,113.0,Desktop,New,Electronics,19,0
698,18,3.79,21,9.37,Mobile,Returning,Home Goods,6,1
699,39,118.23,7,145.78,Desktop,Returning,Home Goods,11,1
700,69,7.25,15,64.87,Mobile,New,Fashion,18,0
701,34,2.09,29,93.69,Tablet,Returning,Fashion,14,0
702,24,27.1,22,284.35,Desktop,New,Fashion,16,1
703,42,40.28,13,6.99,Desktop,New,Electronics,1,0
704,62,0.99,13,185.19,Mobile,New,Home Goods,10,1
705,21,32.25,28,10.78,Mobile,Returning,Home Goods,10,0
706,53,19.92,15,0.0,Unknown,New,Electronics,13,0
707,23,3.27,24,152.54,Desktop,Returning,Fashion,1,1
708,48,5.68,15,189.37,Desktop,Returning,Fashion,3,1
709,36,25.18,4,56.48,Mobile,New,Home Goods,14,1
710,61,10.54,13,72.13,Desktop,Returning,Fashion,16,1
711,56,83.57,27,98.52,Desktop,Returning,Fashion,6,1
712,44,19.92,15,0.0,Unknown,New,Electronics,1,0
713,27,123.25,5,10.36,Mobile,Returning,Electronics,5,0
714,43,9.02,7,132.89,Desktop,Returning,Home Goods,8,0
715,36,104.92,8,52.51,Desktop,New,Fashion,12,1
716,56,16.93,5,47.92,Desktop,Returning,Electronics,1,0
717,20,12.81,9,44.12,Desktop,Returning,Electronics,13,0
718,62,1.55,14,56.94,Tablet,Returning,Home Goods,9,1
719,30,1.63,26,232.11,Mobile,Returning,Home Goods,8,1
720,67,35.33,12,63.56,Mobile,Returning,Home Goods,13,1
721,45,18.37,4,244.91,Mobile,Returning,Fashion,2,0
722,37,7.71,20,15.9,Mobile,Returning,Home Goods,15,0
723,45,28.56,29,103.03,Mobile,New,Electronics,14,0
724,25,8.75,8,133.81,Mobile,Returning,Fashion,19,0
725,58,25.86,17,90.94,Tablet,New,Fashion,9,1
726,56,13.35,8,74.7,Tablet,Returning,Electronics,19,1
727,18,52.04,21,66.56,Mobile,New,Fashion,14,1
728,20,51.56,29,157.82,Desktop,New,Home Goods,8,1
729,30,19.47,27,137.92,Desktop,New,Electronics,5,1
730,45,12.96,1,10.44,Desktop,Returning,Fashion,7,1
731,66,13.51,20,151.02,Desktop,New,Electronics,4,0
732,42,49.15,2,0.0,Mobile,Returning,Fashion,8,1
733,50,11.93,4,23.41,Desktop,New,Electronics,4,1
734,55,19.92,24,0.0,Desktop,Returning,Electronics,1,1
735,23,2.65,21,45.25,Desktop,New,Home Goods,8,1
736,61,18.86,1,132.17,Tablet,New,Electronics,7,1
737,62,19.74,7,24.46,Tablet,Returning,Home Goods,11,0
738,49,55.15,1,0.31,Desktop,Returning,Home Goods,16,1
739,62,7.5,9,54.73,Desktop,New,Electronics,17,1
740,64,14.39,3,8.45,Tablet,Returning,Electronics,5,0
741,38,49.57,12,112.32,Mobile,Returning,Electronics,7,1
742,33,52.05,19,25.85,Mobile,New,Fashion,10,1
743,38,19.92,15,0.0,Unknown,New,Home Goods,13,1
744,28,18.44,22,7.28,Tablet,Returning,Home Goods,15,0
745,54,10.84,16,27.02,Desktop,New,Fashion,6,0
746,53,80.89,10,121.67,Mobile,Returning,Home Goods,2,1
747,52,3.79,22,13.15,Tablet,Returning,Fashion,4,1
748,36,81.43,29,83.34,Desktop,Returning,Home Goods,14,0
749,37,34.55,27,199.52,Tablet,Returning,Fashion,15,1
750,35,22.75,27,91.11,Mobile,Returning,Home Goods,14,1
751,64,1.0,6,133.29,Desktop,New,Electronics,4,1
752,58,19.36,29,9.23,Desktop,Returning,Electronics,6,0
753,66,15.71,17,23.09,Desktop,Returning,Fashion,7,0
754,31,5.27,21,179.95,Desktop,New,Fashion,13,1
755,32,32.05,28,100.45,Desktop,Returning,Fashion,17,1
756,48,106.37,22,81.63,Mobile,New,Home Goods,17,0
757,18,24.78,24,87.2,Desktop,New,Fashion,4,0
758,20,37.63,29,42.78,Mobile,Returning,Electronics,19,0
759,33,2.13,17,3.65,Mobile,Returning,Home Goods,13,0
760,40,16.22,21,122.76,Mobile,Returning,Home Goods,9,1
761,28,3.71,19,90.83,Mobile,New,Fashion,2,0
762,29,28.46,18,51.21,Mobile,Returning,Home Goods,18,1
763,27,83.65,11,184.01,Desktop,New,Fashion,17,1
764,49,19.92,15,0.0,Unknown,New,Electronics,7,0
765,33,19.92,7,0.0,Mobile,Returning,Electronics,17,1
766,25,13.14,10,164.96,Desktop,Returning,Fashion,10,0
767,55,24.0,7,127.56,Mobile,Returning,Fashion,14,1
768,29,15.49,5,57.89,Mobile,Returning,Electronics,12,1
769,41,53.81,12,11.21,Desktop,Returning,Electronics,12,0
770,45,50.57,16,19.37,Desktop,Returning,Home Goods,17,0
771,25,28.39,29,85.42,Desktop,Returning,Fashion,19,1
772,45,14.03,25,38.9,Mobile,Returning,Home Goods,14,0
773,53,8.84,21,144.86,Desktop,Returning,Electronics,17,1
774,43,3.36,18,239.59,Desktop,Returning,Home Goods,15,1
775,25,13.15,3,131.04,Tablet,New,Electronics,6,0
776,67,15.99,20,37.93,Mobile,New,Home Goods,19,1
777,45,33.79,15,124.35,Desktop,Returning,Fashion,6,1
778,45,32.2,5,34.64,Desktop,Returning,Electronics,6,1
779,54,2.18,13,14.63,Tablet,Returning,Fashion,4,1
780,58,15.09,19,2.72,Mobile,New,Fashion,1,1
781,53,6.02,12,38.98,Desktop,New,Electronics,19,0
782,44,5.12,23,187.11,Mobile,Returning,Electronics,11,1
783,34,52.69,21,21.85,Desktop,Returning,Fashion,7,1
784,26,1.28,5,18.51,Mobile,New,Electronics,2,0
785,50,16.3,6,280.05,Mobile,Returning,Electronics,4,1
786,37,5.53,7,2.03,Desktop,Returning,Fashion,6,0
787,30,63.44,26,123.26,Mobile,New,Electronics,5,1
788,45,24.43,10,31.01,Mobile,New,Electronics,9,1
789,65,7.89,16,3.06,Mobile,New,Fashion,11,1
790,46,20.94,8,199.89,Mobile,New,Home Goods,18,1
791,30,39.45,9,12.03,Tablet,Returning,Electronics,17,0
792,63,95.19,27,64.2,Desktop,New,Home Goods,13,1
793,52,7.47,4,25.62,Desktop,New,Fashion,17,0
794,23,65.19,21,5.39,Mobile,Returning,Home Goods,10,1
795,35,19.92,15,0.0,Unknown,New,Fashion,18,0
796,68,74.46,8,9.82,Mobile,Returning,Electronics,17,0
797,22,30.27,25,5.92,Desktop,New,Fashion,12,0
798,64,29.81,7,114.36,Mobile,Returning,Home Goods,15,0
799,42,15.49,15,53.18,Desktop,Returning,Electronics,19,1
800,19,41.88,21,33.59,Desktop,Returning,Fashion,15,0
801,27,22.73,3,43.35,Mobile,Returning,Fashion,13,0
802,47,33.94,17,211.55,Mobile,Returning,Fashion,7,1
803,67,16.78,11,193.31,Desktop,Returning,Fashion,11,1
804,62,39.45,9,100.61,Mobile,Returning,Electronics,8,1
805,22,52.2,5,172.81,Mobile,New,Electronics,16,0
806,50,4.75,25,30.81,Mobile,New,Home Goods,11,1
807,18,53.68,10,38.39,Desktop,New,Home Goods,5,1
808,35,23.32,15,76.09,Desktop,New,Electronics,7,1
809,49,55.87,28,78.17,Mobile,New,Fashion,16,1
810,64,16.93,29,52.58,Mobile,Returning,Fashion,16,0
811,66,14.29,14,40.95,Desktop,New,Electronics,17,0
812,28,73.97,4,342.53,Desktop,Returning,Electronics,19,1
813,38,8.68,21,137.68,Mobile,Returning,Electronics,15,1
814,43,55.78,20,45.67,Desktop,New,Home Goods,15,1
815,42,19.85,2,103.95,Mobile,Returning,Home Goods,15,0
816,39,21.65,12,25.13,Mobile,New,Fashion,3,1
817,44,11.07,1,8.44,Tablet,Returning,Fashion,12,1
818,66,25.53,24,34.76,Tablet,Returning,Home Goods,6,1
819,30,11.8,20,41.26,Mobile,New,Home Goods,5,0
820,50,1.2,5,1.33,Mobile,Returning,Fashion,11,0
821,51,9.52,6,134.9,Mobile,Returning,Electronics,12,0
822,58,0.19,24,35.6,Mobile,New,Electronics,7,0
823,52,114.99,11,69.48,Mobile,Returning,Electronics,9,1
824,18,101.22,8,6.15,Mobile,Returning,Fashion,18,1
825,38,15.08,7,15.39,Tablet,New,Home Goods,14,0
826,65,39.1,4,176.36,Tablet,Returning,Electronics,4,1
827,23,12.73,6,75.06,Desktop,New,Fashion,8,0
828,45,33.36,16,240.11,Desktop,Returning,Electronics,16,1
829,34,49.11,20,534.77,Mobile,New,Electronics,4,1
830,22,19.92,15,0.0,Mobile,Returning,Home Goods,19,1
831,48,15.34,14,28.4,Mobile,Returning,Fashion,6,1
832,22,45.88,23,156.36,Desktop,New,Home Goods,19,1
833,55,9.27,12,526.36,Mobile,New,Fashion,15,1
834,20,139.17,29,79.46,Tablet,New,Electronics,12,1
835,40,0.78,12,126.83,Desktop,Returning,Electronics,12,1
836,54,27.75,16,121.77,Mobile,New,Electronics,2,1
837,54,32.32,15,35.12,Mobile,Returning,Electronics,9,1
838,27,34.95,29,68.32,Desktop,Returning,Home Goods,3,1
839,27,19.92,15,0.0,Unknown,New,Electronics,1,0
840,36,83.68,11,93.21,Desktop,New,Electronics,14,1
841,34,6.0,17,1.71,Mobile,New,Fashion,13,1
842,38,19.92,15,0.0,Desktop,Returning,Fashion,5,1
843,31,7.56,15,12.48,Mobile,Returning,Fashion,7,0
844,26,11.01,14,21.22,Tablet,Returning,Home Goods,14,0
845,63,23.72,10,188.72,Desktop,Returning,Home Goods,16,1
846,18,16.2,12,3.01,Desktop,New,Home Goods,18,0
847,68,5.24,16,19.86,Mobile,Returning,Fashion,14,0
848,62,5.62,15,29.64,Desktop,New,Electronics,1,0
849,30,16.25,10,76.75,Mobile,Returning,Fashion,6,1
850,21,42.48,4,61.1,Mobile,Returning,Home Goods,10,0
851,18,68.47,27,19.7,Mobile,New,Fashion,6,0
852,66,2.64,23,14.35,Tablet,Returning,Fashion,2,0
853,57,14.98,29,21.62,Desktop,Returning,Electronics,7,0
854,49,3.17,9,55.86,Mobile,Returning,Fashion,17,0
855,51,0.5,21,25.31,Tablet,New,Electronics,14,0
856,45,32.52,20,235.91,Mobile,New,Electronics,7,1
857,48,27.67,9,49.87,Mobile,New,Electronics,9,0
858,25,5.34,21,4.85,Mobile,New,Home Goods,19,0
859,56,7.99,25,104.53,Desktop,Returning,Fashion,11,1
860,43,0.72,24,31.9,Desktop,Returning,Electronics,3,1
861,51,54.04,20,84.79,Mobile,New,Home Goods,4,1
862,20,110.3,11,26.24,Desktop,Returning,Electronics,5,0
863,67,4.37,11,67.66,Mobile,Returning,Fashion,4,0
864,29,7.9,7,118.33,Desktop,New,Home Goods,13,1
865,18,60.84,21,210.5,Mobile,New,Fashion,9,1
866,61,78.3,10,24.21,Desktop,New,Fashion,14,0
867,22,16.32,4,32.62,Desktop,Returning,Fashion,16,1
868,47,1.56,5,49.93,Desktop,Returning,Fashion,6,1
869,47,1.21,5,209.58,Mobile,Returning,Fashion,10,0
870,34,25.6,11,185.32,Desktop,New,Fashion,13,0
871,65,14.97,9,7.53,Mobile,Returning,Electronics,3,0
872,64,0.87,28,11.32,Tablet,New,Fashion,11,0
873,40,26.26,16,54.74,Mobile,Returning,Fashion,3,1
874,32,0.34,9,9.02,Mobile,Returning,Electronics,7,1
875,54,46.45,22,33.92,Desktop,New,Fashion,10,0
876,38,10.98,4,12.85,Desktop,Returning,Fashion,1,0
877,31,1.23,2,80.86,Mobile,Returning,Electronics,4,0
878,19,26.63,14,0.0,Tablet,Returning,Fashion,8,1
879,28,15.21,3,457.93,Tablet,New,Fashion,17,0
880,68,109.26,18,37.63,Desktop,Returning,Electronics,5,1
881,56,23.57,21,73.11,Mobile,Returning,Electronics,17,1
882,55,9.66,6,155.18,Desktop,Returning,Electronics,9,1
883,51,37.08,11,10.0,Mobile,New,Home Goods,8,1
884,55,9.5,21,93.58,Mobile,Returning,Electronics,7,0
885,67,70.38,18,42.05,Tablet,New,Electronics,5,1
886,51,14.09,12,18.47,Tablet,Returning,Fashion,4,0
887,35,23.95,5,41.23,Tablet,New,Home Goods,3,0
888,47,1.56,9,6.32,Mobile,New,Fashion,8,0
889,32,16.66,20,95.1,Mobile,Returning,Electronics,5,1
890,44,53.58,28,23.31,Mobile,Returning,Electronics,5,0
891,68,49.14,26,29.85,Mobile,Returning,Electronics,17,1
892,51,7.62,18,10.33,Mobile,Returning,Home Goods,15,1
893,69,7.69,19,160.0,Mobile,New,Home Goods,8,1
894,55,51.0,3,54.41,Desktop,New,Fashion,7,1
895,50,79.95,9,67.92,Desktop,Returning,Fashion,17,1
896,41,3.01,4,67.41,Desktop,New,Home Goods,12,0
897,32,17.94,17,42.28,Desktop,Returning,Electronics,4,1
898,47,12.35,17,17.11,Mobile,Returning,Electronics,18,0
899,59,61.37,23,109.36,Mobile,Returning,Electronics,4,1
900,68,2.62,23,10.87,Desktop,Returning,Electronics,10,1
901,34,7.11,2,8.77,Desktop,New,Home Goods,3,0
902,22,41.89,9,99.07,Desktop,Returning,Electronics,5,1
903,46,1.58,9,18.74,Mobile,Returning,Electronics,12,0
904,21,20.35,5,29.31,Mobile,Returning,Electronics,5,0
905,27,17.51,15,51.58,Desktop,Returning,Home Goods,5,1
906,34,12.21,15,47.73,Tablet,Returning,Electronics,4,0
907,27,15.05,3,98.64,Tablet,Returning,Electronics,6,0
908,34,22.65,19,78.13,Desktop,New,Home Goods,10,1
909,37,5.28,28,82.72,Desktop,Returning,Electronics,6,0
910,41,25.46,3,100.16,Desktop,New,Fashion,1,0
911,22,49.11,6,27.69,Desktop,New,Electronics,16,0
912,51,19.92,4,0.0,Desktop,New,Electronics,11,1
913,23,5.01,24,46.1,Tablet,New,Fashion,6,0
914,19,4.85,13,29.39,Desktop,New,Electronics,18,0
915,30,9.37,27,335.65,Tablet,Returning,Electronics,6,1
916,60,19.92,15,0.0,Unknown,New,Electronics,17,0
917,60,15.75,27,14.39,Desktop,Returning,Home Goods,12,0
918,65,34.15,11,0.45,Desktop,New,Electronics,17,0
919,28,1.75,5,3.5,Mobile,Returning,Home Goods,18,0
920,68,1.06,1,22.38,Desktop,New,Fashion,10,0
921,64,14.92,9,9.71,Mobile,New,Fashion,12,0
922,40,35.84,17,60.97,Desktop,New,Electronics,4,1
923,33,6.45,22,156.15,Desktop,Returning,Electronics,10,0
924,48,30.78,1,106.77,Mobile,Returning,Fashion,5,1
925,28,9.03,3,19.43,Mobile,New,Fashion,4,0
926,33,65.17,15,40.77,Desktop,New,Electronics,16,1
927,25,19.92,15,0.0,Unknown,New,Fashion,5,1
928,21,10.58,21,132.95,Mobile,Returning,Electronics,19,0
929,57,7.84,26,146.17,Tablet,Returning,Home Goods,6,1
930,21,15.9,23,192.39,Desktop,New,Home Goods,7,0
931,42,8.25,10,56.94,Desktop,New,Fashion,10,1
932,20,19.92,15,0.0,Unknown,New,Electronics,7,0
933,49,52.47,12,9.48,Tablet,New,Electronics,14,1
934,20,33.54,25,66.65,Mobile,Returning,Home Goods,10,1
935,44,52.18,22,22.88,Desktop,New,Home Goods,11,1
936,46,15.17,15,45.21,Desktop,Returning,Fashion,14,0
937,49,5.1,27,80.42,Mobile,Returning,Fashion,12,1
938,67,40.18,9,23.76,Desktop,Returning,Fashion,4,1
939,68,13.41,24,4.29,Mobile,Returning,Fashion,13,0
940,36,33.38,25,0.82,Desktop,Returning,Electronics,3,1
941,38,9.47,10,1.79,Desktop,Returning,Electronics,13,0
942,22,2.54,20,0.67,Tablet,New,Fashion,19,0
943,35,147.11,9,9.35,Tablet,Returning,Electronics,15,1
944,45,5.1,15,21.9,Desktop,Returning,Home Goods,19,0
945,59,133.76,23,20.0,Desktop,Returning,Electronics,4,0
946,39,113.54,21,346.18,Desktop,New,Fashion,6,1
947,38,47.37,21,29.22,Mobile,Returning,Electronics,15,0
948,23,32.31,1,10.9,Desktop,Returning,Electronics,4,1
949,18,25.87,2,63.1,Tablet,Returning,Home Goods,6,1
950,22,60.32,26,156.13,Mobile,New,Fashion,2,1
951,58,10.25,19,90.67,Mobile,New,Electronics,4,1
952,29,18.92,14,28.09,Mobile,New,Electronics,18,0
953,43,28.98,8,65.97,Mobile,Returning,Electronics,15,1
954,63,15.89,6,100.38,Mobile,Returning,Electronics,12,0
955,51,16.73,12,104.19,Mobile,Returning,Fashion,8,0
956,66,12.03,26,87.86,Mobile,Returning,Electronics,12,1
957,31,24.92,27,163.72,Desktop,Returning,Fashion,9,1
958,43,57.03,29,163.28,Mobile,Returning,Fashion,7,1
959,62,6.75,15,69.2,Desktop,Returning,Electronics,8,0
960,44,81.74,14,44.95,Tablet,Returning,Fashion,10,0
961,26,35.05,21,82.08,Tablet,Returning,Fashion,11,1
962,43,51.99,29,136.39,Desktop,Returning,Electronics,2,1
963,64,24.37,1,0.45,Mobile,New,Electronics,4,0
964,39,45.36,28,386.24,Tablet,New,Fashion,9,1
965,64,19.92,15,0.0,Unknown,New,Electronics,8,0
966,47,51.18,28,50.83,Mobile,Returning,Fashion,5,1
967,60,1.23,25,164.48,Mobile,Returning,Fashion,14,1
968,65,66.19,3,20.4,Mobile,New,Electronics,2,0
969,34,144.71,19,51.82,Mobile,Returning,Fashion,17,1
970,43,19.92,18,0.0,Mobile,Returning,Home Goods,8,1
971,53,7.08,20,40.21,Tablet,Returning,Fashion,2,1
972,18,43.49,28,15.6,Desktop,Returning,Home Goods,15,0
973,25,8.75,2,36.16,Desktop,Returning,Home Goods,2,0
974,66,60.2,29,37.4,Desktop,Returning,Home Goods,11,1
975,52,3.26,25,398.92,Desktop,Returning,Electronics,14,1
976,69,4.04,28,420.93,Tablet,New,Home Goods,10,0
977,32,116.11,26,9.75,Tablet,New,Home Goods,7,0
978,64,33.61,7,103.56,Mobile,New,Fashion,14,1
979,39,56.3,8,4.25,Tablet,New,Electronics,13,0
980,31,11.76,19,2.45,Desktop,New,Fashion,2,1
981,43,33.86,22,8.9,Mobile,New,Electronics,10,1
982,45,27.06,15,269.31,Desktop,New,Electronics,1,0
983,40,27.73,10,226.23,Desktop,New,Fashion,1,0
984,31,34.42,22,17.25,Tablet,New,Home Goods,3,0
985,41,25.7,29,14.11,Mobile,New,Fashion,11,1
986,19,16.81,1,22.01,Desktop,Returning,Home Goods,19,1
987,62,9.69,6,57.98,Mobile,Returning,Fashion,9,1
988,43,43.91,13,67.46,Mobile,New,Electronics,13,1
989,31,7.7,14,20.04,Mobile,Returning,Fashion,4,1
990,68,35.36,3,113.05,Desktop,Returning,Fashion,6,1
991,24,7.97,11,29.63,Desktop,Returning,Electronics,2,0
992,20,29.45,3,204.22,Mobile,New,Fashion,9,1
993,64,41.24,19,85.54,Desktop,Returning,Electronics,18,0
994,40,7.4,10,45.87,Mobile,New,Home Goods,4,0
995,63,1.85,27,124.82,Mobile,New,Fashion,1,0
996,60,4.21,15,136.26,Desktop,New,Home Goods,1,1
997,64,27.94,11,27.45,Mobile,New,Fashion,17,1
998,62,56.8,15,33.21,Desktop,Returning,Fashion,19,1
999,35,1.38,26,219.85,Mobile,Returning,Fashion,3,1
1000,55,19.92,27,0.0,Mobile,Returning,Home Goods,17,0
1001,52,12.53,24,3.45,Desktop,New,Fashion,3,0
1002,68,19.92,15,0.0,Unknown,New,Home Goods,4,0
1003,32,79.29,5,129.24,Mobile,New,Home Goods,13,1
1004,42,12.1,4,118.16,Desktop,New,Fashion,15,0
1005,54,18.78,13,201.59,Desktop,Returning,Electronics,12,1
1006,45,0.41,9,60.95,Desktop,Returning,Home Goods,3,1
1007,27,2.55,25,8.43,Mobile,Returning,Fashion,8,0
1008,56,8.98,17,71.07,Desktop,Returning,Fashion,1,1
1009,34,0.85,2,120.55,Desktop,Returning,Electronics,18,0
1010,56,29.94,24,7.84,Mobile,New,Home Goods,13,1
1011,39,16.67,5,15.16,Tablet,Returning,Home Goods,7,1
1012,43,23.83,16,0.99,Tablet,Returning,Fashion,13,1
1013,61,5.76,7,72.04,Tablet,Returning,Fashion,17,1
1014,42,10.53,1,174.24,Desktop,Returning,Home Goods,13,0
1015,34,32.7,28,88.85,Desktop,New,Fashion,13,0
1016,30,100.83,26,321.57,Desktop,Returning,Electronics,11,0
1017,37,1.55,12,5.21,Desktop,Returning,Fashion,14,1
1018,42,66.32,21,186.64,Desktop,Returning,Home Goods,10,1
1019,21,25.8,11,134.59,Desktop,Returning,Home Goods,8,0
1020,27,24.9,12,30.18,Mobile,New,Fashion,6,0
1021,20,19.92,19,0.0,Mobile,Returning,Fashion,19,1
1022,58,2.16,26,27.17,Tablet,New,Electronics,19,0
1023,62,2.83,12,176.08,Mobile,New,Fashion,12,1
1024,35,27.56,12,170.12,Desktop,Returning,Electronics,7,0
1025,64,12.51,14,113.39,Tablet,New,Electronics,18,1
1026,53,74.76,2,66.31,Desktop,Returning,Fashion,18,0
1027,64,15.66,2,10.23,Tablet,Returning,Fashion,3,1
1028,39,4.64,25,60.74,Desktop,New,Home Goods,9,1
1029,51,37.63,29,35.3,Mobile,Returning,Electronics,6,1
1030,64,10.42,4,125.7,Desktop,Returning,Fashion,1,1
1031,25,22.36,20,113.55,Mobile,New,Electronics,10,1
1032,57,35.9,23,193.18,Mobile,Returning,Home Goods,8,1
1033,66,69.16,26,1.2,Mobile,Returning,Electronics,17,1
1034,61,47.13,16,132.48,Mobile,Returning,Fashion,3,1
1035,36,33.84,10,223.05,Mobile,Returning,Fashion,3,1
1036,59,34.15,13,124.59,Mobile,Returning,Home Goods,3,1
1037,58,87.52,2,11.16,Desktop,Returning,Home Goods,7,0
1038,54,10.52,3,6.78,Desktop,Returning,Electronics,11,1
1039,23,0.03,19,1.69,Mobile,New,Fashion,18,0
1040,69,9.52,6,79.27,Mobile,Returning,Electronics,5,0
1041,43,7.37,19,79.47,Desktop,New,Home Goods,2,0
1042,51,32.53,27,346.9,Desktop,Returning,Fashion,14,1
1043,62,30.13,21,40.61,Tablet,Returning,Fashion,1,1
1044,23,27.0,20,32.27,Mobile,Returning,Electronics,4,0
1045,54,0.49,19,78.34,Tablet,New,Home Goods,14,1
1046,50,39.14,8,139.72,Desktop,Returning,Fashion,15,0
1047,39,11.73,14,220.88,Desktop,New,Electronics,17,1
1048,38,32.81,10,130.01,Mobile,Returning,Electronics,3,1
1049,23,24.4,3,44.5,Mobile,Returning,Electronics,4,0
1050,23,12.59,6,80.61,Mobile,Returning,Electronics,18,0
1051,65,4.34,29,155.2,Mobile,New,Electronics,1,1
1052,21,2.98,15,53.96,Desktop,Returning,Fashion,5,1
1053,47,19.92,15,0.0,Desktop,Returning,Fashion,18,0
1054,28,75.18,23,14.88,Desktop,Returning,Electronics,13,1
1055,47,31.48,18,0.01,Desktop,Returning,Fashion,14,1
1056,48,19.92,15,0.0,Unknown,New,Electronics,3,1
1057,41,15.43,19,9.42,Mobile,Returning,Electronics,6,0
1058,26,19.92,15,0.0,Unknown,New,Fashion,11,0
1059,20,45.4,26,28.29,Desktop,Returning,Electronics,9,0
1060,68,3.77,10,65.75,Mobile,Returning,Electronics,19,1
1061,48,0.0,15,40.59,Mobile,New,Fashion,7,1
1062,57,37.36,4,89.83,Desktop,Returning,Electronics,10,1
1063,54,13.23,23,4.58,Desktop,New,Home Goods,7,1
1064,53,8.81,2,10.59,Mobile,Returning,Electronics,5,0
1065,41,0.39,3,55.33,Desktop,Returning,Electronics,4,0
1066,48,23.32,7,32.87,Desktop,Returning,Fashion,17,1
1067,23,57.14,23,28.06,Desktop,Returning,Fashion,5,0
1068,19,94.84,16,5.55,Mobile,New,Fashion,17,0
1069,37,25.02,10,180.85,Mobile,New,Home Goods,17,0
1070,45,21.67,19,94.17,Tablet,New,Fashion,17,1
1071,28,2.67,28,10.37,Tablet,New,Fashion,1,0
1072,21,23.88,17,5.38,Mobile,Returning,Electronics,2,1
1073,32,14.34,28,294.7,Mobile,New,Fashion,19,0
1074,23,19.92,15,0.0,Unknown,New,Fashion,9,0
1075,66,14.77,5,43.23,Mobile,Returning,Electronics,15,0
1076,47,8.24,23,96.78,Desktop,Returning,Fashion,19,1
1077,55,2.99,20,112.96,Tablet,Returning,Electronics,5,1
1078,68,11.35,13,121.12,Mobile,New,Fashion,13,0
1079,19,3.05,13,51.99,Mobile,New,Fashion,4,0
1080,32,5.84,11,44.95,Tablet,New,Home Goods,13,0
1081,28,131.07,11,0.89,Mobile,Returning,Home Goods,6,1
1082,25,17.62,16,208.9,Tablet,Returning,Home Goods,12,1
1083,43,22.77,15,73.97,Desktop,New,Home Goods,9,1
1084,68,62.05,17,18.17,Tablet,Returning,Electronics,15,0
1085,62,19.92,15,0.0,Unknown,New,Electronics,15,0
1086,61,26.22,18,197.14,Mobile,Returning,Electronics,17,1
1087,22,50.22,28,362.14,Mobile,Returning,Home Goods,5,1
1088,23,11.88,19,165.75,Mobile,Returning,Electronics,5,1
1089,43,10.95,4,488.98,Mobile,Returning,Fashion,5,1
1090,21,15.46,22,22.45,Tablet,Returning,Home Goods,14,1
1091,36,19.92,15,0.0,Unknown,New,Home Goods,2,1
1092,37,34.39,23,138.54,Desktop,New,Home Goods,9,1
1093,50,11.36,5,21.01,Mobile,Returning,Fashion,14,0
1094,37,4.29,7,8.29,Desktop,Returning,Fashion,15,0
1095,66,30.02,2,310.68,Desktop,New,Fashion,4,1
1096,29,4.12,1,28.08,Mobile,Returning,Electronics,6,0
1097,64,19.92,15,0.0,Tablet,New,Fashion,14,1
1098,18,35.47,10,0.33,Mobile,New,Fashion,5,0
1099,43,36.18,8,1.7,Mobile,Returning,Fashion,11,0
1100,31,42.01,1,50.17,Mobile,Returning,Fashion,14,1
1101,55,61.87,12,21.82,Desktop,New,Electronics,7,1
1102,54,20.79,2,93.65,Desktop,Returning,Home Goods,14,1
1103,28,39.31,27,66.7,Mobile,Returning,Fashion,13,1
1104,53,19.92,15,0.0,Unknown,New,Electronics,18,1
1105,30,6.2,10,14.2,Mobile,Returning,Fashion,2,0
1106,60,0.78,22,39.29,Mobile,Returning,Fashion,9,0
1107,20,10.04,17,16.42,Mobile,New,Electronics,11,0
1108,50,17.56,26,125.7,Mobile,Returning,Electronics,11,1
1109,23,28.8,3,43.04,Mobile,New,Home Goods,6,1
1110,67,56.91,7,7.85,Tablet,Returning,Electronics,1,1
1111,27,6.55,12,52.99,Desktop,Returning,Home Goods,5,0
1112,22,4.02,8,7.62,Desktop,New,Fashion,14,1
1113,40,99.3,20,11.04,Mobile,Returning,Fashion,16,0
1114,27,3.43,12,21.91,Mobile,Returning,Fashion,9,0
1115,61,19.53,3,157.02,Mobile,New,Home Goods,19,1
1116,19,26.43,17,206.81,Mobile,Returning,Fashion,8,1
1117,30,23.39,28,140.01,Mobile,New,Fashion,8,1
1118,57,19.92,15,0.0,Unknown,New,Electronics,16,0
1119,19,1.76,10,25.45,Tablet,Returning,Fashion,18,0
1120,37,3.34,22,63.73,Mobile,Returning,Fashion,8,1
1121,18,26.43,6,102.37,Mobile,Returning,Fashion,9,0
1122,54,23.58,25,401.33,Tablet,Returning,Fashion,5,1
1123,26,7.99,1,11.29,Mobile,Returning,Electronics,2,0
1124,34,30.46,22,4.04,Desktop,Returning,Electronics,14,1
1125,26,51.46,12,94.83,Tablet,Returning,Fashion,18,0
1126,28,1.27,5,142.81,Tablet,Returning,Fashion,13,1
1127,32,20.68,13,149.85,Mobile,New,Home Goods,12,1
1128,41,35.07,27,90.77,Mobile,Returning,Electronics,15,1
1129,55,19.92,15,0.0,Mobile,Returning,Electronics,15,0
1130,52,11.04,22,57.23,Tablet,Returning,Electronics,1,1
1131,47,28.53,11,196.1,Tablet,Returning,Fashion,7,1
1132,48,68.46,8,274.89,Desktop,New,Home Goods,13,0
1133,66,49.81,5,150.27,Desktop,Returning,Electronics,18,0
1134,22,26.25,2,29.66,Desktop,New,Fashion,1,0
1135,61,39.3,12,17.47,Desktop,Returning,Electronics,11,0
1136,67,13.62,28,63.55,Desktop,Returning,Fashion,13,0
1137,31,30.73,2,48.27,Desktop,Returning,Fashion,9,1
1138,28,18.83,26,168.14,Desktop,Returning,Home Goods,16,1
1139,26,6.32,16,8.43,Mobile,Returning,Home Goods,11,0
1140,51,36.29,21,23.84,Desktop,Returning,Fashion,3,0
1141,29,24.39,3,111.48,Mobile,Returning,Fashion,17,0
1142,52,13.32,10,7.98,Mobile,New,Home Goods,2,0
1143,52,72.69,19,30.94,Desktop,Returning,Fashion,9,1
1144,18,0.63,8,39.17,Desktop,Returning,Electronics,9,0
1145,57,19.92,15,0.0,Unknown,New,Electronics,16,0
1146,39,1.76,1,13.77,Mobile,Returning,Electronics,1,0
1147,46,43.64,12,157.64,Desktop,Returning,Electronics,17,1
1148,25,36.33,29,47.47,Mobile,New,Electronics,10,1
1149,28,12.07,28,199.13,Tablet,New,Home Goods,5,0
1150,58,33.78,5,50.47,Mobile,Returning,Fashion,8,0
1151,54,15.12,16,25.73,Desktop,New,Home Goods,13,0
1152,31,42.35,25,12.24,Desktop,New,Fashion,5,1
1153,47,18.16,4,0.3,Mobile,Returning,Fashion,4,0
1154,52,15.95,17,60.77,Tablet,Returning,Fashion,8,1
1155,38,81.88,24,9.07,Tablet,Returning,Electronics,7,1
1156,54,8.67,21,39.77,Mobile,New,Fashion,5,0
1157,22,3.85,2,71.19,Mobile,Returning,Home Goods,10,0
1158,36,26.35,12,25.8,Mobile,Returning,Electronics,17,0
1159,31,104.53,1,15.41,Mobile,New,Fashion,6,0
1160,43,14.24,12,119.23,Tablet,Returning,Electronics,10,0
1161,21,1.92,12,234.68,Tablet,Returning,Home Goods,16,1
1162,42,12.43,12,8.47,Mobile,Returning,Electronics,10,0
1163,62,21.15,19,13.53,Mobile,New,Fashion,4,0
1164,59,5.3,25,257.54,Desktop,Returning,Home Goods,2,0
1165,42,32.2,17,3.08,Mobile,New,Electronics,1,0
1166,35,182.9,20,304.01,Mobile,New,Fashion,3,1
1167,57,18.03,24,0.37,Mobile,Returning,Fashion,13,0
1168,25,13.14,24,165.51,Desktop,Returning,Electronics,12,1
1169,56,15.36,26,29.38,Desktop,Returning,Home Goods,1,0
1170,57,3.67,28,223.21,Desktop,Returning,Fashion,10,1
1171,31,64.44,11,0.0,Mobile,New,Fashion,6,1
1172,49,16.08,13,84.98,Desktop,Returning,Home Goods,9,1
1173,68,14.7,27,6.67,Desktop,New,Fashion,1,0
1174,55,32.34,8,22.2,Tablet,Returning,Home Goods,12,1
1175,50,17.5,10,118.86,Mobile,Returning,Fashion,5,1
1176,40,31.34,8,60.18,Tablet,Returning,Electronics,1,1
1177,32,1.9,20,210.45,Tablet,Returning,Fashion,2,0
1178,50,50.42,8,44.79,Mobile,Returning,Home Goods,14,1
1179,42,84.66,9,163.1,Mobile,Returning,Electronics,2,1
1180,34,31.39,7,47.68,Tablet,Returning,Home Goods,5,1
1181,50,92.74,14,310.01,Desktop,Returning,Electronics,10,1
1182,64,4.93,28,257.18,Tablet,Returning,Fashion,6,1
1183,19,19.47,2,31.94,Desktop,Returning,Fashion,5,0
1184,31,27.62,25,173.67,Desktop,Returning,Electronics,2,1
1185,57,26.15,11,150.51,Mobile,New,Electronics,9,1
1186,57,15.4,8,18.93,Mobile,New,Home Goods,10,0
1187,68,12.38,13,78.32,Tablet,Returning,Fashion,8,1
1188,56,4.07,21,6.04,Mobile,Returning,Electronics,6,0
1189,68,14.91,15,144.98,Mobile,Returning,Home Goods,5,1
1190,23,5.33,28,15.35,Desktop,Returning,Fashion,18,0
1191,23,39.77,3,5.88,Desktop,New,Home Goods,18,0
1192,20,7.03,23,40.9,Mobile,Returning,Electronics,2,1
1193,24,1.81,14,68.82,Mobile,Returning,Electronics,12,1
1194,68,24.11,15,154.44,Mobile,Returning,Fashion,8,1
1195,25,27.13,2,292.72,Mobile,Returning,Fashion,4,0
1196,59,61.65,29,46.31,Desktop,New,Fashion,4,0
1197,69,25.81,19,4.99,Mobile,New,Home Goods,9,0
1198,32,12.72,12,110.62,Tablet,Returning,Home Goods,9,1
1199,64,48.74,25,66.62,Desktop,Returning,Fashion,12,1
1200,46,23.31,20,47.52,Desktop,Returning,Home Goods,14,1
1201,50,2.48,4,29.6,Mobile,Returning,Electronics,3,0
1202,69,25.03,3,55.84,Desktop,New,Home Goods,6,0
1203,47,71.59,5,33.08,Mobile,Returning,Fashion,15,0
1204,56,15.14,3,113.18,Mobile,Returning,Fashion,19,0
1205,44,10.54,25,62.8,Desktop,Returning,Electronics,4,1
1206,53,4.65,15,167.55,Mobile,Returning,Fashion,1,1
1207,46,4.93,19,62.74,Desktop,Returning,Electronics,9,1
1208,55,17.01,2,21.77,Mobile,Returning,Electronics,16,0
1209,50,27.17,12,152.35,Mobile,New,Fashion,9,1
1210,54,2.52,5,65.17,Tablet,New,Fashion,12,1
1211,44,84.19,22,0.0,Desktop,Returning,Home Goods,14,1
1212,50,42.21,17,78.15,Desktop,Returning,Fashion,15,1
1213,21,26.5,14,35.42,Desktop,Returning,Fashion,16,0
1214,39,52.88,28,148.84,Mobile,Returning,Electronics,8,1
1215,19,2.51,27,48.31,Desktop,Returning,Electronics,10,0
1216,27,19.44,22,103.7,Mobile,Returning,Electronics,14,1
1217,22,29.84,10,8.03,Desktop,New,Home Goods,17,0
1218,27,52.92,3,40.34,Desktop,New,Fashion,3,1
1219,50,45.9,4,327.11,Tablet,New,Fashion,4,0
1220,55,9.73,6,132.21,Desktop,Returning,Home Goods,16,1
1221,30,84.85,24,13.94,Mobile,New,Home Goods,14,0
1222,48,3.98,25,26.03,Desktop,Returning,Electronics,14,0
1223,64,62.42,22,32.02,Mobile,New,Fashion,16,1
1224,53,106.15,16,84.07,Mobile,Returning,Fashion,8,1
1225,62,5.85,7,113.17,Mobile,Returning,Fashion,18,1
1226,41,38.41,15,110.75,Desktop,Returning,Electronics,7,1
1227,69,1.23,21,57.05,Mobile,New,Fashion,3,1
1228,32,15.6,28,133.2,Mobile,New,Fashion,6,0
1229,46,21.79,25,45.97,Tablet,Returning,Electronics,16,1
1230,25,26.07,20,10.58,Desktop,Returning,Electronics,4,0
1231,22,82.44,26,66.49,Mobile,Returning,Electronics,19,1
1232,46,33.47,11,0.0,Mobile,Returning,Electronics,2,1
1233,64,19.69,22,126.0,Desktop,New,Electronics,4,0
1234,21,49.77,21,69.15,Tablet,New,Fashion,2,1
1235,29,90.19,1,83.26,Mobile,Returning,Electronics,7,1
1236,62,0.67,5,213.39,Desktop,Returning,Fashion,15,0
1237,19,121.4,13,44.74,Desktop,New,Fashion,17,1
1238,44,2.7,21,32.2,Desktop,Returning,Electronics,14,0
1239,48,50.52,14,302.63,Tablet,Returning,Electronics,11,1
1240,68,9.87,9,159.28,Desktop,Returning,Electronics,17,1
1241,68,4.25,17,31.21,Tablet,New,Electronics,5,1
1242,53,17.39,15,49.86,Mobile,New,Home Goods,14,0
1243,53,30.98,21,42.9,Desktop,Returning,Electronics,17,1
1244,43,14.39,7,12.92,Desktop,New,Electronics,2,0
1245,60,1.68,27,253.26,Mobile,New,Electronics,7,1
1246,44,27.45,22,41.44,Desktop,Returning,Fashion,4,1
1247,22,69.81,22,166.57,Mobile,New,Fashion,8,1
1248,37,14.5,12,16.79,Mobile,Returning,Electronics,1,1
1249,28,7.31,23,63.5,Mobile,Returning,Fashion,10,0
1250,27,17.53,6,1.94,Desktop,Returning,Electronics,1,0
1251,57,1.49,21,115.59,Tablet,New,Electronics,1,1
1252,55,51.53,16,69.57,Mobile,Returning,Home Goods,4,1
1253,23,52.52,26,78.59,Desktop,Returning,Home Goods,17,0
1254,25,26.6,5,4.25,Mobile,Returning,Fashion,5,0
1255,40,13.07,9,18.96,Tablet,New,Electronics,14,0
1256,64,19.92,14,0.0,Desktop,New,Fashion,6,1
1257,43,24.27,8,27.28,Desktop,Returning,Fashion,7,1
1258,63,52.45,14,78.99,Desktop,Returning,Home Goods,8,1
1259,60,29.95,12,66.81,Mobile,Returning,Fashion,18,1
1260,29,46.03,10,75.77,Desktop,Returning,Fashion,4,1
1261,43,27.38,20,63.75,Tablet,Returning,Home Goods,3,1
1262,30,16.04,20,0.0,Mobile,Returning,Home Goods,4,1
1263,57,95.06,26,22.43,Desktop,Returning,Home Goods,16,1
1264,35,23.37,21,11.79,Tablet,Returning,Home Goods,13,1
1265,42,27.87,13,151.28,Mobile,New,Electronics,11,1
1266,50,7.47,29,76.67,Tablet,Returning,Fashion,11,1
1267,64,29.48,19,16.51,Tablet,Returning,Electronics,5,1
1268,57,25.43,15,15.6,Desktop,Returning,Electronics,1,0
1269,60,6.13,8,165.11,Mobile,Returning,Fashion,14,1
1270,29,1.84,23,108.61,Mobile,Returning,Home Goods,19,0
1271,61,27.82,21,86.16,Mobile,New,Electronics,5,0
1272,53,43.28,10,41.79,Desktop,New,Fashion,6,1
1273,65,22.23,3,24.3,Desktop,Returning,Fashion,19,1
1274,21,7.72,21,310.79,Desktop,New,Fashion,12,0
1275,22,32.95,3,127.66,Mobile,Returning,Home Goods,14,1
1276,54,2.5,26,28.74,Mobile,New,Electronics,17,1
1277,25,17.49,5,150.48,Desktop,New,Electronics,7,1
1278,59,5.35,16,113.81,Desktop,New,Electronics,1,0
1279,66,6.12,17,28.2,Tablet,Returning,Electronics,17,0
1280,45,6.78,6,44.49,Desktop,Returning,Home Goods,6,0
1281,48,14.67,26,16.46,Desktop,New,Electronics,4,0
1282,26,1.58,20,9.42,Desktop,New,Home Goods,14,0
1283,68,15.21,20,102.63,Desktop,Returning,Home Goods,8,1
1284,46,21.51,16,24.9,Mobile,Returning,Home Goods,18,1
1285,31,19.81,24,137.21,Tablet,Returning,Electronics,13,1
1286,57,14.48,2,434.25,Desktop,Returning,Home Goods,8,0
1287,58,54.82,20,6.38,Mobile,Returning,Electronics,16,1
1288,39,4.71,15,51.25,Mobile,Returning,Home Goods,5,0
1289,28,21.14,18,129.58,Mobile,New,Home Goods,3,1
1290,40,1.92,1,124.45,Desktop,Returning,Home Goods,13,0
1291,18,2.21,26,114.17,Mobile,Returning,Home Goods,15,0
1292,63,25.59,29,34.34,Mobile,Returning,Electronics,4,1
1293,54,25.04,29,48.39,Desktop,New,Fashion,3,1
1294,38,63.12,19,72.3,Mobile,Returning,Fashion,2,1
1295,43,24.48,12,291.79,Desktop,Returning,Home Goods,4,0
1296,63,19.92,15,0.0,Unknown,New,Fashion,6,0
1297,53,1.5,6,205.27,Desktop,New,Electronics,4,1
1298,40,3.09,12,25.11,Mobile,New,Electronics,17,0
1299,18,1.35,7,361.33,Mobile,Returning,Electronics,7,0
1300,68,6.15,18,88.76,Mobile,Returning,Home Goods,18,1
1301,57,23.38,22,49.82,Desktop,New,Electronics,10,1
1302,32,31.12,14,76.03,Desktop,Returning,Home Goods,17,1
1303,38,1.4,8,25.45,Mobile,New,Electronics,4,0
1304,64,87.55,24,25.64,Desktop,Returning,Home Goods,19,1
1305,26,55.39,20,9.64,Mobile,New,Fashion,7,1
1306,26,10.56,22,9.69,Tablet,New,Fashion,13,0
1307,27,2.41,14,34.18,Tablet,New,Home Goods,3,1
1308,69,5.59,5,115.13,Desktop,New,Electronics,8,1
1309,43,4.07,9,74.91,Desktop,New,Electronics,11,0
1310,58,3.95,8,8.66,Desktop,Returning,Electronics,16,0
1311,52,21.93,2,152.97,Desktop,Returning,Fashion,19,1
1312,69,8.46,28,73.58,Desktop,Returning,Electronics,9,0
1313,42,13.3,16,259.24,Tablet,New,Fashion,10,0
1314,43,136.71,13,88.74,Desktop,New,Electronics,6,1
1315,28,34.59,7,15.41,Desktop,Returning,Electronics,3,0
1316,55,89.27,16,51.36,Desktop,Returning,Electronics,8,1
1317,19,4.61,7,83.64,Desktop,New,Electronics,6,0
1318,24,14.44,27,2.29,Desktop,New,Home Goods,8,0
1319,35,24.27,14,1.2,Mobile,Returning,Electronics,14,0
1320,44,2.4,14,11.09,Mobile,Returning,Home Goods,8,0
1321,51,0.13,12,23.19,Mobile,Returning,Electronics,11,0
1322,44,19.92,1,0.0,Desktop,Returning,Electronics,10,1
1323,34,30.8,1,53.47,Mobile,Returning,Fashion,10,0
1324,60,15.87,12,11.88,Tablet,Returning,Fashion,11,1
1325,61,20.18,20,89.52,Desktop,New,Electronics,1,1
1326,68,16.11,21,72.53,Desktop,Returning,Fashion,15,0
1327,41,0.73,15,27.9,Mobile,New,Home Goods,5,0
1328,42,12.26,4,1.1,Desktop,Returning,Electronics,14,1
1329,24,5.85,7,6.47,Desktop,Returning,Home Goods,8,0
1330,69,3.11,16,39.77,Desktop,Returning,Home Goods,17,1
1331,23,94.2,3,13.38,Mobile,Returning,Fashion,4,1
1332,41,27.44,7,37.83,Desktop,New,Fashion,4,0
1333,50,39.13,29,79.15,Desktop,New,Electronics,18,1
1334,66,11.37,24,63.39,Desktop,Returning,Fashion,19,0
1335,46,14.98,22,21.03,Tablet,Returning,Fashion,3,1
1336,60,19.92,15,0.0,Unknown,New,Home Goods,9,0
1337,39,3.06,16,76.16,Tablet,Returning,Home Goods,7,0
1338,43,5.92,24,157.78,Desktop,New,Home Goods,2,0
1339,45,19.92,15,0.0,Unknown,New,Electronics,9,1
1340,67,33.95,23,64.49,Desktop,New,Electronics,6,1
1341,38,23.75,22,35.99,Mobile,Returning,Electronics,6,1
1342,66,19.34,6,36.34,Mobile,New,Electronics,16,0
1343,24,76.7,10,169.23,Mobile,Returning,Electronics,2,0
1344,34,2.27,16,3.2,Mobile,New,Fashion,16,0
1345,37,9.88,11,353.71,Mobile,New,Home Goods,3,0
1346,58,12.92,13,87.34,Mobile,Returning,Home Goods,16,1
1347,66,45.76,29,91.44,Desktop,Returning,Electronics,12,1
1348,37,146.84,6,3.1,Mobile,New,Home Goods,3,1
1349,39,8.26,24,74.42,Mobile,New,Fashion,11,1
1350,45,62.22,1,53.05,Desktop,Returning,Fashion,11,0
1351,57,53.27,21,8.94,Desktop,New,Home Goods,16,0
1352,66,7.63,19,26.05,Tablet,Returning,Home Goods,5,0
1353,24,15.29,12,176.81,Desktop,Returning,Electronics,8,0
1354,18,15.81,24,63.88,Mobile,New,Fashion,11,1
1355,49,114.8,27,42.68,Mobile,Returning,Home Goods,11,1
1356,30,5.99,6,6.04,Mobile,Returning,Fashion,18,0
1357,47,48.16,18,100.18,Mobile,New,Electronics,19,1
1358,40,12.2,13,97.08,Mobile,Returning,Fashion,10,1
1359,68,39.38,7,76.16,Tablet,Returning,Home Goods,4,1
1360,36,16.34,23,57.11,Mobile,Returning,Electronics,10,0
1361,49,25.91,13,45.5,Mobile,Returning,Home Goods,14,1
1362,47,53.62,21,71.97,Mobile,New,Fashion,6,1
1363,46,48.91,8,21.26,Desktop,New,Fashion,5,0
1364,66,60.39,21,226.77,Mobile,New,Home Goods,15,1
1365,62,1.84,17,71.09,Mobile,New,Fashion,5,0
1366,46,35.33,9,29.82,Mobile,New,Electronics,6,1
1367,47,4.52,20,47.78,Mobile,Returning,Fashion,19,0
1368,33,16.13,13,131.06,Mobile,New,Home Goods,17,1
1369,57,23.86,2,14.1,Desktop,New,Fashion,14,0
1370,36,15.46,4,27.72,Mobile,Returning,Electronics,11,0
1371,35,19.92,15,0.0,Unknown,New,Electronics,14,1
1372,18,169.88,25,30.32,Desktop,New,Electronics,5,0
1373,31,4.36,2,125.81,Desktop,New,Fashion,13,1
1374,68,33.76,4,11.18,Mobile,New,Electronics,12,1
1375,64,15.13,18,115.07,Mobile,Returning,Electronics,19,1
1376,67,19.92,15,0.0,Unknown,New,Fashion,10,0
1377,19,5.19,19,1.01,Desktop,New,Electronics,13,1
1378,45,89.44,10,182.8,Desktop,New,Home Goods,15,1
1379,66,63.51,18,69.66,Mobile,New,Fashion,13,1
1380,67,71.27,25,34.69,Desktop,Returning,Electronics,4,0
1381,47,143.15,21,21.18,Desktop,Returning,Electronics,9,1
1382,55,7.01,10,76.75,Desktop,Returning,Fashion,19,1
1383,68,13.18,5,56.91,Mobile,New,Fashion,7,1
1384,21,33.19,17,382.34,Desktop,New,Electronics,15,1
1385,18,19.84,22,326.99,Mobile,Returning,Home Goods,17,0
1386,25,16.26,13,80.63,Desktop,Returning,Fashion,14,1
1387,46,13.29,23,46.8,Mobile,Returning,Home Goods,14,0
1388,56,27.03,17,54.05,Mobile,New,Electronics,9,1
1389,20,25.71,9,91.78,Tablet,Returning,Fashion,16,1
1390,49,5.28,24,8.57,Desktop,Returning,Electronics,2,0
1391,27,19.14,12,31.84,Mobile,Returning,Home Goods,14,0
1392,27,24.19,14,6.26,Mobile,New,Fashion,4,1
1393,36,25.34,14,6.1,Desktop,Returning,Electronics,3,1
1394,63,7.08,8,17.44,Tablet,New,Electronics,3,0
1395,51,40.68,23,53.13,Desktop,Returning,Fashion,11,1
1396,50,0.77,5,122.89,Tablet,New,Fashion,5,0
1397,40,13.15,19,53.16,Mobile,Returning,Fashion,16,1
1398,45,45.45,28,32.69,Desktop,Returning,Fashion,19,1
1399,49,24.9,14,6.88,Desktop,New,Fashion,9,1
1400,67,9.08,9,63.93,Desktop,Returning,Home Goods,11,0
1401,24,35.62,7,25.32,Mobile,New,Home Goods,12,1
1402,46,25.14,27,76.35,Desktop,Returning,Fashion,8,1
1403,25,47.72,26,302.44,Desktop,New,Electronics,14,1
1404,18,39.84,26,9.44,Desktop,New,Fashion,17,1
1405,20,28.26,8,19.07,Desktop,Returning,Fashion,15,0
1406,41,20.09,14,51.26,Desktop,New,Fashion,15,1
1407,40,19.92,15,0.0,Unknown,New,Fashion,12,1
1408,25,9.09,28,118.21,Mobile,Returning,Home Goods,9,1
1409,64,16.3,14,182.8,Mobile,Returning,Fashion,12,0
1410,54,27.44,11,32.48,Desktop,Returning,Electronics,19,0
1411,20,21.63,14,386.65,Tablet,New,Fashion,12,1
1412,68,10.2,21,8.68,Mobile,Returning,Fashion,11,0
1413,50,0.19,8,4.35,Desktop,New,Home Goods,6,0
1414,45,19.92,15,0.0,Unknown,New,Fashion,8,1
1415,64,10.09,28,209.67,Mobile,Returning,Home Goods,11,1
1416,25,39.8,29,7.6,Desktop,Returning,Fashion,3,0
1417,51,0.73,29,9.63,Desktop,New,Electronics,16,0
1418,52,19.92,23,0.0,Mobile,Returning,Home Goods,6,0
1419,49,85.15,18,8.83,Desktop,Returning,Fashion,9,1
1420,41,19.92,15,0.0,Desktop,Returning,Electronics,9,0
1421,31,19.14,13,280.73,Tablet,New,Home Goods,6,0
1422,49,2.88,12,88.18,Mobile,Returning,Fashion,5,1
1423,63,29.48,15,120.61,Desktop,New,Electronics,1,0
1424,60,23.99,18,119.74,Mobile,Returning,Fashion,3,1
1425,33,15.7,5,0.0,Mobile,Returning,Fashion,3,1
1426,21,22.11,7,127.76,Desktop,New,Fashion,12,1
1427,69,68.07,11,72.47,Desktop,New,Home Goods,4,1
1428,54,6.56,26,30.21,Mobile,Returning,Fashion,16,0
1429,38,0.68,27,65.88,Tablet,New,Fashion,11,0
1430,31,59.34,11,61.0,Desktop,New,Electronics,8,1
1431,48,25.82,27,138.73,Desktop,Returning,Fashion,9,1
1432,65,66.4,15,320.19,Desktop,Returning,Electronics,14,1
1433,35,27.26,10,42.35,Mobile,Returning,Fashion,15,0
1434,24,49.85,15,115.31,Desktop,New,Electronics,19,1
1435,27,16.85,13,8.41,Mobile,New,Electronics,9,0
1436,24,41.57,14,119.99,Tablet,Returning,Fashion,17,1
1437,50,73.27,17,37.14,Mobile,Returning,Fashion,9,1
1438,40,25.47,13,3.21,Mobile,Returning,Electronics,3,1
1439,38,5.98,10,36.11,Desktop,Returning,Home Goods,16,0
1440,36,9.39,25,75.46,Mobile,Returning,Fashion,13,1
1441,65,6.64,1,10.16,Mobile,New,Fashion,17,0
1442,36,8.51,1,206.2,Mobile,Returning,Fashion,4,0
1443,53,10.98,15,6.47,Tablet,Returning,Electronics,9,0
1444,46,24.3,16,212.75,Desktop,Returning,Home Goods,9,1
1445,35,26.6,12,98.24,Mobile,Returning,Fashion,18,1
1446,19,16.68,26,32.0,Mobile,Returning,Fashion,14,1
1447,18,28.67,24,39.64,Mobile,Returning,Fashion,3,1
1448,64,2.55,6,108.02,Desktop,New,Fashion,4,0
1449,22,2.76,6,73.6,Desktop,Returning,Electronics,1,1
1450,37,5.66,12,89.09,Mobile,Returning,Home Goods,18,0
1451,28,21.9,25,39.43,Mobile,Returning,Fashion,4,1
1452,59,7.22,15,53.53,Mobile,Returning,Home Goods,10,0
1453,19,9.99,4,367.36,Mobile,Returning,Fashion,4,0
1454,20,15.34,24,19.26,Mobile,Returning,Home Goods,17,0
1455,40,50.12,4,43.28,Desktop,Returning,Electronics,8,0
1456,29,0.42,2,27.6,Mobile,Returning,Fashion,19,0
1457,37,31.44,27,115.89,Desktop,Returning,Home Goods,9,0
1458,22,33.16,24,115.52,Desktop,Returning,Fashion,16,1
1459,54,48.08,12,27.68,Mobile,Returning,Electronics,15,0
1460,55,80.98,7,6.79,Desktop,Returning,Home Goods,16,0
1461,47,0.61,20,0.92,Desktop,New,Fashion,12,0
1462,26,5.01,9,44.61,Mobile,New,Electronics,18,0
1463,51,65.19,9,42.26,Desktop,Returning,Home Goods,7,1
1464,61,18.4,8,356.47,Mobile,Returning,Home Goods,16,0
1465,52,24.94,14,50.76,Tablet,New,Electronics,19,1
1466,69,32.63,1,23.7,Desktop,New,Fashion,6,0
1467,39,34.1,23,177.48,Desktop,New,Electronics,6,1
1468,61,80.53,21,54.04,Tablet,Returning,Electronics,6,1
1469,41,173.77,23,73.14,Desktop,Returning,Electronics,15,1
1470,34,38.21,12,8.04,Desktop,New,Home Goods,2,1
1471,27,10.16,25,38.62,Desktop,Returning,Fashion,9,0
1472,47,63.55,2,230.91,Mobile,New,Fashion,8,0
1473,63,1.51,13,71.23,Desktop,Returning,Electronics,7,1
1474,40,7.88,27,33.79,Mobile,Returning,Home Goods,16,0
1475,49,68.3,4,78.61,Mobile,Returning,Electronics,15,1
1476,34,8.88,20,193.0,Desktop,New,Home Goods,9,1
1477,67,7.48,18,25.62,Mobile,New,Home Goods,15,0
1478,68,4.46,19,56.27,Mobile,Returning,Home Goods,2,0
1479,34,58.79,16,254.93,Desktop,New,Home Goods,14,0
1480,31,20.8,27,15.14,Mobile,Returning,Home Goods,11,0
1481,26,33.71,14,101.74,Mobile,Returning,Home Goods,3,0
1482,57,8.2,29,76.25,Desktop,Returning,Electronics,2,1
1483,19,42.57,8,91.07,Desktop,Returning,Fashion,18,1
1484,62,42.81,12,0.0,Desktop,New,Fashion,14,0
1485,42,11.25,9,30.14,Desktop,Returning,Fashion,5,0
1486,56,15.86,6,0.0,Desktop,Returning,Fashion,12,1
1487,26,7.06,26,19.42,Desktop,New,Fashion,14,0
1488,39,112.6,18,43.53,Mobile,Returning,Home Goods,6,1
1489,60,31.12,2,16.68,Desktop,Returning,Electronics,8,0
1490,63,81.79,23,0.67,Tablet,Returning,Fashion,7,1
1491,21,10.85,8,280.68,Mobile,New,Home Goods,7,0
1492,43,45.68,24,0.0,Mobile,Returning,Electronics,12,0
1493,46,43.55,14,278.81,Mobile,Returning,Fashion,7,0
1494,62,35.3,6,12.1,Desktop,New,Home Goods,12,1
1495,51,101.12,10,70.82,Mobile,Returning,Fashion,16,0
1496,40,15.0,8,17.95,Desktop,Returning,Electronics,7,0
1497,54,4.2,17,124.88,Desktop,Returning,Fashion,8,1
1498,28,33.42,25,122.49,Desktop,Returning,Electronics,1,1
1499,23,39.2,29,9.56,Mobile,Returning,Home Goods,13,0
1500,35,25.67,12,194.49,Desktop,New,Fashion,19,1
1501,38,6.95,17,17.32,Mobile,Returning,Home Goods,1,1
1502,59,19.92,15,0.0,Unknown,New,Fashion,18,1
1503,53,11.23,19,339.43,Desktop,New,Electronics,7,1
1504,58,16.73,12,171.23,Mobile,Returning,Home Goods,17,1
1505,55,31.09,16,250.92,Tablet,Returning,Home Goods,15,1
1506,51,41.02,25,33.56,Mobile,Returning,Fashion,19,1
1507,34,7.93,27,8.93,Tablet,Returning,Fashion,4,1
1508,54,15.59,5,16.69,Mobile,Returning,Electronics,17,1
1509,42,9.41,25,55.53,Mobile,New,Fashion,7,0
1510,55,6.64,16,126.09,Mobile,Returning,Electronics,16,1
1511,29,45.89,25,13.02,Mobile,Returning,Home Goods,17,1
1512,40,71.99,6,86.24,Desktop,New,Electronics,15,0
1513,59,13.87,11,31.28,Desktop,New,Fashion,9,0
1514,39,41.74,17,33.39,Desktop,Returning,Electronics,13,0
1515,38,68.19,26,86.76,Mobile,Returning,Home Goods,7,1
1516,44,56.15,23,50.34,Mobile,New,Electronics,19,1
1517,48,6.06,14,133.72,Desktop,New,Electronics,11,0
1518,23,93.91,6,13.56,Mobile,New,Fashion,8,1
1519,44,14.18,25,124.83,Desktop,Returning,Fashion,17,1
1520,57,12.43,23,5.31,Desktop,New,Fashion,4,0
1521,51,1.93,28,17.26,Mobile,Returning,Electronics,4,0
1522,29,19.98,11,85.4,Desktop,New,Fashion,18,0
1523,62,3.46,12,154.44,Desktop,Returning,Electronics,17,1
1524,24,8.57,13,23.3,Desktop,Returning,Electronics,3,0
1525,27,11.44,4,31.7,Mobile,Returning,Electronics,9,0
1526,62,49.64,7,61.62,Mobile,Returning,Fashion,6,1
1527,34,62.5,2,19.02,Mobile,New,Home Goods,2,0
1528,43,10.81,6,133.35,Mobile,Returning,Electronics,12,0
1529,38,58.71,6,118.85,Mobile,New,Fashion,15,1
1530,45,58.4,18,12.56,Desktop,Returning,Fashion,9,0
1531,63,43.4,20,49.86,Desktop,New,Electronics,2,1
1532,19,4.76,8,119.27,Desktop,Returning,Fashion,12,0
1533,60,35.17,8,32.92,Mobile,Returning,Fashion,16,1
1534,18,87.03,29,80.21,Tablet,Returning,Fashion,7,1
1535,68,34.42,8,4.12,Mobile,Returning,Fashion,1,1
1536,53,12.09,8,75.06,Desktop,Returning,Home Goods,7,0
1537,68,20.83,1,13.25,Tablet,Returning,Electronics,3,0
1538,43,31.13,2,142.03,Desktop,Returning,Electronics,5,1
1539,46,21.44,12,35.14,Tablet,New,Home Goods,3,0
1540,38,3.83,15,26.45,Desktop,Returning,Electronics,15,1
1541,28,11.22,4,147.05,Mobile,Returning,Electronics,6,1
1542,57,48.64,28,4.12,Mobile,New,Fashion,15,0
1543,28,59.29,25,40.42,Mobile,Returning,Electronics,3,1
1544,53,4.43,3,36.96,Mobile,Returning,Fashion,1,1
1545,66,91.34,14,26.82,Desktop,Returning,Electronics,2,0
1546,56,11.96,22,194.21,Mobile,Returning,Fashion,4,1
1547,57,32.57,23,111.2,Desktop,Returning,Fashion,14,1
1548,52,41.81,8,5.28,Mobile,New,Fashion,14,1
1549,51,50.13,13,100.33,Mobile,New,Fashion,10,1
1550,64,87.42,23,59.94,Tablet,Returning,Home Goods,11,1
1551,41,11.26,19,184.9,Mobile,Returning,Fashion,4,1
1552,39,58.67,22,30.03,Desktop,Returning,Home Goods,15,1
1553,22,4.24,5,68.3,Desktop,Returning,Electronics,4,0
1554,50,19.92,15,0.0,Unknown,New,Electronics,16,0
1555,53,40.64,28,53.8,Desktop,Returning,Fashion,2,1
1556,64,33.97,26,48.72,Mobile,New,Home Goods,13,0
1557,37,8.72,20,18.42,Desktop,New,Fashion,8,0
1558,36,61.92,1,112.75,Desktop,Returning,Electronics,13,1
1559,52,5.55,16,48.02,Mobile,New,Electronics,8,0
1560,69,1.65,29,254.6,Desktop,Returning,Electronics,4,0
1561,60,37.92,23,24.18,Mobile,New,Fashion,5,0
1562,34,19.36,24,91.84,Desktop,New,Electronics,6,1
1563,62,56.73,2,226.03,Tablet,Returning,Home Goods,19,1
1564,60,14.51,7,87.12,Tablet,Returning,Home Goods,10,1
1565,51,5.53,6,164.0,Desktop,New,Home Goods,3,0
1566,26,54.32,5,140.58,Mobile,Returning,Fashion,13,1
1567,43,23.88,29,35.72,Tablet,Returning,Fashion,9,1
1568,19,6.29,4,73.33,Mobile,Returning,Fashion,17,1
1569,26,38.23,2,13.59,Desktop,New,Home Goods,10,1
1570,26,21.47,10,61.35,Mobile,Returning,Fashion,12,1
1571,57,27.81,22,20.95,Tablet,Returning,Electronics,13,1
1572,34,18.54,5,108.92,Desktop,New,Home Goods,10,0
1573,18,52.93,18,60.07,Desktop,New,Electronics,19,1
1574,42,53.08,10,42.38,Mobile,Returning,Electronics,19,0
1575,60,37.07,23,25.05,Desktop,New,Fashion,17,1
1576,57,3.34,22,531.54,Desktop,New,Electronics,5,1
1577,59,54.76,28,5.95,Desktop,New,Home Goods,8,0
1578,42,33.35,15,3.56,Mobile,Returning,Electronics,5,1
1579,56,35.82,27,19.6,Mobile,Returning,Fashion,15,0
1580,52,13.53,9,283.44,Mobile,New,Fashion,4,0
1581,20,63.43,11,309.97,Mobile,Returning,Fashion,13,1
1582,67,38.77,26,85.12,Mobile,Returning,Electronics,17,1
1583,54,3.58,21,169.69,Mobile,New,Fashion,5,1
1584,61,15.72,25,19.26,Mobile,Returning,Electronics,1,0
1585,61,65.25,25,286.16,Mobile,Returning,Electronics,15,1
1586,68,1.45,29,12.33,Mobile,Returning,Home Goods,10,0
1587,47,97.65,17,8.53,Tablet,New,Fashion,11,0
1588,55,34.1,21,9.52,Desktop,Returning,Home Goods,18,0
1589,51,29.94,9,68.1,Mobile,Returning,Electronics,13,1
1590,29,9.46,23,0.0,Desktop,Returning,Fashion,16,0
1591,36,19.92,15,0.0,Desktop,Returning,Home Goods,19,1
1592,54,85.45,6,304.96,Tablet,New,Fashion,12,1
1593,61,10.63,22,45.59,Mobile,Returning,Electronics,14,1
1594,66,44.82,11,13.04,Mobile,Returning,Fashion,2,1
1595,34,14.98,23,50.18,Tablet,New,Electronics,10,1
1596,27,4.5,17,90.91,Mobile,New,Electronics,4,0
1597,66,0.32,4,142.81,Mobile,New,Fashion,1,1
1598,64,23.57,29,49.11,Mobile,Returning,Electronics,17,1
1599,29,111.62,15,72.03,Mobile,Returning,Electronics,11,0
1600,33,13.82,1,24.89,Tablet,Returning,Home Goods,7,0
1601,41,19.92,15,0.0,Unknown,New,Fashion,17,1
1602,36,12.65,29,341.34,Tablet,Returning,Fashion,17,1
1603,25,22.05,20,4.02,Tablet,Returning,Electronics,9,0
1604,48,17.43,1,174.1,Desktop,New,Fashion,10,0
1605,38,63.59,9,66.09,Mobile,New,Electronics,6,1
1606,34,21.13,12,23.24,Mobile,New,Fashion,17,0
1607,40,21.26,4,247.89,Mobile,Returning,Fashion,16,1
1608,54,4.47,28,52.83,Mobile,Returning,Home Goods,7,1
1609,33,121.78,22,32.24,Desktop,Returning,Home Goods,19,0
1610,23,8.63,13,16.02,Mobile,New,Electronics,4,1
1611,25,2.29,7,22.42,Tablet,Returning,Home Goods,17,0
1612,42,32.64,8,143.11,Desktop,Returning,Electronics,9,0
1613,35,27.14,28,76.24,Desktop,Returning,Electronics,11,1
1614,42,16.09,13,195.57,Tablet,New,Home Goods,1,0
1615,29,16.46,11,21.11,Mobile,Returning,Electronics,7,0
1616,32,19.92,15,0.0,Unknown,New,Electronics,5,0
1617,43,6.53,25,0.49,Mobile,New,Electronics,5,0
1618,58,51.49,24,56.72,Mobile,New,Home Goods,1,1
1619,62,31.39,16,510.5,Desktop,Returning,Fashion,6,1
1620,43,16.29,10,94.99,Mobile,Returning,Fashion,13,1
1621,64,19.92,11,0.0,Mobile,Returning,Fashion,15,1
1622,49,8.9,12,167.55,Tablet,New,Fashion,4,0
1623,27,41.84,28,121.76,Mobile,Returning,Fashion,17,0
1624,33,21.58,14,1.24,Desktop,New,Home Goods,13,0
1625,24,11.61,19,135.8,Mobile,Returning,Electronics,11,0
1626,34,27.19,12,28.59,Mobile,Returning,Fashion,4,1
1627,40,163.72,18,12.97,Desktop,Returning,Home Goods,7,0
1628,43,17.14,21,20.53,Tablet,New,Electronics,19,0
1629,38,76.03,17,50.58,Mobile,Returning,Electronics,7,1
1630,39,12.69,3,44.25,Mobile,Returning,Fashion,14,1
1631,24,1.69,1,27.27,Mobile,Returning,Home Goods,16,0
1632,31,6.85,29,15.12,Mobile,Returning,Fashion,9,0
1633,32,16.27,19,114.92,Mobile,Returning,Fashion,2,1
1634,24,7.44,29,369.3,Desktop,Returning,Fashion,16,0
1635,26,0.01,4,0.0,Mobile,New,Electronics,5,0
1636,68,73.95,23,28.07,Mobile,Returning,Electronics,12,0
1637,65,55.71,28,22.46,Desktop,New,Fashion,15,0
1638,25,40.68,16,19.64,Mobile,Returning,Fashion,3,1
1639,67,5.51,12,11.76,Mobile,Returning,Electronics,9,1
1640,40,3.85,21,64.12,Tablet,New,Electronics,7,0
1641,46,2.1,21,74.39,Mobile,Returning,Fashion,4,0
1642,35,38.62,13,97.8,Desktop,Returning,Home Goods,9,1
1643,48,79.27,17,91.21,Mobile,Returning,Home Goods,15,1
1644,47,16.89,8,27.66,Mobile,Returning,Fashion,7,0
1645,69,3.81,13,32.08,Mobile,Returning,Electronics,11,1
1646,56,21.55,20,91.53,Mobile,Returning,Fashion,19,1
1647,52,12.87,26,34.39,Mobile,New,Electronics,11,1
1648,35,19.92,5,0.0,Mobile,New,Electronics,1,0
1649,59,29.13,18,37.52,Tablet,Returning,Fashion,13,0
1650,56,38.05,15,25.41,Desktop,Returning,Home Goods,13,1
1651,34,3.52,12,7.4,Mobile,New,Home Goods,2,1
1652,31,1.09,29,141.82,Desktop,Returning,Fashion,17,0
1653,48,155.18,17,0.0,Tablet,New,Fashion,19,0
1654,41,7.95,25,19.85,Desktop,Returning,Fashion,15,1
1655,52,1.66,15,5.36,Mobile,New,Electronics,19,0
1656,61,6.32,2,107.41,Tablet,Returning,Home Goods,10,0
1657,62,1.19,6,19.01,Mobile,Returning,Electronics,10,0
1658,51,14.92,17,40.0,Mobile,Returning,Electronics,9,1
1659,20,48.65,16,5.3,Desktop,Returning,Home Goods,19,0
1660,54,12.52,17,20.52,Tablet,Returning,Electronics,11,1
1661,60,17.62,25,125.97,Tablet,Returning,Electronics,6,1
1662,57,33.77,20,130.53,Tablet,Returning,Electronics,2,1
1663,43,21.33,9,18.56,Mobile,New,Home Goods,10,0
1664,40,59.29,27,32.75,Tablet,Returning,Fashion,15,0
1665,61,60.31,5,11.53,Mobile,Returning,Fashion,5,0
1666,56,0.3,23,6.17,Mobile,Returning,Fashion,18,0
1667,32,45.16,1,388.0,Desktop,Returning,Home Goods,7,1
1668,66,18.53,6,85.27,Mobile,Returning,Electronics,3,1
1669,21,134.86,24,62.49,Desktop,Returning,Fashion,16,1
1670,46,19.92,15,0.0,Unknown,New,Home Goods,17,0
1671,39,19.92,15,0.0,Unknown,New,Home Goods,2,0
1672,42,42.14,25,131.49,Mobile,Returning,Home Goods,16,1
1673,30,8.57,19,1.33,Mobile,New,Fashion,1,1
1674,35,23.19,1,16.54,Tablet,New,Home Goods,14,0
1675,50,145.36,1,85.11,Mobile,Returning,Fashion,16,1
1676,33,58.46,13,37.7,Desktop,New,Fashion,9,1
1677,62,3.07,14,323.57,Desktop,Returning,Fashion,17,0
1678,59,36.76,27,87.59,Desktop,Returning,Electronics,8,1
1679,61,12.72,6,250.89,Desktop,Returning,Fashion,9,1
1680,19,0.21,27,18.0,Mobile,New,Electronics,2,0
1681,52,15.5,6,159.58,Tablet,New,Home Goods,13,0
1682,59,8.03,1,31.01,Mobile,Returning,Fashion,1,0
1683,51,51.26,14,365.01,Mobile,New,Fashion,7,0
1684,47,12.34,3,13.73,Mobile,Returning,Fashion,18,0
1685,30,52.72,23,58.11,Desktop,Returning,Home Goods,5,1
1686,30,0.02,10,125.94,Desktop,Returning,Fashion,7,0
1687,35,11.04,19,45.34,Tablet,Returning,Electronics,12,1
1688,49,8.28,19,50.5,Desktop,New,Fashion,17,1
1689,49,7.98,19,343.56,Desktop,Returning,Home Goods,5,1
1690,52,2.12,28,44.31,Tablet,New,Fashion,12,0
1691,56,6.22,23,74.12,Mobile,Returning,Electronics,19,1
1692,63,24.33,4,4.49,Desktop,Returning,Electronics,13,0
1693,69,10.33,20,147.72,Desktop,New,Home Goods,16,0
1694,46,16.21,19,83.57,Mobile,New,Fashion,19,1
1695,66,14.19,10,41.4,Desktop,Returning,Electronics,10,0
1696,46,62.6,27,1.3,Mobile,Returning,Fashion,12,1
1697,61,70.71,25,71.65,Desktop,New,Home Goods,7,1
1698,33,20.37,2,1.02,Desktop,Returning,Electronics,14,1
1699,61,12.02,4,0.1,Tablet,Returning,Electronics,10,0
1700,64,3.39,24,76.59,Tablet,Returning,Electronics,8,1
1701,27,91.99,6,16.76,Desktop,Returning,Fashion,15,0
1702,47,1.86,7,17.04,Desktop,New,Fashion,16,1
1703,42,10.6,16,84.74,Mobile,Returning,Electronics,8,1
1704,56,10.62,29,4.42,Mobile,Returning,Home Goods,4,0
1705,37,11.59,7,30.08,Tablet,Returning,Fashion,17,0
1706,22,5.38,18,12.95,Tablet,Returning,Home Goods,4,1
1707,18,45.86,20,69.43,Tablet,Returning,Fashion,11,1
1708,47,3.92,26,86.72,Mobile,New,Home Goods,13,1
1709,66,30.23,26,102.16,Tablet,Returning,Fashion,6,1
1710,20,3.97,22,23.57,Tablet,Returning,Fashion,14,1
1711,62,2.19,19,7.48,Mobile,New,Electronics,7,1
1712,31,72.05,9,6.56,Desktop,Returning,Electronics,12,1
1713,47,6.33,29,44.43,Desktop,New,Electronics,1,0
1714,67,51.65,20,233.27,Desktop,Returning,Electronics,10,0
1715,21,23.6,10,19.64,Tablet,Returning,Electronics,1,0
1716,35,2.43,13,23.74,Mobile,Returning,Fashion,16,0
1717,54,93.33,18,8.51,Desktop,Returning,Fashion,7,1
1718,42,8.51,16,74.43,Desktop,Returning,Fashion,6,1
1719,65,58.91,22,91.12,Mobile,Returning,Electronics,18,1
1720,18,5.55,17,82.39,Tablet,Returning,Electronics,4,1
1721,63,57.71,22,157.94,Desktop,New,Electronics,16,1
1722,32,0.4,13,53.31,Mobile,New,Electronics,1,1
1723,26,21.51,12,11.55,Mobile,Returning,Fashion,2,1
1724,32,44.02,10,27.33,Mobile,Returning,Home Goods,16,1
1725,66,81.91,1,86.88,Desktop,Returning,Fashion,9,1
1726,41,71.97,8,75.97,Tablet,Returning,Electronics,15,1
1727,21,51.38,21,60.57,Mobile,Returning,Fashion,16,1
1728,29,65.73,22,91.9,Mobile,New,Electronics,9,1
1729,54,6.67,18,81.15,Mobile,Returning,Electronics,7,1
1730,54,10.03,2,170.51,Desktop,Returning,Electronics,10,1
1731,60,10.23,16,70.55,Tablet,Returning,Electronics,7,1
1732,23,14.2,12,120.62,Desktop,Returning,Fashion,13,1
1733,56,14.99,9,22.88,Desktop,Returning,Fashion,2,0
1734,63,23.59,3,90.7,Desktop,Returning,Electronics,12,1
1735,41,5.23,22,185.98,Mobile,Returning,Home Goods,13,0
1736,28,35.26,26,38.99,Desktop,Returning,Fashion,3,0
1737,30,5.5,21,120.81,Desktop,Returning,Fashion,11,1
1738,51,11.15,28,103.22,Desktop,New,Electronics,8,1
1739,42,21.0,4,4.91,Tablet,New,Electronics,11,1
1740,24,47.75,26,0.0,Desktop,New,Electronics,18,0
1741,69,40.35,2,11.16,Desktop,Returning,Home Goods,7,0
1742,21,19.92,15,0.0,Tablet,New,Electronics,12,0
1743,25,5.08,10,133.45,Tablet,Returning,Fashion,6,1
1744,37,23.76,16,9.3,Desktop,Returning,Fashion,10,1
1745,46,19.92,15,0.0,Unknown,New,Electronics,15,1
1746,68,14.21,11,72.21,Mobile,New,Electronics,15,0
1747,62,16.01,18,33.84,Desktop,New,Fashion,19,1
1748,63,1.22,22,2.84,Mobile,New,Home Goods,6,0
1749,27,9.61,14,62.41,Mobile,Returning,Fashion,19,1
1750,60,93.47,8,39.26,Mobile,Returning,Electronics,15,0
1751,51,92.13,23,8.52,Desktop,Returning,Fashion,18,1
1752,43,13.03,15,129.53,Desktop,Returning,Home Goods,2,0
1753,58,1.32,17,197.28,Mobile,Returning,Home Goods,7,1
1754,66,5.92,21,113.04,Mobile,New,Fashion,5,0
1755,20,14.94,18,138.27,Desktop,Returning,Home Goods,3,1
1756,23,19.92,15,0.0,Unknown,New,Fashion,6,0
1757,22,4.57,23,24.48,Mobile,Returning,Electronics,6,0
1758,22,43.26,14,18.71,Desktop,New,Home Goods,1,1
1759,64,3.45,23,115.88,Desktop,Returning,Electronics,19,1
1760,40,119.31,3,236.39,Mobile,New,Home Goods,12,1
1761,66,14.42,7,100.94,Desktop,Returning,Home Goods,5,1
1762,26,44.78,15,170.6,Mobile,Returning,Home Goods,7,1
1763,52,12.58,21,81.44,Desktop,Returning,Fashion,8,1
1764,37,29.64,24,39.24,Mobile,Returning,Fashion,19,1
1765,66,6.4,28,44.38,Mobile,New,Electronics,6,0
1766,59,4.74,16,6.26,Desktop,Returning,Electronics,15,0
1767,52,83.45,16,2.56,Desktop,New,Electronics,6,0
1768,67,74.9,8,95.12,Mobile,Returning,Fashion,9,1
1769,35,65.54,7,46.16,Mobile,Returning,Home Goods,4,0
1770,34,29.46,6,64.28,Desktop,Returning,Home Goods,16,0
1771,41,49.55,2,65.25,Desktop,Returning,Electronics,10,1
1772,20,2.15,22,25.99,Mobile,Returning,Fashion,1,0
1773,49,12.23,13,51.68,Desktop,Returning,Fashion,11,0
1774,52,11.29,12,50.91,Mobile,New,Fashion,17,0
1775,55,30.29,15,39.34,Desktop,Returning,Electronics,18,0
1776,30,13.2,27,137.48,Mobile,Returning,Home Goods,15,1
1777,64,4.82,9,48.0,Mobile,Returning,Fashion,6,0
1778,42,27.22,2,74.04,Mobile,Returning,Electronics,16,1
1779,26,50.52,17,180.7,Mobile,Returning,Electronics,2,1
1780,21,14.44,27,160.93,Mobile,Returning,Fashion,3,1
1781,31,4.26,29,176.89,Mobile,New,Electronics,17,1
1782,54,6.57,5,25.18,Mobile,Returning,Electronics,8,0
1783,51,19.92,11,0.0,Mobile,Returning,Home Goods,15,0
1784,28,10.7,22,24.2,Desktop,Returning,Electronics,13,0
1785,58,30.88,19,26.14,Mobile,New,Electronics,19,1
1786,20,27.56,24,192.07,Desktop,Returning,Fashion,1,1
1787,45,35.73,7,83.81,Mobile,New,Fashion,12,1
1788,46,13.51,2,6.82,Mobile,Returning,Fashion,18,1
1789,26,52.12,16,11.64,Desktop,New,Fashion,18,1
1790,20,6.85,12,13.54,Tablet,Returning,Fashion,3,0
1791,42,18.99,23,79.63,Mobile,New,Fashion,18,1
1792,51,48.42,15,106.37,Mobile,New,Electronics,17,1
1793,29,5.96,1,157.09,Desktop,Returning,Electronics,11,1
1794,59,3.49,25,225.93,Tablet,New,Fashion,5,1
1795,26,64.54,13,18.02,Tablet,New,Fashion,7,1
1796,32,12.6,23,29.66,Mobile,New,Electronics,18,0
1797,57,34.55,6,21.99,Mobile,Returning,Fashion,7,0
1798,42,0.77,13,35.55,Desktop,Returning,Electronics,18,0
1799,22,35.14,18,196.89,Desktop,New,Electronics,2,1
1800,28,11.4,3,68.47,Desktop,Returning,Fashion,6,0
1801,51,1.72,1,107.21,Tablet,New,Fashion,8,1
1802,41,28.23,15,53.89,Desktop,Returning,Fashion,17,1
1803,32,8.26,26,2.34,Mobile,Returning,Fashion,4,0
1804,55,14.67,13,5.31,Mobile,Returning,Home Goods,17,0
1805,25,2.52,5,61.76,Desktop,Returning,Fashion,16,1
1806,22,4.78,25,101.49,Mobile,New,Electronics,15,0
1807,65,10.61,13,19.4,Mobile,New,Electronics,15,0
1808,43,19.92,15,0.0,Mobile,Returning,Fashion,8,1
1809,35,72.52,5,133.14,Mobile,New,Fashion,17,1
1810,23,0.18,28,42.47,Mobile,New,Home Goods,19,0
1811,54,19.84,19,109.77,Desktop,New,Home Goods,1,1
1812,65,3.95,21,41.41,Mobile,Returning,Fashion,13,0
1813,30,11.03,24,90.74,Desktop,Returning,Fashion,6,1
1814,45,78.13,28,115.51,Mobile,New,Home Goods,10,1
1815,22,5.29,18,385.53,Mobile,New,Fashion,1,1
1816,30,101.29,21,33.9,Tablet,Returning,Fashion,12,1
1817,34,6.91,22,42.35,Tablet,New,Fashion,19,1
1818,67,40.59,10,14.49,Mobile,Returning,Fashion,15,1
1819,57,23.73,24,18.26,Desktop,New,Fashion,5,1
1820,62,64.75,8,94.58,Mobile,Returning,Electronics,2,0
1821,49,24.22,15,199.16,Tablet,Returning,Electronics,19,0
1822,46,22.94,21,40.15,Mobile,New,Electronics,14,0
1823,68,6.52,25,15.86,Mobile,Returning,Fashion,9,1
1824,20,5.45,20,26.85,Desktop,Returning,Electronics,1,0
1825,57,74.48,28,48.57,Desktop,Returning,Electronics,13,1
1826,51,11.92,25,27.47,Mobile,Returning,Fashion,17,1
1827,57,13.96,27,21.28,Desktop,New,Fashion,2,0
1828,44,42.79,23,106.54,Mobile,New,Fashion,14,0
1829,30,12.41,22,0.63,Tablet,New,Fashion,6,0
1830,62,91.14,4,61.99,Mobile,New,Home Goods,6,1
1831,50,40.17,2,126.3,Tablet,Returning,Electronics,18,1
1832,23,19.92,24,0.0,Mobile,Returning,Fashion,19,1
1833,41,63.83,6,73.96,Mobile,Returning,Electronics,9,1
1834,36,1.53,28,0.0,Tablet,Returning,Fashion,15,0
1835,33,8.91,3,85.14,Tablet,Returning,Fashion,7,1
1836,57,18.77,7,47.23,Desktop,Returning,Fashion,6,1
1837,45,7.72,10,34.04,Mobile,New,Electronics,5,1
1838,50,40.87,23,144.59,Desktop,Returning,Fashion,19,1
1839,65,75.48,6,113.65,Desktop,Returning,Fashion,1,0
1840,58,16.54,16,31.0,Desktop,New,Fashion,7,0
1841,30,12.56,2,8.7,Desktop,New,Fashion,18,0
1842,60,97.75,24,5.96,Mobile,Returning,Electronics,8,1
1843,62,17.66,17,7.92,Desktop,Returning,Home Goods,12,0
1844,42,20.14,13,69.95,Desktop,New,Electronics,10,0
1845,59,13.0,1,4.24,Mobile,Returning,Electronics,6,0
1846,53,72.09,6,32.87,Desktop,Returning,Home Goods,16,1
1847,44,25.25,5,111.93,Desktop,Returning,Fashion,19,1
1848,55,43.09,25,27.89,Desktop,New,Fashion,18,0
1849,24,50.11,13,115.28,Mobile,New,Electronics,13,1
1850,22,12.55,28,109.47,Desktop,Returning,Fashion,7,0
1851,60,17.06,23,22.57,Mobile,Returning,Electronics,7,1
1852,62,56.61,18,104.4,Desktop,Returning,Fashion,16,1
1853,68,13.54,29,110.2,Desktop,New,Fashion,10,1
1854,48,47.39,12,40.53,Desktop,Returning,Electronics,15,1
1855,40,84.9,7,18.9,Mobile,New,Home Goods,14,0
1856,59,29.28,15,58.93,Desktop,Returning,Fashion,12,1
1857,27,40.6,3,203.47,Tablet,Returning,Fashion,15,1
1858,49,49.06,16,81.65,Mobile,Returning,Electronics,8,1
1859,60,55.94,1,15.19,Tablet,New,Fashion,7,1
1860,47,15.08,27,91.85,Desktop,New,Fashion,9,0
1861,56,19.92,15,0.0,Desktop,Returning,Fashion,14,0
1862,48,15.42,24,71.63,Mobile,Returning,Electronics,7,0
1863,35,33.6,12,105.96,Mobile,Returning,Home Goods,12,1
1864,53,17.95,19,57.88,Tablet,Returning,Electronics,14,0
1865,19,41.46,27,134.55,Mobile,Returning,Fashion,11,1
1866,31,13.25,8,102.46,Mobile,Returning,Fashion,19,1
1867,30,30.21,23,76.38,Desktop,Returning,Fashion,6,1
1868,46,6.19,12,13.08,Mobile,New,Home Goods,3,0
1869,29,41.51,15,144.61,Desktop,Returning,Electronics,6,1
1870,56,23.67,2,219.79,Desktop,New,Fashion,9,0
1871,19,6.85,29,11.78,Tablet,Returning,Electronics,2,0
1872,49,10.36,17,53.59,Desktop,New,Electronics,6,0
1873,30,41.42,7,23.97,Mobile,Returning,Home Goods,14,0
1874,63,19.77,13,112.36,Mobile,Returning,Home Goods,19,1
1875,44,7.3,1,102.3,Desktop,Returning,Fashion,4,0
1876,66,102.58,6,12.15,Mobile,Returning,Electronics,14,0
1877,58,37.67,13,167.66,Tablet,New,Electronics,10,1
1878,34,94.49,11,15.97,Desktop,Returning,Fashion,6,1
1879,57,16.71,10,127.67,Mobile,New,Electronics,11,0
1880,48,19.34,16,48.85,Tablet,New,Electronics,13,1
1881,51,68.47,27,31.83,Mobile,New,Fashion,18,1
1882,41,22.34,26,13.78,Mobile,New,Electronics,14,0
1883,62,36.86,24,14.68,Desktop,Returning,Electronics,11,1
1884,52,8.72,23,86.75,Tablet,Returning,Fashion,5,1
1885,65,17.76,20,63.96,Desktop,Returning,Fashion,8,1
1886,23,3.95,17,10.42,Mobile,New,Electronics,4,1
1887,36,19.92,15,0.0,Mobile,New,Fashion,12,0
1888,47,0.03,4,6.0,Mobile,New,Home Goods,6,0
1889,24,1.2,5,108.93,Mobile,New,Fashion,8,0
1890,27,113.54,28,99.55,Mobile,New,Fashion,4,1
1891,58,8.33,23,4.82,Desktop,New,Fashion,10,0
1892,49,32.66,14,65.73,Tablet,Returning,Electronics,11,1
1893,51,54.81,20,7.08,Mobile,Returning,Electronics,15,0
1894,45,24.0,10,187.26,Mobile,Returning,Electronics,5,1
1895,32,4.99,14,190.11,Desktop,New,Fashion,3,0
1896,47,39.07,28,95.85,Desktop,Returning,Home Goods,15,1
1897,54,27.51,1,208.5,Tablet,Returning,Fashion,2,0
1898,46,39.42,11,133.47,Mobile,New,Fashion,2,1
1899,39,44.06,26,141.07,Mobile,New,Fashion,8,1
1900,21,111.16,23,67.46,Desktop,New,Fashion,14,1
1901,37,25.57,18,29.23,Desktop,New,Fashion,9,1
1902,49,12.54,16,19.65,Mobile,Returning,Fashion,5,0
1903,53,31.36,29,31.7,Desktop,New,Fashion,12,0
1904,67,2.13,27,79.22,Mobile,Returning,Home Goods,10,1
1905,21,68.31,18,15.16,Mobile,New,Fashion,1,1
1906,44,3.81,8,23.94,Desktop,Returning,Home Goods,19,0
1907,34,11.92,28,50.5,Mobile,New,Electronics,11,1
1908,29,19.92,15,0.0,Unknown,New,Fashion,17,0
1909,39,27.29,26,71.06,Mobile,New,Electronics,3,1
1910,34,15.01,10,205.3,Mobile,New,Electronics,1,1
1911,27,19.24,5,110.29,Mobile,Returning,Fashion,17,1
1912,18,57.84,10,87.83,Mobile,Returning,Home Goods,6,1
1913,39,12.47,18,69.92,Mobile,New,Electronics,13,1
1914,43,61.13,21,53.55,Desktop,Returning,Home Goods,4,1
1915,35,2.77,24,16.52,Desktop,Returning,Home Goods,5,0
1916,67,44.99,6,180.08,Mobile,Returning,Fashion,15,0
1917,31,56.43,3,22.86,Mobile,Returning,Fashion,14,0
1918,64,6.02,8,7.66,Tablet,Returning,Fashion,19,0
1919,46,16.88,9,110.91,Mobile,New,Home Goods,15,1
1920,29,5.43,5,15.45,Mobile,New,Home Goods,12,1
1921,53,36.79,29,37.2,Mobile,New,Electronics,18,1
1922,52,22.99,2,2.3,Desktop,Returning,Fashion,14,0
1923,69,30.26,2,11.79,Mobile,Returning,Fashion,10,0
1924,29,6.56,7,15.22,Desktop,Returning,Home Goods,8,0
1925,24,7.14,17,4.48,Mobile,Returning,Home Goods,4,0
1926,46,1.27,10,85.52,Mobile,Returning,Fashion,18,1
1927,28,11.66,12,145.12,Mobile,Returning,Fashion,8,1
1928,50,24.61,2,37.38,Desktop,Returning,Fashion,4,1
1929,23,58.54,10,166.08,Desktop,Returning,Fashion,11,0
1930,64,32.98,20,19.2,Mobile,New,Home Goods,5,0
1931,32,17.15,1,31.49,Mobile,Returning,Electronics,10,0
1932,49,91.8,4,13.07,Desktop,Returning,Electronics,6,0
1933,68,38.11,13,77.52,Desktop,Returning,Electronics,4,1
1934,28,79.85,12,43.56,Mobile,Returning,Fashion,18,1
1935,40,22.5,11,0.0,Desktop,Returning,Fashion,17,1
1936,43,8.99,29,114.73,Mobile,Returning,Home Goods,7,1
1937,51,1.63,10,63.12,Mobile,Returning,Electronics,9,0
1938,63,38.85,15,79.03,Mobile,New,Fashion,3,1
1939,51,3.88,5,218.98,Desktop,New,Fashion,9,0
1940,46,10.82,25,28.43,Mobile,Returning,Fashion,4,0
1941,21,22.81,17,35.6,Desktop,Returning,Fashion,19,1
1942,34,19.92,15,0.0,Desktop,Returning,Electronics,9,1
1943,52,27.53,5,75.6,Desktop,Returning,Electronics,6,1
1944,30,5.45,2,15.73,Mobile,Returning,Electronics,11,0
1945,58,14.33,9,37.75,Mobile,New,Home Goods,15,0
1946,56,28.81,6,50.46,Tablet,Returning,Electronics,6,1
1947,32,105.02,18,43.49,Desktop,Returning,Fashion,10,0
1948,46,39.02,14,15.71,Desktop,Returning,Fashion,18,1
1949,46,76.76,19,206.62,Mobile,Returning,Home Goods,16,1
1950,28,43.09,14,114.95,Mobile,Returning,Electronics,4,0
1951,69,26.87,8,52.52,Desktop,Returning,Fashion,13,1
1952,49,6.4,17,91.17,Mobile,New,Electronics,5,1
1953,19,32.96,28,182.06,Desktop,New,Electronics,19,1
1954,64,29.3,3,11.71,Mobile,New,Home Goods,18,1
1955,31,27.67,29,23.05,Mobile,New,Home Goods,17,0
1956,37,20.19,10,62.59,Mobile,New,Electronics,16,1
1957,39,22.57,17,128.36,Mobile,New,Electronics,1,0
1958,28,12.21,27,2.95,Mobile,Returning,Fashion,1,1
1959,44,21.98,11,330.9,Desktop,Returning,Electronics,14,1
1960,20,6.6,8,48.54,Mobile,Returning,Home Goods,2,0
1961,34,49.07,1,35.61,Mobile,Returning,Electronics,15,0
1962,61,6.17,13,27.71,Tablet,Returning,Electronics,3,1
1963,45,19.92,15,0.0,Unknown,New,Home Goods,13,0
1964,46,17.19,4,125.45,Mobile,Returning,Fashion,19,1
1965,38,32.22,7,248.83,Desktop,New,Fashion,1,0
1966,64,17.27,14,42.71,Tablet,Returning,Electronics,13,0
1967,33,9.72,5,243.63,Mobile,Returning,Home Goods,15,0
1968,54,24.5,24,138.89,Mobile,Returning,Home Goods,16,1
1969,37,12.79,28,52.48,Desktop,New,Electronics,11,1
1970,23,81.03,11,89.68,Mobile,Returning,Home Goods,3,1
1971,36,76.78,17,45.67,Desktop,New,Electronics,8,1
1972,22,20.94,5,65.45,Tablet,New,Fashion,6,1
1973,20,11.92,20,4.78,Tablet,Returning,Home Goods,5,0
1974,18,19.92,15,0.0,Unknown,New,Fashion,15,1
1975,55,1.12,5,4.34,Mobile,Returning,Fashion,9,1
1976,32,19.32,26,135.9,Tablet,Returning,Fashion,5,0
1977,51,12.3,15,139.41,Mobile,Returning,Fashion,10,0
1978,52,75.97,19,21.65,Mobile,Returning,Fashion,6,1
1979,66,0.36,16,31.29,Desktop,New,Fashion,11,0
1980,42,24.14,8,52.52,Mobile,New,Fashion,4,1
1981,41,40.49,13,72.64,Mobile,Returning,Fashion,12,1
1982,29,19.91,16,27.1,Tablet,Returning,Electronics,6,1
1983,35,2.68,3,71.81,Mobile,New,Home Goods,1,0
1984,32,107.76,1,28.28,Mobile,New,Home Goods,18,0
1985,61,21.89,9,4.57,Mobile,Returning,Home Goods,2,0
1986,33,28.57,9,0.2,Desktop,Returning,Electronics,5,1
1987,44,8.1,22,8.53,Mobile,Returning,Electronics,16,0
1988,25,19.82,26,125.71,Mobile,Returning,Fashion,12,1
1989,63,16.82,17,260.43,Desktop,New,Fashion,12,0
1990,42,2.34,24,44.54,Desktop,Returning,Electronics,11,1
1991,34,3.37,2,57.51,Mobile,Returning,Electronics,19,1
1992,46,54.51,9,12.71,Desktop,New,Home Goods,7,1
1993,25,8.23,24,64.06,Mobile,Returning,Electronics,2,1
1994,32,6.51,19,12.5,Desktop,Returning,Fashion,6,0
1995,44,21.09,13,75.58,Mobile,Returning,Home Goods,4,1
1996,63,43.93,5,216.55,Mobile,New,Electronics,2,1
1997,67,1.92,9,17.42,Desktop,Returning,Home Goods,17,0
1998,69,25.8,13,115.71,Mobile,Returning,Home Goods,8,1
1999,24,3.81,1,1.9,Mobile,Returning,Fashion,5,0
2000,20,1.11,25,37.66,Mobile,New,Fashion,10,1
2001,46,1.63,15,9.39,Desktop,Returning,Fashion,16,0
2002,61,53.9,4,34.77,Mobile,Returning,Fashion,2,0
2003,41,3.77,4,15.25,Mobile,New,Fashion,19,0
2004,20,1.39,20,37.38,Mobile,New,Electronics,7,0
2005,37,17.28,10,43.24,Mobile,Returning,Home Goods,2,0
2006,63,55.74,28,28.6,Mobile,New,Home Goods,13,1
2007,32,9.13,25,85.51,Mobile,Returning,Electronics,4,1
2008,42,16.43,6,200.92,Mobile,New,Fashion,16,0
2009,47,1.22,27,40.95,Mobile,New,Fashion,10,0
2010,31,17.88,24,17.09,Desktop,Returning,Electronics,17,0
2011,24,25.86,12,25.26,Desktop,New,Fashion,14,1
2012,34,25.38,20,153.93,Tablet,Returning,Home Goods,12,1
2013,61,12.12,16,67.82,Mobile,Returning,Home Goods,13,1
2014,37,11.37,3,48.56,Tablet,Returning,Fashion,8,0
2015,53,3.38,14,12.97,Mobile,Returning,Electronics,17,1
2016,26,13.71,1,47.79,Tablet,Returning,Fashion,18,1
2017,55,3.14,10,0.0,Mobile,New,Electronics,10,0
2018,65,43.65,15,229.41,Mobile,Returning,Fashion,13,1
2019,39,19.92,15,0.0,Mobile,New,Fashion,2,1
2020,19,105.27,4,7.01,Mobile,Returning,Electronics,17,0
2021,41,60.09,14,58.16,Desktop,Returning,Electronics,6,1
2022,25,27.55,24,20.4,Desktop,Returning,Electronics,12,1
2023,28,36.21,16,42.32,Tablet,New,Electronics,13,1
2024,30,10.07,14,167.55,Desktop,New,Electronics,4,0
2025,34,29.89,3,59.98,Mobile,Returning,Home Goods,15,0
2026,25,18.24,17,32.54,Mobile,New,Home Goods,16,0
2027,38,19.73,21,18.64,Tablet,Returning,Home Goods,19,0
2028,35,42.54,14,128.89,Desktop,Returning,Home Goods,15,1
2029,47,9.94,18,78.36,Desktop,New,Electronics,6,1
2030,35,19.92,15,0.0,Mobile,New,Electronics,6,1
2031,63,77.57,22,19.62,Desktop,Returning,Fashion,5,0
2032,64,1.74,19,32.55,Tablet,Returning,Fashion,2,0
2033,48,19.94,3,257.2,Mobile,New,Home Goods,2,1
2034,55,73.19,12,58.73,Mobile,New,Home Goods,5,1
2035,49,28.28,22,40.96,Mobile,New,Electronics,3,0
2036,28,23.72,5,58.95,Desktop,New,Electronics,6,1
2037,62,8.62,10,120.76,Mobile,Returning,Fashion,11,0
2038,42,12.61,9,33.25,Mobile,Returning,Fashion,5,0
2039,50,57.33,1,15.75,Mobile,Returning,Electronics,18,1
2040,55,24.58,13,70.35,Desktop,Returning,Electronics,14,1
2041,58,21.69,3,87.54,Mobile,New,Home Goods,10,0
2042,25,3.15,19,99.78,Mobile,Returning,Fashion,3,1
2043,28,0.48,11,170.96,Tablet,Returning,Electronics,16,0
2044,39,99.47,16,37.11,Tablet,Returning,Fashion,16,1
2045,68,14.2,6,6.27,Mobile,Returning,Home Goods,11,0
2046,41,27.73,24,254.27,Desktop,Returning,Home Goods,4,1
2047,58,2.49,3,45.68,Desktop,Returning,Electronics,11,0
2048,34,34.48,19,78.1,Mobile,New,Home Goods,8,0
2049,29,80.9,6,87.8,Mobile,Returning,Electronics,16,1
2050,63,25.72,8,63.26,Mobile,Returning,Fashion,8,1
2051,49,4.04,22,18.38,Mobile,Returning,Electronics,9,0
2052,32,26.15,13,112.57,Mobile,Returning,Fashion,14,1
2053,33,43.62,12,130.27,Desktop,Returning,Electronics,8,1
2054,39,15.65,10,64.41,Mobile,Returning,Home Goods,16,1
2055,45,63.57,3,53.64,Desktop,Returning,Home Goods,2,0
2056,37,31.38,4,9.68,Mobile,Returning,Fashion,19,0
2057,50,68.85,1,7.01,Desktop,Returning,Fashion,19,1
2058,27,29.31,13,33.19,Mobile,Returning,Fashion,19,1
2059,57,4.22,24,29.78,Desktop,New,Fashion,18,1
2060,49,11.12,4,245.73,Desktop,Returning,Fashion,13,0
2061,67,6.76,22,122.46,Desktop,Returning,Electronics,17,1
2062,50,71.85,11,86.29,Mobile,Returning,Electronics,1,1
2063,19,42.86,19,58.33,Desktop,New,Home Goods,5,1
2064,50,33.85,11,14.65,Tablet,Returning,Fashion,13,1
2065,50,10.74,12,307.02,Desktop,New,Fashion,6,0
2066,58,6.1,11,37.61,Mobile,Returning,Fashion,10,0
2067,30,42.37,6,9.05,Desktop,New,Fashion,9,0
2068,47,19.28,12,54.47,Mobile,Returning,Fashion,6,1
2069,50,7.68,27,165.72,Tablet,New,Fashion,1,1
2070,30,28.76,9,174.64,Desktop,New,Electronics,18,1
2071,69,1.24,25,0.88,Mobile,Returning,Home Goods,7,0
2072,43,11.84,10,173.93,Mobile,New,Electronics,10,1
2073,39,18.96,3,25.34,Mobile,Returning,Electronics,12,0
2074,56,4.8,3,3.18,Tablet,Returning,Fashion,15,0
2075,19,125.31,20,150.6,Mobile,Returning,Home Goods,17,1
2076,55,7.04,28,159.53,Mobile,New,Fashion,3,1
2077,56,4.19,23,72.55,Tablet,Returning,Fashion,15,1
2078,43,6.83,16,68.35,Mobile,New,Fashion,1,0
2079,63,43.97,3,134.18,Mobile,Returning,Fashion,11,1
2080,67,16.63,10,123.46,Desktop,Returning,Electronics,6,1
2081,32,25.0,24,176.66,Mobile,New,Home Goods,16,0
2082,51,0.64,11,64.37,Mobile,Returning,Home Goods,12,1
2083,59,1.05,8,274.48,Mobile,New,Fashion,15,1
2084,61,17.71,6,444.71,Desktop,Returning,Electronics,18,1
2085,66,50.89,20,9.91,Tablet,Returning,Electronics,10,1
2086,57,64.95,11,151.53,Mobile,Returning,Home Goods,12,1
2087,28,2.72,28,55.42,Mobile,Returning,Electronics,19,0
2088,20,23.19,27,39.23,Mobile,Returning,Electronics,5,1
2089,23,73.33,21,75.96,Desktop,Returning,Electronics,18,1
2090,26,14.73,12,4.61,Mobile,Returning,Electronics,19,0
2091,23,53.08,16,56.49,Tablet,Returning,Fashion,12,1
2092,26,4.31,18,163.77,Mobile,Returning,Fashion,1,0
2093,56,82.18,13,19.21,Tablet,Returning,Electronics,2,0
2094,48,41.76,22,44.46,Desktop,New,Home Goods,3,0
2095,49,19.92,15,0.0,Unknown,New,Electronics,12,1
2096,58,33.87,15,44.77,Mobile,New,Home Goods,14,1
2097,67,13.55,22,35.5,Desktop,Returning,Fashion,7,0
2098,29,83.51,28,46.46,Mobile,New,Electronics,4,1
2099,25,9.67,21,58.63,Mobile,Returning,Fashion,12,0
2100,25,19.92,15,0.0,Unknown,New,Home Goods,8,1
2101,67,36.2,18,129.03,Tablet,Returning,Fashion,1,0
2102,45,43.49,28,48.13,Desktop,Returning,Electronics,5,0
2103,37,79.52,29,136.07,Desktop,New,Fashion,1,1
2104,64,6.87,14,61.04,Desktop,Returning,Electronics,15,0
2105,24,19.92,15,0.0,Mobile,Returning,Home Goods,13,0
2106,28,40.24,21,85.82,Desktop,Returning,Fashion,13,1
2107,37,1.98,14,101.19,Desktop,Returning,Home Goods,4,0
2108,33,14.69,25,65.32,Desktop,New,Home Goods,15,1
2109,21,9.97,27,4.66,Mobile,Returning,Fashion,12,0
2110,23,10.89,8,14.9,Tablet,New,Home Goods,8,0
2111,39,122.14,28,26.87,Tablet,Returning,Fashion,16,1
2112,43,30.88,28,26.57,Desktop,New,Fashion,12,0
2113,20,37.94,23,89.53,Mobile,Returning,Electronics,6,1
2114,58,112.67,15,1.48,Desktop,New,Electronics,15,1
2115,59,14.21,28,112.74,Desktop,Returning,Fashion,7,1
2116,31,48.56,29,24.67,Mobile,New,Fashion,5,0
2117,28,17.1,15,29.69,Mobile,Returning,Home Goods,15,1
2118,35,61.1,19,60.05,Mobile,Returning,Electronics,12,1
2119,29,5.98,26,19.46,Desktop,New,Fashion,11,0
2120,40,88.51,20,172.66,Mobile,New,Electronics,4,1
2121,29,7.41,6,7.14,Mobile,Returning,Fashion,13,0
2122,30,11.85,19,47.01,Desktop,New,Fashion,18,1
2123,42,42.34,27,151.46,Desktop,Returning,Electronics,8,1
2124,62,19.92,15,0.0,Unknown,New,Electronics,7,0
2125,68,28.11,8,27.66,Mobile,New,Fashion,16,0
2126,36,17.64,6,43.68,Tablet,New,Home Goods,3,0
2127,63,40.69,20,98.12,Desktop,Returning,Fashion,16,1
2128,53,7.78,23,289.73,Mobile,New,Electronics,16,1
2129,62,1.81,29,178.9,Tablet,New,Fashion,7,1
2130,25,10.7,15,33.54,Mobile,New,Electronics,13,0
2131,46,19.29,27,505.5,Tablet,New,Fashion,13,1
2132,49,19.92,15,0.0,Unknown,New,Electronics,19,1
2133,68,13.15,10,2.24,Mobile,Returning,Electronics,18,0
2134,61,15.32,15,138.91,Mobile,Returning,Fashion,7,1
2135,35,1.77,24,17.8,Mobile,Returning,Fashion,18,1
2136,23,26.26,16,5.02,Desktop,New,Electronics,18,1
2137,35,64.71,17,21.66,Desktop,New,Fashion,4,0
2138,36,4.94,19,44.42,Desktop,Returning,Electronics,9,1
2139,39,19.92,15,0.0,Unknown,New,Electronics,16,1
2140,54,32.79,16,78.32,Mobile,New,Electronics,4,1
2141,49,16.31,5,21.7,Mobile,Returning,Home Goods,8,0
2142,58,36.23,5,55.98,Mobile,Returning,Electronics,3,1
2143,20,15.87,26,208.53,Desktop,Returning,Home Goods,9,1
2144,45,21.07,14,135.0,Mobile,New,Home Goods,8,1
2145,27,0.22,18,31.23,Desktop,Returning,Home Goods,12,0
2146,68,35.3,26,322.58,Desktop,Returning,Fashion,14,1
2147,52,32.48,8,98.65,Mobile,Returning,Home Goods,10,1
2148,46,1.17,5,5.16,Desktop,Returning,Home Goods,17,0
2149,32,13.78,7,2.86,Mobile,New,Fashion,11,0
2150,50,115.94,16,14.75,Mobile,Returning,Fashion,10,1
2151,24,16.38,23,104.11,Desktop,Returning,Home Goods,13,1
2152,29,20.91,14,16.24,Mobile,Returning,Electronics,2,1
2153,66,72.22,5,57.31,Mobile,Returning,Fashion,1,0
2154,47,37.9,24,7.83,Desktop,Returning,Home Goods,1,0
2155,38,26.17,9,202.95,Mobile,New,Fashion,16,1
2156,48,47.96,4,33.72,Desktop,New,Fashion,10,1
2157,41,59.93,4,190.99,Mobile,Returning,Electronics,10,0
2158,37,18.31,16,231.85,Mobile,New,Electronics,7,0
2159,54,19.34,24,0.49,Tablet,New,Home Goods,7,0
2160,21,14.64,17,49.91,Desktop,Returning,Electronics,1,0
2161,45,102.07,15,2.0,Mobile,Returning,Home Goods,13,1
2162,61,35.84,4,191.48,Mobile,New,Fashion,5,0
2163,37,2.61,6,58.45,Tablet,Returning,Electronics,3,1
2164,41,59.62,16,6.23,Mobile,New,Fashion,13,0
2165,67,19.65,29,9.35,Desktop,New,Fashion,12,0
2166,66,2.14,4,38.7,Desktop,New,Home Goods,18,0
2167,68,23.94,6,225.39,Desktop,New,Fashion,5,0
2168,49,16.2,5,94.45,Desktop,Returning,Home Goods,5,1
2169,58,63.05,16,161.77,Desktop,Returning,Fashion,2,1
2170,53,6.84,25,36.51,Desktop,Returning,Fashion,6,1
2171,51,52.54,16,3.53,Desktop,New,Fashion,7,0
2172,53,24.47,10,292.96,Desktop,Returning,Electronics,1,1
2173,19,1.68,9,1.39,Mobile,New,Fashion,3,1
2174,32,107.1,4,235.99,Mobile,New,Electronics,2,0
2175,51,21.56,29,36.8,Desktop,Returning,Electronics,10,1
2176,53,10.31,14,0.81,Tablet,Returning,Fashion,11,0
2177,23,19.01,4,93.48,Mobile,New,Electronics,13,0
2178,56,58.53,12,315.15,Mobile,New,Electronics,16,1
2179,59,19.92,24,0.0,Tablet,Returning,Home Goods,11,1
2180,68,6.42,10,14.04,Desktop,Returning,Fashion,18,0
2181,68,4.15,4,16.0,Mobile,Returning,Fashion,11,1
2182,29,10.61,18,66.69,Desktop,Returning,Fashion,1,1
2183,20,45.43,13,81.14,Tablet,Returning,Electronics,18,1
2184,62,19.14,13,107.59,Desktop,New,Electronics,5,1
2185,35,7.74,14,15.98,Desktop,Returning,Home Goods,2,0
2186,57,5.45,18,255.55,Mobile,New,Home Goods,18,0
2187,38,12.14,1,81.45,Tablet,New,Fashion,7,0
2188,32,84.36,21,150.21,Desktop,Returning,Electronics,11,1
2189,50,12.6,16,62.13,Tablet,Returning,Electronics,11,1
2190,52,133.0,15,42.79,Mobile,New,Home Goods,13,0
2191,43,19.92,22,302.42,Mobile,Returning,Fashion,4,0
2192,25,5.92,25,69.81,Mobile,Returning,Electronics,1,0
2193,53,66.53,5,161.32,Mobile,New,Home Goods,18,1
2194,65,18.51,29,245.11,Desktop,New,Fashion,12,1
2195,47,19.92,6,0.0,Tablet,New,Electronics,10,0
2196,40,123.52,6,0.0,Desktop,New,Home Goods,8,1
2197,59,1.54,3,0.28,Tablet,Returning,Home Goods,3,1
2198,61,3.05,16,3.27,Mobile,Returning,Fashion,7,0
2199,31,38.24,12,17.94,Desktop,Returning,Fashion,11,1
2200,31,9.93,4,16.46,Desktop,New,Fashion,7,0
2201,19,6.11,1,23.52,Desktop,New,Home Goods,7,0
2202,54,1.2,4,29.1,Desktop,New,Home Goods,9,1
2203,22,0.66,1,35.71,Desktop,New,Home Goods,3,0
2204,55,44.68,21,43.65,Desktop,New,Electronics,11,0
2205,62,4.33,27,8.33,Mobile,Returning,Fashion,17,1
2206,58,18.92,27,3.46,Desktop,New,Electronics,8,1
2207,64,27.93,8,89.66,Tablet,Returning,Fashion,2,0
2208,31,16.78,24,61.66,Mobile,Returning,Electronics,1,1
2209,56,0.82,5,46.98,Desktop,Returning,Electronics,16,0
2210,42,45.91,26,80.51,Desktop,New,Electronics,4,1
2211,37,0.32,2,140.67,Desktop,Returning,Home Goods,9,1
2212,19,43.05,12,44.65,Desktop,Returning,Fashion,8,0
2213,56,67.13,22,81.98,Tablet,New,Electronics,1,1
2214,23,17.01,17,245.59,Mobile,Returning,Electronics,8,1
2215,34,23.01,7,146.42,Mobile,Returning,Electronics,5,0
2216,42,19.92,15,0.0,Unknown,New,Electronics,1,1
2217,45,14.79,4,82.79,Desktop,New,Fashion,7,0
2218,19,65.52,5,0.0,Desktop,Returning,Fashion,15,0
2219,52,67.31,6,65.77,Mobile,Returning,Fashion,7,1
2220,54,12.28,11,318.46,Mobile,Returning,Fashion,1,1
2221,22,19.92,15,0.0,Unknown,New,Electronics,9,0
2222,18,78.48,25,210.09,Mobile,Returning,Fashion,1,1
2223,57,98.15,10,41.85,Desktop,New,Electronics,12,0
2224,29,21.34,20,0.0,Desktop,Returning,Fashion,7,1
2225,53,18.09,24,69.25,Desktop,Returning,Electronics,9,0
2226,62,9.8,21,0.0,Mobile,New,Electronics,5,0
2227,40,95.73,11,70.7,Desktop,New,Fashion,12,1
2228,64,4.62,24,25.68,Tablet,Returning,Electronics,2,0
2229,48,26.01,17,2.64,Mobile,Returning,Home Goods,18,1
2230,28,9.96,8,137.56,Mobile,New,Fashion,9,0
2231,27,9.81,27,25.81,Mobile,New,Electronics,1,1
2232,20,15.57,13,127.39,Mobile,Returning,Fashion,10,0
2233,31,201.59,27,27.2,Tablet,Returning,Fashion,14,1
2234,33,1.7,20,17.29,Tablet,New,Electronics,14,0
2235,27,25.92,18,291.77,Tablet,Returning,Fashion,7,1
2236,46,2.59,27,35.91,Desktop,New,Home Goods,12,0
2237,27,5.04,22,73.58,Desktop,New,Fashion,6,0
2238,29,17.37,16,75.32,Mobile,Returning,Fashion,13,1
2239,47,21.43,2,65.76,Desktop,New,Electronics,8,1
2240,58,8.98,5,196.92,Desktop,Returning,Electronics,2,0
2241,18,11.41,18,89.78,Tablet,New,Electronics,10,1
2242,22,2.73,3,41.37,Desktop,Returning,Fashion,6,0
2243,37,10.84,27,158.66,Tablet,New,Home Goods,16,0
2244,25,101.94,22,15.98,Tablet,New,Home Goods,10,0
2245,60,86.85,17,62.86,Tablet,Returning,Electronics,15,1
2246,29,12.23,16,240.54,Mobile,Returning,Home Goods,10,1
2247,18,25.38,6,78.55,Desktop,Returning,Electronics,11,1
2248,37,72.1,19,135.85,Desktop,Returning,Fashion,2,1
2249,45,0.19,7,84.8,Mobile,Returning,Fashion,10,1
2250,60,49.93,18,146.29,Mobile,Returning,Fashion,12,1
2251,54,88.91,14,231.29,Desktop,Returning,Home Goods,11,1
2252,64,2.87,6,25.5,Mobile,Returning,Fashion,15,0
2253,54,5.28,8,14.87,Mobile,Returning,Electronics,4,0
2254,29,97.13,15,52.93,Desktop,Returning,Fashion,5,1
2255,54,23.14,15,96.82,Tablet,New,Electronics,1,1
2256,66,0.43,15,20.62,Desktop,Returning,Fashion,1,0
2257,66,8.94,16,0.33,Mobile,New,Home Goods,10,0
2258,61,17.93,1,33.6,Mobile,New,Fashion,4,0
2259,45,35.42,11,277.54,Mobile,Returning,Home Goods,13,1
2260,64,39.63,27,94.99,Mobile,Returning,Home Goods,14,1
2261,32,161.59,29,41.04,Mobile,Returning,Electronics,19,1
2262,23,10.17,25,17.11,Tablet,Returning,Fashion,5,1
2263,61,23.18,5,35.22,Desktop,New,Fashion,11,1
2264,37,22.86,5,14.89,Mobile,Returning,Home Goods,8,0
2265,67,15.61,29,8.99,Mobile,Returning,Fashion,1,1
2266,31,5.56,28,189.79,Desktop,New,Fashion,5,1
2267,19,113.77,21,484.28,Desktop,New,Electronics,18,1
2268,26,57.58,6,14.34,Mobile,Returning,Fashion,13,0
2269,54,20.69,2,4.49,Tablet,Returning,Fashion,5,0
2270,37,27.73,6,32.01,Mobile,Returning,Electronics,7,1
2271,43,7.73,14,49.54,Mobile,Returning,Fashion,12,0
2272,46,23.54,11,18.34,Mobile,Returning,Fashion,2,0
2273,18,35.62,4,28.7,Desktop,New,Electronics,13,1
2274,52,21.72,24,17.94,Mobile,Returning,Fashion,14,0
2275,23,139.02,29,119.07,Mobile,New,Electronics,6,1
2276,54,28.35,27,0.0,Mobile,New,Fashion,16,1
2277,22,13.91,25,80.62,Desktop,Returning,Electronics,10,0
2278,50,44.37,9,39.18,Mobile,Returning,Electronics,11,1
2279,66,5.61,24,191.79,Mobile,Returning,Electronics,1,1
2280,68,14.56,3,279.29,Mobile,Returning,Fashion,15,0
2281,31,19.92,15,0.0,Unknown,New,Fashion,16,0
2282,29,16.96,16,20.19,Desktop,New,Home Goods,10,0
2283,59,45.67,11,59.66,Mobile,New,Fashion,10,0
2284,37,19.86,27,7.65,Mobile,Returning,Electronics,3,1
2285,67,47.4,4,45.88,Desktop,Returning,Home Goods,11,1
2286,41,25.78,1,69.74,Mobile,Returning,Electronics,11,1
2287,60,12.56,25,59.06,Mobile,New,Fashion,16,0
2288,51,49.82,21,32.15,Mobile,Returning,Fashion,6,1
2289,42,8.17,22,62.55,Tablet,Returning,Home Goods,9,0
2290,67,7.62,16,255.15,Desktop,Returning,Electronics,1,1
2291,46,21.07,19,18.46,Desktop,Returning,Electronics,6,0
2292,56,9.07,16,85.1,Tablet,Returning,Electronics,18,1
2293,48,0.27,11,3.55,Tablet,New,Home Goods,13,1
2294,64,31.35,26,5.5,Desktop,New,Electronics,2,0
2295,60,21.47,8,64.21,Desktop,New,Fashion,19,1
2296,67,17.69,23,8.87,Mobile,New,Electronics,2,0
2297,40,102.31,1,1.81,Mobile,New,Electronics,4,1
2298,61,25.4,26,15.05,Desktop,New,Fashion,4,0
2299,55,59.73,28,66.57,Tablet,New,Home Goods,10,1
2300,37,4.51,21,97.21,Mobile,Returning,Fashion,17,1
2301,40,25.26,26,18.1,Desktop,Returning,Electronics,16,0
2302,62,60.74,9,88.27,Mobile,Returning,Fashion,8,1
2303,69,26.25,28,16.12,Mobile,New,Fashion,6,1
2304,33,37.98,27,76.04,Mobile,New,Electronics,2,1
2305,67,13.96,12,42.48,Desktop,New,Home Goods,15,1
2306,59,2.91,22,84.86,Mobile,Returning,Electronics,11,0
2307,25,18.37,8,424.71,Desktop,Returning,Fashion,16,1
2308,67,15.05,26,222.21,Tablet,New,Electronics,4,1
2309,38,60.54,17,0.34,Tablet,Returning,Fashion,11,1
2310,18,8.39,10,173.33,Mobile,New,Fashion,14,1
2311,25,102.1,27,5.5,Tablet,Returning,Fashion,8,1
2312,46,95.2,7,244.69,Mobile,New,Fashion,6,1
2313,49,8.54,19,26.48,Mobile,New,Electronics,19,1
2314,55,12.83,25,38.51,Desktop,Returning,Electronics,4,0
2315,22,67.77,6,7.69,Mobile,Returning,Fashion,4,1
2316,64,102.0,21,9.53,Mobile,Returning,Home Goods,6,1
2317,39,17.58,24,103.79,Mobile,Returning,Fashion,11,1
2318,64,11.61,24,231.07,Desktop,New,Home Goods,1,1
2319,51,22.4,28,75.48,Mobile,Returning,Electronics,2,1
2320,18,34.92,28,100.66,Desktop,Returning,Fashion,9,1
2321,43,9.58,19,114.83,Desktop,Returning,Home Goods,16,0
2322,60,40.01,18,24.39,Desktop,Returning,Fashion,6,1
2323,27,1.59,15,3.7,Tablet,Returning,Electronics,9,1
2324,47,19.92,15,0.0,Unknown,New,Fashion,19,0
2325,67,14.65,14,34.54,Mobile,Returning,Electronics,5,1
2326,35,13.08,21,22.11,Mobile,Returning,Electronics,10,0
2327,34,11.38,10,5.15,Mobile,Returning,Fashion,7,0
2328,43,20.26,28,15.83,Desktop,Returning,Fashion,2,1
2329,25,11.6,16,10.64,Mobile,Returning,Electronics,4,1
2330,64,6.41,7,0.0,Mobile,New,Fashion,8,0
2331,57,11.11,8,12.09,Desktop,New,Fashion,3,0
2332,66,110.55,10,61.71,Desktop,Returning,Electronics,2,1
2333,29,15.89,15,71.94,Desktop,New,Home Goods,9,0
2334,44,17.65,8,62.73,Desktop,Returning,Fashion,11,0
2335,25,25.78,13,8.35,Desktop,Returning,Fashion,4,1
2336,42,122.84,12,30.71,Desktop,Returning,Home Goods,9,1
2337,63,8.3,8,4.21,Mobile,Returning,Fashion,6,1
2338,21,34.3,15,40.29,Tablet,Returning,Electronics,1,0
2339,50,37.76,26,16.72,Desktop,Returning,Home Goods,3,1
2340,18,19.92,12,0.0,Mobile,New,Home Goods,7,0
2341,36,2.78,11,94.42,Mobile,Returning,Fashion,9,1
2342,48,33.89,19,60.76,Desktop,Returning,Fashion,8,1
2343,33,1.99,14,45.57,Tablet,New,Fashion,13,0
2344,31,27.2,27,39.19,Mobile,Returning,Home Goods,18,0
2345,65,40.36,18,147.46,Mobile,Returning,Home Goods,19,1
2346,22,7.11,13,19.81,Tablet,Returning,Fashion,9,0
2347,58,55.28,4,106.01,Tablet,New,Electronics,6,0
2348,43,0.92,17,113.33,Mobile,Returning,Home Goods,12,1
2349,45,55.7,19,43.47,Mobile,New,Fashion,4,1
2350,19,18.5,27,28.23,Desktop,Returning,Fashion,9,0
2351,67,7.36,9,50.87,Mobile,Returning,Fashion,10,1
2352,23,19.92,15,0.0,Unknown,New,Electronics,3,0
2353,26,91.92,7,3.76,Mobile,Returning,Home Goods,17,1
2354,50,2.26,1,9.47,Mobile,New,Home Goods,7,0
2355,58,6.66,7,16.58,Mobile,New,Fashion,8,0
2356,42,12.82,26,56.12,Mobile,New,Fashion,11,1
2357,65,29.05,7,151.31,Mobile,Returning,Electronics,13,1
2358,30,19.92,20,0.0,Mobile,Returning,Home Goods,3,1
2359,26,4.03,7,218.87,Desktop,New,Electronics,19,1
2360,30,10.26,8,247.92,Mobile,New,Electronics,14,0
2361,48,8.18,16,255.35,Tablet,Returning,Electronics,16,1
2362,58,7.21,3,145.4,Mobile,Returning,Fashion,15,1
2363,28,15.89,13,36.18,Desktop,New,Electronics,2,0
2364,21,36.53,10,6.04,Mobile,New,Home Goods,6,1
2365,51,7.36,18,67.3,Mobile,New,Fashion,7,0
2366,55,13.7,7,65.44,Desktop,New,Electronics,9,1
2367,63,14.87,21,151.76,Desktop,New,Fashion,9,0
2368,21,112.47,21,441.54,Desktop,New,Electronics,17,1
2369,55,92.81,5,56.77,Desktop,Returning,Electronics,3,1
2370,36,48.3,23,33.87,Desktop,Returning,Electronics,4,1
2371,23,19.92,25,0.0,Mobile,New,Home Goods,2,1
2372,51,2.11,27,0.38,Tablet,Returning,Fashion,1,0
2373,35,11.43,24,56.92,Desktop,Returning,Electronics,10,1
2374,30,9.31,22,64.87,Tablet,Returning,Fashion,3,1
2375,58,21.15,7,0.0,Desktop,New,Home Goods,10,1
2376,40,45.12,25,56.19,Mobile,Returning,Fashion,9,1
2377,36,58.63,27,198.6,Mobile,Returning,Home Goods,17,1
2378,62,19.92,15,0.0,Unknown,New,Fashion,15,1
2379,28,13.37,17,146.77,Desktop,Returning,Fashion,3,1
2380,18,34.87,4,12.84,Desktop,Returning,Fashion,3,1
2381,41,11.26,24,154.67,Desktop,Returning,Home Goods,4,1
2382,24,1.89,23,89.95,Mobile,New,Fashion,4,0
2383,42,36.28,16,14.93,Mobile,New,Fashion,17,0
2384,38,0.3,19,16.83,Mobile,Returning,Fashion,6,1
2385,32,15.79,10,208.84,Desktop,New,Fashion,11,0
2386,18,11.99,3,2.62,Desktop,Returning,Fashion,12,0
2387,29,35.46,27,49.67,Mobile,New,Electronics,7,1
2388,24,43.6,3,30.09,Desktop,Returning,Fashion,13,1
2389,32,10.88,28,87.51,Mobile,Returning,Electronics,6,1
2390,38,50.08,17,146.42,Mobile,New,Fashion,3,1
2391,36,10.44,10,35.75,Desktop,Returning,Electronics,14,1
2392,46,17.74,17,44.54,Mobile,Returning,Electronics,14,1
2393,42,38.95,22,321.03,Desktop,New,Fashion,10,1
2394,50,35.42,17,122.57,Desktop,New,Fashion,5,1
2395,66,131.15,21,182.0,Tablet,New,Fashion,2,0
2396,49,7.65,4,46.21,Mobile,New,Fashion,6,0
2397,66,32.57,21,21.33,Mobile,Returning,Electronics,11,1
2398,52,28.22,23,42.46,Desktop,Returning,Electronics,18,1
2399,61,73.99,6,100.73,Desktop,New,Electronics,11,1
2400,55,5.1,12,9.27,Desktop,New,Fashion,15,0
2401,43,41.81,25,25.23,Mobile,New,Fashion,3,1
2402,28,25.2,22,3.82,Mobile,Returning,Fashion,2,0
2403,52,9.63,25,45.3,Desktop,New,Electronics,7,0
2404,25,19.3,20,140.56,Desktop,Returning,Electronics,5,0
2405,63,12.18,17,2.0,Mobile,New,Fashion,13,1
2406,31,25.98,17,89.99,Mobile,Returning,Home Goods,8,1
2407,27,65.95,10,215.65,Desktop,New,Fashion,9,1
2408,19,25.27,7,21.63,Mobile,Returning,Home Goods,8,0
2409,63,29.97,29,94.64,Mobile,Returning,Fashion,10,1
2410,26,21.94,16,295.44,Mobile,Returning,Home Goods,2,1
2411,20,1.58,29,262.2,Mobile,Returning,Fashion,10,0
2412,38,7.95,13,21.42,Desktop,Returning,Home Goods,11,1
2413,43,20.32,3,8.46,Mobile,Returning,Fashion,11,0
2414,25,19.92,15,0.0,Unknown,New,Fashion,5,0
2415,65,6.02,16,96.86,Mobile,Returning,Fashion,14,1
2416,19,21.04,6,103.5,Mobile,Returning,Home Goods,3,1
2417,23,11.69,6,89.73,Desktop,Returning,Home Goods,2,0
2418,45,8.96,13,32.77,Mobile,New,Fashion,18,0
2419,46,18.71,7,14.88,Desktop,Returning,Electronics,1,0
2420,43,4.29,5,69.55,Mobile,Returning,Electronics,1,1
2421,42,78.83,24,52.88,Mobile,New,Fashion,17,1
2422,29,60.68,7,104.4,Mobile,Returning,Fashion,6,0
2423,22,36.89,2,46.58,Mobile,New,Home Goods,13,1
2424,51,3.37,17,33.08,Desktop,Returning,Electronics,1,0
2425,65,44.87,13,27.79,Mobile,Returning,Fashion,6,1
2426,54,49.5,25,19.01,Desktop,New,Fashion,8,1
2427,32,43.8,21,24.71,Mobile,Returning,Fashion,13,1
2428,61,3.63,28,7.97,Mobile,New,Electronics,2,0
2429,53,30.98,27,34.08,Mobile,New,Fashion,8,1
2430,32,53.93,21,2.98,Desktop,New,Electronics,1,1
2431,60,25.84,28,16.5,Mobile,Returning,Fashion,13,0
2432,65,31.19,16,109.88,Mobile,Returning,Fashion,1,1
2433,40,18.39,26,31.5,Mobile,New,Fashion,10,0
2434,23,22.57,20,88.27,Mobile,Returning,Home Goods,5,0
2435,63,1.05,2,100.95,Tablet,New,Fashion,13,0
2436,67,30.56,5,69.63,Desktop,Returning,Home Goods,5,0
2437,61,2.55,18,254.95,Desktop,New,Fashion,10,1
2438,60,17.13,28,1.73,Desktop,New,Electronics,3,0
2439,62,10.39,7,107.35,Desktop,New,Fashion,2,1
2440,38,23.65,11,255.12,Mobile,Returning,Electronics,2,1
2441,40,4.3,25,158.6,Desktop,Returning,Home Goods,5,1
2442,60,35.29,25,14.7,Mobile,Returning,Fashion,4,0
2443,33,47.54,11,31.66,Mobile,New,Fashion,2,0
2444,64,5.35,22,15.14,Desktop,Returning,Electronics,9,0
2445,32,3.3,17,73.57,Desktop,Returning,Fashion,9,1
2446,42,4.72,16,99.64,Desktop,New,Electronics,9,0
2447,53,62.9,13,30.51,Desktop,New,Fashion,4,0
2448,28,22.54,22,62.04,Mobile,New,Electronics,8,0
2449,68,18.89,5,93.93,Mobile,Returning,Electronics,18,1
2450,32,3.39,20,43.76,Mobile,Returning,Fashion,9,1
2451,21,31.46,16,153.94,Desktop,Returning,Electronics,3,1
2452,38,19.92,15,0.0,Unknown,New,Electronics,6,1
2453,30,52.84,22,5.35,Mobile,New,Fashion,19,1
2454,39,29.51,22,77.64,Mobile,Returning,Fashion,5,0
2455,36,2.35,16,21.46,Mobile,New,Electronics,17,1
2456,51,3.58,16,65.23,Tablet,Returning,Fashion,19,1
2457,31,1.52,14,251.52,Desktop,Returning,Home Goods,3,1
2458,21,8.93,6,169.0,Mobile,New,Electronics,8,1
2459,65,4.37,2,41.47,Tablet,Returning,Fashion,9,0
2460,69,9.04,14,27.57,Desktop,Returning,Home Goods,8,0
2461,63,14.59,16,21.37,Mobile,Returning,Fashion,14,0
2462,44,85.93,23,60.83,Tablet,Returning,Electronics,10,1
2463,46,28.28,20,9.71,Mobile,New,Fashion,17,0
2464,64,54.05,13,63.75,Mobile,Returning,Electronics,3,1
2465,45,19.92,15,0.0,Unknown,New,Electronics,3,0
2466,52,3.58,12,31.31,Desktop,Returning,Electronics,3,0
2467,25,39.95,9,19.87,Desktop,Returning,Fashion,4,0
2468,33,9.65,26,283.84,Mobile,Returning,Fashion,17,1
2469,59,19.92,15,0.0,Unknown,New,Fashion,14,1
2470,53,12.51,21,34.42,Mobile,New,Fashion,2,0
2471,47,181.89,14,7.8,Desktop,New,Fashion,12,0
2472,35,9.18,20,58.19,Desktop,New,Electronics,5,0
2473,19,9.82,25,19.21,Mobile,New,Home Goods,2,0
2474,66,80.07,4,61.5,Mobile,New,Fashion,12,0
2475,30,0.75,8,144.32,Tablet,Returning,Fashion,9,1
2476,21,35.79,8,76.53,Mobile,Returning,Home Goods,9,0
2477,43,38.77,22,80.36,Desktop,Returning,Home Goods,1,0
2478,42,54.31,22,62.3,Desktop,Returning,Electronics,7,1
2479,47,110.0,16,209.68,Desktop,New,Fashion,18,1
2480,28,111.4,27,214.95,Mobile,Returning,Electronics,10,1
2481,24,2.03,24,0.0,Mobile,Returning,Home Goods,15,1
2482,48,51.75,28,29.19,Mobile,New,Fashion,9,1
2483,61,31.18,29,49.23,Tablet,Returning,Electronics,11,0
2484,27,19.92,28,0.0,Mobile,New,Electronics,1,0
2485,56,4.12,10,80.92,Mobile,New,Fashion,11,1
2486,30,31.51,25,55.47,Tablet,New,Electronics,1,1
2487,48,121.34,21,8.72,Desktop,Returning,Electronics,5,0
2488,24,72.85,27,17.62,Mobile,Returning,Electronics,18,1
2489,66,17.35,17,52.26,Tablet,Returning,Electronics,1,0
2490,59,1.22,1,174.85,Desktop,Returning,Fashion,10,0
2491,59,13.5,18,66.85,Mobile,New,Electronics,13,1
2492,53,52.53,10,91.54,Mobile,Returning,Electronics,8,1
2493,37,36.27,26,33.12,Desktop,Returning,Home Goods,13,0
2494,21,18.45,21,67.78,Desktop,New,Fashion,2,0
2495,24,1.7,4,47.45,Mobile,Returning,Fashion,12,0
2496,18,16.7,1,86.1,Mobile,New,Home Goods,13,0
2497,61,18.99,4,4.15,Mobile,New,Electronics,8,0
2498,62,79.17,4,54.39,Desktop,Returning,Home Goods,15,1
2499,59,30.74,26,28.08,Mobile,Returning,Fashion,7,1
2500,64,11.2,4,31.58,Mobile,Returning,Fashion,7,0
2501,30,22.35,17,259.37,Desktop,Returning,Fashion,17,1
2502,39,2.05,9,16.14,Desktop,New,Home Goods,19,0
2503,38,107.88,19,29.83,Desktop,Returning,Home Goods,3,0
2504,39,13.39,13,57.05,Mobile,Returning,Electronics,7,0
2505,45,19.5,4,159.04,Mobile,Returning,Fashion,12,1
2506,26,13.17,5,43.12,Mobile,Returning,Fashion,14,0
2507,43,34.42,29,108.96,Tablet,Returning,Electronics,2,1
2508,26,32.56,13,155.24,Desktop,Returning,Electronics,7,1
2509,32,37.69,23,29.69,Mobile,Returning,Electronics,16,1
2510,27,9.37,16,39.91,Mobile,Returning,Fashion,9,0
2511,41,11.38,22,35.27,Desktop,Returning,Electronics,1,0
2512,59,4.01,5,143.11,Desktop,New,Fashion,12,0
2513,25,31.97,8,3.63,Mobile,Returning,Electronics,2,0
2514,41,1.22,16,29.5,Desktop,Returning,Electronics,18,0
2515,33,27.32,1,91.01,Desktop,Returning,Home Goods,14,1
2516,66,19.92,15,0.0,Unknown,New,Electronics,12,1
2517,43,66.45,28,45.86,Tablet,New,Fashion,18,1
2518,44,17.88,6,62.11,Desktop,New,Fashion,5,0
2519,54,18.45,11,17.61,Desktop,New,Home Goods,7,0
2520,21,2.4,16,45.07,Tablet,New,Fashion,4,1
2521,67,33.33,5,55.72,Mobile,Returning,Fashion,13,1
2522,41,51.65,16,185.16,Mobile,New,Home Goods,16,1
2523,36,8.42,7,24.18,Tablet,Returning,Electronics,16,0
2524,53,16.41,19,161.89,Desktop,Returning,Electronics,19,0
2525,56,54.76,1,82.68,Tablet,New,Fashion,4,0
2526,27,62.9,9,1.64,Mobile,New,Home Goods,1,0
2527,42,8.36,18,103.17,Desktop,Returning,Fashion,13,1
2528,35,19.92,15,0.0,Unknown,New,Fashion,9,0
2529,36,6.41,26,475.6,Desktop,New,Fashion,10,1
2530,53,3.22,15,164.86,Mobile,Returning,Fashion,6,1
2531,27,72.61,3,28.23,Mobile,Returning,Home Goods,7,1
2532,50,51.53,24,23.81,Mobile,Returning,Electronics,16,0
2533,67,42.82,28,38.43,Desktop,New,Electronics,17,0
2534,22,1.5,10,35.23,Mobile,New,Home Goods,1,0
2535,64,55.68,9,37.26,Mobile,Returning,Fashion,9,1
2536,66,17.29,13,30.65,Mobile,Returning,Fashion,14,0
2537,52,12.57,16,77.65,Mobile,Returning,Electronics,15,0
2538,61,23.72,3,14.36,Tablet,New,Electronics,4,0
2539,51,2.87,22,149.65,Mobile,New,Electronics,8,1
2540,50,42.4,23,133.88,Mobile,New,Fashion,15,1
2541,38,26.2,15,51.77,Desktop,Returning,Electronics,4,1
2542,34,6.2,17,153.24,Desktop,New,Fashion,19,0
2543,39,6.26,14,22.71,Desktop,Returning,Fashion,3,0
2544,65,6.11,7,1.42,Desktop,New,Fashion,8,0
2545,54,1.76,20,77.24,Tablet,Returning,Fashion,2,1
2546,32,26.59,16,48.99,Mobile,New,Fashion,8,0
2547,52,55.04,21,66.99,Tablet,Returning,Fashion,8,1
2548,45,0.53,8,183.68,Desktop,New,Home Goods,17,1
2549,24,1.51,4,280.33,Desktop,Returning,Home Goods,16,1
2550,49,25.51,20,80.51,Desktop,Returning,Electronics,16,1
2551,28,51.36,24,115.53,Desktop,New,Home Goods,16,1
2552,27,11.87,15,7.0,Mobile,Returning,Home Goods,7,1
2553,26,12.91,5,14.02,Mobile,Returning,Fashion,15,0
2554,31,27.22,13,105.7,Tablet,Returning,Electronics,17,1
2555,30,9.61,6,45.16,Desktop,Returning,Home Goods,3,0
2556,42,0.81,28,47.24,Mobile,Returning,Electronics,1,0
2557,19,39.87,27,29.52,Desktop,New,Fashion,8,1
2558,52,29.48,5,74.79,Desktop,New,Electronics,7,1
2559,24,26.08,17,16.38,Mobile,Returning,Fashion,18,1
2560,38,40.61,7,78.88,Desktop,Returning,Fashion,5,1
2561,35,33.74,6,15.27,Desktop,New,Fashion,15,1
2562,20,6.92,2,5.28,Mobile,Returning,Fashion,7,0
2563,59,13.04,11,32.08,Tablet,New,Fashion,10,1
2564,56,4.04,7,21.03,Mobile,Returning,Home Goods,16,1
2565,58,4.17,22,175.85,Mobile,Returning,Fashion,2,0
2566,66,33.83,21,4.52,Mobile,Returning,Fashion,18,0
2567,28,58.68,8,15.55,Desktop,New,Fashion,15,0
2568,56,98.69,5,63.65,Mobile,Returning,Electronics,19,1
2569,41,29.69,27,52.48,Mobile,Returning,Home Goods,14,1
2570,63,6.1,18,3.75,Desktop,Returning,Fashion,2,0
2571,36,19.92,15,0.0,Unknown,New,Fashion,18,0
2572,21,50.28,16,354.28,Desktop,Returning,Electronics,9,1
2573,43,25.94,14,86.03,Desktop,Returning,Electronics,1,0
2574,55,28.89,12,36.38,Tablet,Returning,Fashion,16,0
2575,59,45.62,17,50.86,Desktop,Returning,Fashion,12,1
2576,49,19.92,15,0.0,Unknown,New,Electronics,12,0
2577,56,53.96,14,33.83,Mobile,New,Fashion,19,0
2578,62,1.74,6,83.77,Tablet,Returning,Home Goods,10,1
2579,63,41.29,15,171.52,Desktop,Returning,Fashion,5,1
2580,53,57.08,7,16.28,Mobile,New,Fashion,3,1
2581,57,10.11,14,146.79,Desktop,Returning,Home Goods,9,1
2582,54,30.69,18,10.37,Mobile,New,Home Goods,15,0
2583,50,11.31,1,19.36,Tablet,New,Fashion,14,0
2584,53,95.08,6,3.03,Tablet,Returning,Home Goods,11,1
2585,20,1.02,3,0.0,Tablet,Returning,Electronics,13,1
2586,26,26.01,5,199.41,Tablet,Returning,Fashion,7,1
2587,25,19.92,15,0.0,Unknown,New,Electronics,2,1
2588,50,37.37,11,6.47,Mobile,Returning,Fashion,3,0
2589,23,5.8,13,256.97,Desktop,Returning,Fashion,8,1
2590,58,8.05,16,168.95,Desktop,Returning,Fashion,1,1
2591,56,20.46,18,112.42,Tablet,Returning,Electronics,4,1
2592,21,73.89,17,216.81,Desktop,Returning,Home Goods,13,1
2593,30,7.14,17,19.89,Mobile,New,Fashion,14,1
2594,66,4.67,29,144.81,Desktop,Returning,Fashion,9,1
2595,19,42.69,11,93.69,Desktop,Returning,Electronics,3,1
2596,22,20.83,20,163.07,Mobile,Returning,Electronics,14,1
2597,61,72.84,10,127.53,Mobile,Returning,Home Goods,4,0
2598,44,4.76,29,34.03,Desktop,New,Fashion,17,1
2599,49,31.15,16,119.12,Mobile,Returning,Electronics,15,0
2600,38,7.95,2,24.35,Mobile,New,Fashion,12,0
2601,25,5.12,17,31.87,Mobile,New,Electronics,14,0
2602,55,34.51,22,9.13,Tablet,Returning,Fashion,19,1
2603,25,27.02,20,218.76,Desktop,Returning,Fashion,10,1
2604,67,42.17,10,27.51,Mobile,Returning,Electronics,5,0
2605,20,11.11,13,58.82,Desktop,New,Home Goods,17,1
2606,61,17.82,12,39.72,Desktop,Returning,Electronics,17,0
2607,20,15.6,15,257.37,Mobile,Returning,Home Goods,3,1
2608,39,124.22,7,32.64,Mobile,New,Fashion,16,0
2609,23,10.37,27,120.6,Desktop,New,Electronics,9,1
2610,19,10.48,22,154.71,Mobile,New,Electronics,17,1
2611,40,13.13,21,45.76,Desktop,Returning,Electronics,12,0
2612,61,24.94,26,38.01,Mobile,Returning,Home Goods,2,1
2613,19,8.72,28,110.19,Mobile,Returning,Home Goods,16,0
2614,55,74.06,13,195.25,Tablet,Returning,Electronics,6,0
2615,34,9.26,12,112.5,Mobile,Returning,Electronics,2,0
2616,52,67.85,12,20.61,Desktop,Returning,Home Goods,9,0
2617,51,3.28,28,175.36,Mobile,Returning,Fashion,5,1
2618,40,32.06,2,39.23,Mobile,Returning,Home Goods,18,0
2619,47,71.25,5,68.69,Mobile,Returning,Home Goods,18,1
2620,69,5.54,25,142.44,Mobile,Returning,Electronics,10,0
2621,25,103.57,25,16.7,Mobile,New,Electronics,10,1
2622,39,18.09,2,122.79,Mobile,New,Fashion,10,0
2623,61,87.41,23,72.54,Desktop,Returning,Fashion,18,1
2624,53,33.89,26,179.05,Desktop,New,Electronics,16,1
2625,22,10.77,20,15.1,Mobile,Returning,Fashion,6,1
2626,30,6.26,13,43.67,Tablet,Returning,Electronics,12,1
2627,46,10.86,29,143.11,Mobile,New,Home Goods,4,1
2628,48,2.93,3,1.55,Mobile,Returning,Fashion,16,0
2629,64,4.66,11,9.52,Desktop,Returning,Fashion,11,1
2630,33,3.32,16,373.07,Mobile,New,Electronics,1,1
2631,59,16.49,1,26.32,Mobile,Returning,Fashion,5,0
2632,47,47.63,19,296.87,Mobile,Returning,Electronics,17,1
2633,33,4.57,11,16.12,Desktop,New,Electronics,11,1
2634,29,19.92,15,0.0,Unknown,New,Fashion,14,0
2635,34,30.94,14,111.83,Mobile,New,Fashion,9,1
2636,33,6.59,9,85.78,Mobile,New,Home Goods,10,1
2637,29,3.08,7,69.61,Desktop,New,Fashion,4,1
2638,25,5.48,16,60.38,Desktop,Returning,Electronics,2,0
2639,37,77.2,3,148.35,Mobile,New,Home Goods,6,0
2640,20,51.69,29,21.42,Mobile,Returning,Home Goods,3,1
2641,33,13.11,19,46.74,Mobile,New,Fashion,13,0
2642,47,32.0,4,13.52,Desktop,Returning,Electronics,12,0
2643,62,23.12,7,72.5,Desktop,Returning,Electronics,18,1
2644,40,33.91,23,23.07,Mobile,Returning,Electronics,6,1
2645,45,34.43,28,32.5,Mobile,Returning,Home Goods,10,1
2646,68,29.73,12,50.98,Tablet,New,Electronics,6,1
2647,57,9.28,18,2.17,Desktop,Returning,Fashion,5,1
2648,22,1.19,28,7.72,Desktop,New,Electronics,15,0
2649,37,18.24,5,92.65,Mobile,New,Electronics,15,0
2650,57,66.49,23,44.83,Desktop,Returning,Electronics,12,1
2651,61,25.28,23,160.07,Desktop,Returning,Fashion,9,1
2652,18,53.58,22,94.91,Mobile,New,Fashion,13,1
2653,47,143.47,26,0.65,Tablet,Returning,Home Goods,16,0
2654,38,19.92,15,0.0,Unknown,New,Fashion,2,0
2655,37,35.31,12,7.87,Desktop,Returning,Fashion,17,1
2656,23,33.65,8,121.47,Desktop,New,Home Goods,9,1
2657,39,117.29,19,381.49,Mobile,New,Electronics,19,1
2658,35,127.22,15,60.61,Mobile,Returning,Fashion,6,0
2659,25,34.82,1,91.85,Mobile,New,Electronics,4,1
2660,56,19.92,15,0.0,Unknown,New,Electronics,15,1
2661,49,48.07,27,46.04,Mobile,Returning,Electronics,18,1
2662,50,3.4,18,155.09,Tablet,Returning,Home Goods,12,1
2663,33,45.52,18,14.66,Mobile,Returning,Fashion,12,0
2664,29,72.3,2,24.69,Desktop,Returning,Electronics,17,0
2665,55,14.48,5,47.17,Desktop,Returning,Fashion,7,0
2666,69,29.88,29,99.65,Desktop,Returning,Fashion,5,1
2667,51,16.87,1,37.71,Tablet,New,Electronics,12,0
2668,31,17.28,10,210.19,Tablet,Returning,Fashion,17,0
2669,53,11.15,20,7.94,Mobile,Returning,Electronics,2,0
2670,50,43.08,10,37.07,Mobile,Returning,Fashion,4,1
2671,40,82.55,5,98.74,Mobile,Returning,Fashion,2,1
2672,67,84.78,18,20.49,Desktop,Returning,Electronics,14,1
2673,62,5.76,21,85.47,Mobile,Returning,Electronics,14,1
2674,19,62.32,26,14.35,Desktop,Returning,Fashion,13,1
2675,58,40.12,15,4.61,Mobile,Returning,Home Goods,17,1
2676,38,8.74,20,10.32,Desktop,New,Fashion,17,1
2677,19,2.09,8,212.72,Desktop,New,Fashion,18,1
2678,44,9.36,17,64.19,Desktop,Returning,Fashion,3,0
2679,26,72.98,12,127.31,Desktop,Returning,Fashion,16,1
2680,18,30.09,21,32.36,Mobile,Returning,Fashion,19,0
2681,28,38.3,27,71.85,Mobile,New,Home Goods,6,1
2682,20,8.92,12,54.65,Desktop,New,Electronics,6,1
2683,69,38.12,26,233.11,Mobile,New,Fashion,18,1
2684,40,0.86,1,110.13,Tablet,Returning,Home Goods,9,1
2685,43,14.12,26,104.91,Tablet,New,Fashion,18,1
2686,21,29.57,26,3.8,Desktop,New,Fashion,6,0
2687,35,4.74,4,63.82,Mobile,Returning,Fashion,9,0
2688,23,51.95,8,50.34,Desktop,Returning,Fashion,18,1
2689,52,8.04,1,210.31,Mobile,New,Electronics,16,0
2690,39,19.92,27,0.0,Mobile,Returning,Fashion,13,0
2691,60,15.59,15,25.16,Mobile,Returning,Electronics,11,0
2692,32,27.19,18,42.39,Mobile,Returning,Electronics,8,1
2693,39,3.41,1,22.31,Mobile,Returning,Home Goods,17,0
2694,54,0.51,11,11.07,Mobile,Returning,Electronics,9,0
2695,69,72.09,23,155.83,Tablet,New,Fashion,6,1
2696,59,9.43,2,65.37,Mobile,New,Fashion,1,0
2697,29,19.92,15,0.0,Tablet,Returning,Electronics,1,1
2698,64,220.17,12,142.29,Mobile,Returning,Fashion,13,0
2699,66,7.13,16,26.51,Mobile,Returning,Fashion,7,0
2700,59,9.24,22,63.48,Desktop,New,Electronics,10,1
2701,55,32.62,22,6.95,Desktop,Returning,Fashion,18,1
2702,35,100.96,10,197.45,Mobile,New,Home Goods,6,1
2703,62,74.24,18,41.44,Mobile,Returning,Fashion,13,1
2704,52,20.97,15,40.03,Mobile,New,Home Goods,5,1
2705,47,47.56,17,28.85,Mobile,Returning,Home Goods,15,1
2706,41,4.38,10,49.39,Desktop,New,Fashion,12,1
2707,59,113.74,3,23.2,Desktop,New,Electronics,11,0
2708,47,19.92,26,0.0,Mobile,New,Electronics,8,1
2709,31,5.36,21,128.73,Tablet,Returning,Electronics,5,0
2710,23,10.68,16,143.78,Mobile,New,Electronics,8,1
2711,20,3.17,6,29.01,Desktop,Returning,Electronics,5,0
2712,33,9.51,3,50.64,Desktop,Returning,Fashion,10,0
2713,24,50.78,9,165.6,Tablet,Returning,Fashion,15,1
2714,69,14.26,11,4.33,Mobile,New,Home Goods,6,0
2715,31,2.78,21,175.96,Desktop,Returning,Fashion,18,0
2716,26,12.57,13,19.79,Mobile,Returning,Fashion,3,0
2717,32,119.51,18,90.79,Desktop,Returning,Fashion,9,1
2718,38,29.8,26,69.89,Mobile,Returning,Home Goods,10,1
2719,52,16.14,22,64.41,Mobile,Returning,Electronics,7,1
2720,19,5.47,28,156.92,Tablet,Returning,Home Goods,19,1
2721,44,128.44,24,8.57,Mobile,Returning,Home Goods,2,0
2722,19,51.59,27,34.1,Tablet,Returning,Home Goods,8,1
2723,52,9.92,22,61.82,Tablet,New,Electronics,7,1
2724,35,2.18,4,133.4,Desktop,New,Fashion,5,1
2725,31,1.75,22,19.51,Mobile,New,Fashion,4,1
2726,37,3.85,24,129.94,Mobile,New,Electronics,11,1
2727,35,26.08,8,40.82,Tablet,Returning,Fashion,10,1
2728,27,79.25,13,0.0,Mobile,Returning,Electronics,1,1
2729,42,20.6,10,113.83,Desktop,New,Electronics,4,1
2730,19,55.53,2,7.62,Desktop,Returning,Electronics,6,0
2731,42,17.71,8,57.85,Tablet,New,Fashion,18,1
2732,50,36.99,6,5.28,Desktop,Returning,Fashion,13,0
2733,53,39.49,16,35.26,Desktop,Returning,Electronics,13,1
2734,48,5.73,18,73.52,Mobile,New,Fashion,1,0
2735,31,13.45,17,64.98,Mobile,Returning,Electronics,4,1
2736,18,30.43,6,41.49,Mobile,New,Electronics,4,0
2737,63,2.2,13,44.84,Tablet,Returning,Home Goods,18,0
2738,33,13.46,23,20.57,Desktop,Returning,Home Goods,18,0
2739,63,22.96,14,48.69,Desktop,New,Electronics,18,0
2740,69,167.38,26,245.04,Desktop,Returning,Electronics,15,1
2741,20,19.3,21,152.01,Desktop,New,Fashion,18,0
2742,52,50.79,10,12.55,Mobile,New,Fashion,15,0
2743,58,16.97,24,2.42,Mobile,Returning,Electronics,17,0
2744,23,47.75,11,216.87,Mobile,Returning,Electronics,5,1
2745,42,27.15,13,59.85,Desktop,Returning,Electronics,11,1
2746,30,65.3,12,61.75,Mobile,Returning,Fashion,16,1
2747,51,15.88,9,121.39,Desktop,Returning,Home Goods,2,0
2748,25,27.81,4,30.23,Desktop,New,Fashion,17,0
2749,38,29.83,7,52.61,Mobile,Returning,Home Goods,1,1
2750,51,16.21,24,277.04,Mobile,Returning,Electronics,18,0
2751,21,4.68,29,89.22,Mobile,Returning,Fashion,17,0
2752,42,2.95,22,13.35,Mobile,New,Fashion,18,0
2753,32,0.5,2,11.44,Desktop,Returning,Fashion,19,1
2754,21,62.03,7,18.28,Mobile,Returning,Home Goods,5,1
2755,62,19.92,29,0.0,Desktop,Returning,Home Goods,13,1
2756,29,7.13,9,28.01,Desktop,Returning,Electronics,6,0
2757,49,39.96,5,1.73,Mobile,New,Electronics,13,1
2758,49,11.57,15,230.84,Desktop,Returning,Electronics,18,1
2759,45,21.16,18,14.88,Desktop,Returning,Electronics,4,1
2760,30,5.32,4,0.77,Desktop,Returning,Electronics,9,0
2761,48,96.38,19,21.65,Mobile,New,Fashion,3,1
2762,31,57.23,20,21.43,Mobile,Returning,Home Goods,8,1
2763,37,59.81,26,43.86,Mobile,Returning,Electronics,13,0
2764,35,15.67,7,202.45,Mobile,New,Fashion,11,1
2765,46,43.11,26,169.08,Desktop,New,Home Goods,10,1
2766,23,4.66,8,48.84,Desktop,Returning,Electronics,11,0
2767,49,0.26,17,42.33,Tablet,Returning,Fashion,3,0
2768,46,19.92,13,0.0,Mobile,New,Fashion,14,1
2769,60,26.5,24,22.32,Mobile,New,Electronics,14,1
2770,19,18.23,21,4.29,Desktop,New,Home Goods,19,1
2771,40,21.9,28,224.05,Mobile,New,Home Goods,4,1
2772,36,0.22,23,16.53,Mobile,Returning,Electronics,1,1
2773,48,16.48,11,17.69,Desktop,New,Fashion,2,0
2774,68,37.98,27,51.16,Mobile,New,Fashion,6,1
2775,22,17.54,1,54.12,Desktop,Returning,Fashion,13,1
2776,36,39.53,2,1.49,Mobile,New,Home Goods,14,0
2777,51,7.96,17,12.81,Desktop,Returning,Home Goods,1,0
2778,27,50.32,5,38.01,Desktop,Returning,Fashion,8,0
2779,42,26.63,6,92.09,Mobile,Returning,Home Goods,18,1
2780,19,7.1,26,20.75,Tablet,Returning,Electronics,14,0
2781,28,8.1,25,44.0,Desktop,Returning,Fashion,2,0
2782,67,29.67,24,65.2,Tablet,New,Electronics,12,1
2783,48,53.15,7,175.56,Mobile,Returning,Home Goods,1,0
2784,32,16.12,28,31.57,Desktop,Returning,Fashion,15,0
2785,26,8.96,21,11.47,Mobile,New,Home Goods,11,0
2786,40,60.52,15,53.75,Desktop,Returning,Fashion,18,0
2787,36,33.19,19,109.86,Desktop,Returning,Fashion,17,1
2788,26,17.83,16,9.31,Mobile,New,Fashion,3,0
2789,52,20.08,25,44.23,Tablet,Returning,Home Goods,15,1
2790,38,6.85,13,1.44,Mobile,Returning,Electronics,13,1
2791,26,29.57,5,2.73,Mobile,Returning,Home Goods,3,1
2792,45,13.33,3,52.77,Desktop,Returning,Electronics,13,1
2793,63,163.09,3,28.33,Desktop,Returning,Electronics,9,1
2794,68,19.63,19,149.2,Mobile,New,Home Goods,10,1
2795,24,19.96,14,73.74,Mobile,New,Electronics,1,0
2796,33,25.03,16,48.4,Tablet,New,Home Goods,2,0
2797,33,74.58,22,41.93,Desktop,Returning,Fashion,14,0
2798,50,48.41,17,55.01,Mobile,Returning,Electronics,5,1
2799,21,18.0,27,3.3,Mobile,Returning,Electronics,10,1
2800,21,38.05,4,178.64,Tablet,Returning,Home Goods,19,1
2801,56,26.47,13,510.32,Desktop,Returning,Fashion,8,1
2802,57,19.92,15,0.0,Unknown,New,Electronics,13,0
2803,34,6.41,19,10.26,Mobile,New,Electronics,9,1
2804,54,18.71,5,12.4,Desktop,Returning,Fashion,18,0
2805,56,19.92,15,0.0,Desktop,Returning,Fashion,4,1
2806,69,19.92,15,0.0,Mobile,Returning,Fashion,8,1
2807,46,12.26,2,150.67,Desktop,New,Home Goods,5,0
2808,69,91.26,11,111.49,Desktop,Returning,Electronics,6,0
2809,53,22.85,13,47.78,Mobile,Returning,Fashion,5,0
2810,55,29.95,23,75.92,Desktop,New,Home Goods,1,1
2811,56,23.49,10,93.25,Desktop,New,Fashion,19,0
2812,67,4.16,3,57.52,Tablet,New,Electronics,4,0
2813,54,14.14,5,51.65,Desktop,Returning,Home Goods,1,0
2814,69,3.13,3,82.87,Mobile,New,Home Goods,19,0
2815,52,29.26,6,65.22,Mobile,Returning,Fashion,4,1
2816,24,17.77,13,82.61,Desktop,Returning,Electronics,14,0
2817,44,45.15,10,75.92,Mobile,Returning,Electronics,14,1
2818,45,7.47,19,101.61,Mobile,Returning,Home Goods,9,1
2819,39,5.39,8,82.36,Desktop,New,Electronics,19,1
2820,31,19.92,15,0.0,Unknown,New,Home Goods,11,0
2821,24,78.35,3,91.61,Desktop,New,Fashion,16,0
2822,54,37.18,24,47.75,Mobile,Returning,Electronics,19,0
2823,39,16.29,24,22.13,Mobile,New,Electronics,4,0
2824,22,21.85,17,0.11,Tablet,Returning,Electronics,9,1
2825,19,2.64,8,65.67,Desktop,Returning,Electronics,17,0
2826,44,125.15,10,71.46,Desktop,Returning,Home Goods,15,1
2827,38,32.94,2,286.18,Desktop,Returning,Home Goods,8,1
2828,55,10.08,12,35.89,Desktop,New,Fashion,13,1
2829,32,26.44,23,40.09,Desktop,New,Home Goods,1,1
2830,38,3.48,6,18.03,Desktop,Returning,Fashion,2,0
2831,27,101.3,2,5.85,Tablet,Returning,Electronics,10,1
2832,40,5.76,21,118.56,Mobile,Returning,Home Goods,13,0
2833,56,31.33,23,22.98,Tablet,New,Fashion,11,0
2834,22,8.45,24,75.1,Mobile,Returning,Home Goods,14,0
2835,18,37.93,3,93.12,Desktop,Returning,Home Goods,16,1
2836,30,44.99,17,50.98,Mobile,Returning,Electronics,6,1
2837,38,33.57,29,167.23,Desktop,Returning,Fashion,2,1
2838,43,28.6,7,46.93,Desktop,Returning,Electronics,5,1
2839,67,66.9,29,26.83,Tablet,New,Home Goods,19,1
2840,62,2.46,21,181.08,Tablet,New,Fashion,7,0
2841,38,12.06,5,158.19,Tablet,Returning,Electronics,17,1
2842,35,8.56,23,14.33,Mobile,Returning,Fashion,5,1
2843,54,132.72,1,2.1,Tablet,Returning,Fashion,12,1
2844,62,14.8,8,7.54,Mobile,Returning,Home Goods,19,0
2845,49,39.57,12,27.01,Tablet,Returning,Fashion,18,0
2846,53,34.63,14,286.79,Mobile,Returning,Home Goods,12,1
2847,34,19.92,15,0.0,Unknown,New,Electronics,3,1
2848,52,19.92,15,0.0,Tablet,New,Electronics,4,0
2849,66,9.91,15,175.65,Tablet,Returning,Fashion,15,0
2850,28,15.89,21,48.28,Desktop,Returning,Home Goods,15,1
2851,38,8.01,24,30.29,Desktop,New,Fashion,11,0
2852,69,0.6,26,226.72,Mobile,Returning,Electronics,2,1
2853,43,63.46,15,151.51,Desktop,Returning,Fashion,18,1
2854,21,101.1,10,148.46,Desktop,Returning,Electronics,3,1
2855,51,12.54,21,57.44,Mobile,New,Electronics,18,1
2856,69,12.4,28,124.64,Mobile,New,Electronics,14,1
2857,65,0.21,7,15.81,Mobile,New,Fashion,6,0
2858,35,34.21,26,68.12,Desktop,New,Electronics,2,1
2859,57,52.36,3,330.05,Mobile,Returning,Home Goods,1,1
2860,52,4.76,2,27.51,Mobile,New,Electronics,8,0
2861,58,5.22,6,126.53,Mobile,Returning,Fashion,10,0
2862,46,46.83,21,53.94,Desktop,New,Fashion,18,0
2863,69,28.74,9,3.25,Desktop,New,Fashion,11,0
2864,46,1.38,10,115.18,Desktop,Returning,Fashion,18,1
2865,55,29.23,4,14.77,Desktop,Returning,Fashion,16,0
2866,59,11.08,27,79.86,Mobile,Returning,Electronics,5,1
2867,38,13.8,3,7.16,Mobile,Returning,Fashion,7,0
2868,59,44.06,9,234.8,Tablet,Returning,Electronics,2,1
2869,30,49.97,24,27.59,Mobile,Returning,Home Goods,11,0
2870,66,15.34,22,20.54,Mobile,Returning,Home Goods,13,0
2871,58,88.21,17,11.06,Desktop,New,Home Goods,16,0
2872,34,15.65,14,233.5,Mobile,Returning,Fashion,14,1
2873,26,44.33,10,99.56,Desktop,New,Fashion,7,0
2874,58,19.84,13,108.28,Mobile,Returning,Home Goods,7,1
2875,18,68.35,12,55.36,Desktop,New,Fashion,12,1
2876,19,71.5,27,51.51,Mobile,Returning,Fashion,12,0
2877,65,2.74,1,9.32,Mobile,Returning,Electronics,1,0
2878,46,82.7,28,65.65,Mobile,New,Fashion,6,1
2879,50,52.38,22,22.69,Desktop,Returning,Home Goods,8,1
2880,27,47.01,29,302.29,Tablet,New,Home Goods,13,1
2881,67,6.73,19,127.4,Mobile,New,Home Goods,5,0
2882,57,49.06,19,42.62,Desktop,Returning,Home Goods,10,0
2883,38,56.94,6,13.13,Desktop,Returning,Fashion,14,1
2884,45,10.24,13,123.09,Tablet,Returning,Electronics,9,0
2885,28,91.26,19,10.41,Desktop,Returning,Fashion,17,0
2886,51,1.53,13,16.79,Mobile,Returning,Electronics,3,1
2887,25,19.92,15,0.0,Desktop,Returning,Fashion,12,0
2888,39,19.92,15,0.0,Unknown,New,Electronics,12,1
2889,25,25.73,22,123.74,Mobile,New,Home Goods,11,1
2890,66,31.08,21,30.19,Mobile,New,Fashion,4,0
2891,32,0.51,4,7.08,Tablet,New,Fashion,8,0
2892,34,96.84,24,49.97,Tablet,Returning,Fashion,10,1
2893,40,1.37,2,110.3,Desktop,New,Electronics,14,0
2894,41,4.63,15,0.0,Tablet,New,Fashion,1,0
2895,62,19.92,15,0.0,Desktop,Returning,Home Goods,12,1
2896,36,25.1,27,235.34,Mobile,New,Electronics,5,0
2897,22,80.77,7,246.6,Mobile,Returning,Electronics,14,1
2898,49,32.89,20,372.23,Mobile,New,Electronics,4,1
2899,61,51.89,18,131.88,Mobile,New,Fashion,17,1
2900,18,0.4,23,16.68,Mobile,New,Fashion,13,0
2901,40,23.43,13,19.06,Desktop,Returning,Home Goods,3,0
2902,54,18.46,17,33.27,Desktop,Returning,Home Goods,11,0
2903,25,20.73,4,30.63,Tablet,New,Fashion,11,0
2904,30,2.25,25,250.85,Desktop,New,Fashion,5,0
2905,25,34.6,14,124.5,Tablet,Returning,Fashion,6,1
2906,40,20.99,20,102.99,Desktop,Returning,Fashion,4,1
2907,60,43.46,28,16.46,Tablet,Returning,Fashion,10,0
2908,18,19.92,13,192.22,Mobile,Returning,Electronics,10,0
2909,62,4.85,3,140.76,Mobile,Returning,Home Goods,12,1
2910,68,31.35,26,14.3,Tablet,Returning,Fashion,18,0
2911,41,5.68,26,163.94,Mobile,Returning,Electronics,15,1
2912,52,61.76,18,25.42,Desktop,Returning,Fashion,18,1
2913,41,28.49,14,6.75,Mobile,New,Electronics,3,0
2914,34,5.13,15,85.56,Desktop,New,Electronics,3,0
2915,22,98.37,3,84.86,Tablet,New,Home Goods,1,1
2916,37,21.92,1,7.98,Mobile,New,Fashion,17,0
2917,38,2.27,26,30.72,Tablet,New,Fashion,10,0
2918,57,29.57,24,394.85,Mobile,New,Electronics,6,1
2919,48,8.76,17,90.76,Mobile,Returning,Fashion,11,0
2920,63,48.84,3,104.77,Mobile,Returning,Fashion,14,1
2921,53,51.08,14,19.15,Desktop,Returning,Fashion,17,1
2922,28,115.82,3,6.56,Mobile,Returning,Electronics,7,1
2923,69,20.91,13,25.94,Desktop,New,Fashion,4,0
2924,32,18.21,15,22.9,Mobile,Returning,Home Goods,11,0
2925,36,42.01,18,21.38,Mobile,Returning,Electronics,19,1
2926,24,4.26,14,17.13,Desktop,New,Fashion,9,0
2927,68,23.75,21,68.41,Mobile,New,Electronics,8,1
2928,45,23.71,26,31.81,Mobile,New,Fashion,4,0
2929,68,2.81,3,137.34,Mobile,New,Electronics,16,1
2930,60,16.24,19,16.26,Desktop,New,Electronics,6,1
2931,22,57.58,8,49.98,Desktop,New,Electronics,6,0
2932,22,58.17,4,1.1,Mobile,New,Home Goods,19,0
2933,47,3.14,4,52.57,Mobile,New,Fashion,2,0
2934,49,2.85,19,4.6,Mobile,Returning,Home Goods,11,1
2935,25,9.14,11,304.34,Mobile,New,Home Goods,18,0
2936,27,62.33,1,125.08,Tablet,New,Fashion,9,0
2937,55,4.14,8,53.89,Desktop,Returning,Fashion,16,1
2938,64,38.19,15,7.25,Desktop,Returning,Fashion,11,1
2939,49,3.2,1,71.81,Mobile,New,Fashion,14,1
2940,65,29.28,7,113.76,Desktop,Returning,Electronics,8,1
2941,45,19.92,15,0.0,Unknown,New,Fashion,13,0
2942,34,46.66,20,67.18,Desktop,New,Home Goods,10,0
2943,48,7.99,20,134.65,Desktop,New,Fashion,12,1
2944,25,30.58,24,116.97,Desktop,Returning,Fashion,3,1
2945,57,8.06,11,129.96,Desktop,New,Fashion,2,1
2946,42,37.52,27,169.17,Mobile,Returning,Fashion,11,1
2947,26,62.07,29,222.04,Desktop,New,Home Goods,18,1
2948,19,4.07,14,41.61,Mobile,Returning,Electronics,4,0
2949,32,60.43,22,67.29,Desktop,New,Fashion,8,1
2950,67,27.01,16,125.1,Desktop,Returning,Home Goods,11,0
2951,20,4.08,14,95.56,Desktop,Returning,Home Goods,15,0
2952,66,16.73,12,432.65,Mobile,Returning,Home Goods,2,0
2953,53,5.26,17,1.1,Mobile,New,Home Goods,19,0
2954,21,36.15,14,35.1,Mobile,Returning,Electronics,15,1
2955,31,42.67,10,26.39,Desktop,Returning,Electronics,13,0
2956,58,3.35,24,24.34,Tablet,New,Fashion,2,0
2957,58,21.17,29,20.14,Desktop,Returning,Fashion,3,1
2958,42,50.56,14,98.79,Mobile,Returning,Electronics,14,0
2959,67,82.54,18,7.09,Tablet,Returning,Home Goods,13,1
2960,27,21.62,22,108.26,Tablet,New,Electronics,16,1
2961,38,90.04,9,94.58,Mobile,Returning,Home Goods,12,1
2962,53,23.02,17,23.1,Desktop,New,Fashion,1,0
2963,29,15.04,6,0.0,Desktop,Returning,Electronics,6,0
2964,44,56.56,8,79.29,Desktop,Returning,Electronics,13,1
2965,57,20.38,26,114.9,Tablet,Returning,Electronics,2,1
2966,19,19.15,13,167.31,Mobile,New,Electronics,18,1
2967,30,20.22,18,152.92,Desktop,Returning,Fashion,17,1
2968,49,56.28,5,267.93,Desktop,New,Fashion,19,1
2969,48,53.5,6,69.66,Tablet,Returning,Home Goods,15,1
2970,33,15.5,21,191.45,Tablet,Returning,Fashion,8,1
2971,49,12.16,19,132.23,Tablet,Returning,Electronics,9,1
2972,49,20.31,4,180.05,Desktop,New,Electronics,8,1
2973,51,25.51,7,0.94,Desktop,New,Fashion,8,0
2974,28,8.17,4,270.28,Mobile,New,Home Goods,11,0
2975,27,19.92,15,0.0,Unknown,New,Electronics,18,1
2976,32,19.99,11,128.03,Mobile,New,Home Goods,17,1
2977,34,12.2,12,10.88,Desktop,Returning,Fashion,6,1
2978,57,3.39,14,40.33,Tablet,Returning,Electronics,2,0
2979,35,8.19,13,25.34,Mobile,New,Home Goods,1,0
2980,26,89.44,29,27.59,Mobile,New,Home Goods,10,1
2981,42,10.92,10,10.52,Desktop,New,Home Goods,8,1
2982,57,5.55,18,131.09,Desktop,New,Electronics,16,1
2983,31,18.52,16,0.74,Tablet,Returning,Fashion,14,0
2984,42,11.01,5,29.98,Mobile,Returning,Fashion,16,1
2985,67,1.07,8,15.33,Mobile,Returning,Home Goods,14,0
2986,39,11.71,14,71.14,Mobile,New,Home Goods,7,1
2987,69,23.57,5,23.47,Mobile,Returning,Electronics,18,0
2988,47,24.07,26,23.98,Mobile,New,Fashion,9,0
2989,37,13.23,28,53.61,Mobile,New,Electronics,4,1
2990,38,17.79,24,84.6,Mobile,Returning,Fashion,16,0
2991,61,101.02,8,10.35,Mobile,Returning,Electronics,11,0
2992,49,14.21,25,15.44,Tablet,New,Fashion,9,1
2993,68,8.96,26,22.71,Mobile,Returning,Home Goods,17,0
2994,63,8.37,6,291.2,Mobile,Returning,Fashion,11,1
2995,66,18.36,16,40.49,Tablet,Returning,Electronics,3,0
2996,38,42.75,28,73.1,Desktop,New,Fashion,11,1
2997,52,6.92,4,22.12,Desktop,Returning,Electronics,8,0
2998,49,37.06,12,53.94,Desktop,Returning,Electronics,10,0
2999,47,0.64,11,6.16,Desktop,Returning,Home Goods,6,1
3000,56,16.29,3,2.83,Tablet,Returning,Fashion,17,0
3001,66,44.87,12,50.6,Desktop,Returning,Fashion,6,1
3002,29,12.41,5,40.69,Tablet,Returning,Home Goods,7,0
3003,58,24.89,6,11.78,Desktop,New,Fashion,13,0
3004,64,6.88,19,93.08,Mobile,Returning,Fashion,6,1
3005,35,40.64,18,395.85,Tablet,New,Electronics,3,1
3006,38,1.61,16,40.29,Desktop,New,Electronics,13,0
3007,30,57.43,23,78.37,Tablet,Returning,Fashion,10,1
3008,38,6.63,11,263.69,Mobile,New,Fashion,4,1
3009,25,19.92,15,0.0,Mobile,Returning,Home Goods,5,1
3010,63,13.04,9,49.82,Tablet,Returning,Electronics,19,1
3011,57,38.48,3,107.0,Mobile,Returning,Fashion,18,1
3012,63,11.54,8,10.97,Tablet,Returning,Fashion,7,1
3013,24,70.91,6,57.41,Tablet,New,Electronics,1,0
3014,40,4.06,4,26.18,Tablet,Returning,Fashion,17,0
3015,61,5.9,12,14.06,Desktop,Returning,Home Goods,18,0
3016,49,20.38,12,44.45,Desktop,New,Electronics,5,1
3017,28,2.56,25,11.23,Tablet,New,Electronics,6,1
3018,39,6.54,21,96.05,Desktop,New,Home Goods,10,1
3019,39,86.35,16,48.74,Desktop,Returning,Fashion,19,1
3020,60,112.51,10,60.6,Tablet,Returning,Fashion,10,1
3021,42,14.16,22,12.66,Desktop,New,Electronics,6,1
3022,39,19.92,15,0.0,Unknown,New,Electronics,10,1
3023,45,23.61,13,70.05,Mobile,New,Fashion,10,1
3024,46,9.43,9,336.03,Mobile,Returning,Fashion,12,1
3025,30,19.92,15,0.0,Unknown,New,Fashion,4,1
3026,35,32.27,12,26.92,Mobile,New,Fashion,13,0
3027,19,135.64,5,162.89,Desktop,Returning,Electronics,10,1
3028,46,9.24,18,6.0,Mobile,Returning,Electronics,16,0
3029,38,33.45,4,166.92,Tablet,Returning,Electronics,19,1
3030,32,1.6,2,59.44,Mobile,New,Fashion,6,0
3031,69,3.62,3,41.98,Mobile,New,Fashion,9,0
3032,44,0.12,26,29.65,Mobile,New,Fashion,14,1
3033,67,225.76,12,28.21,Desktop,Returning,Fashion,10,1
3034,48,48.63,3,29.2,Mobile,Returning,Fashion,8,1
3035,32,46.35,4,172.89,Mobile,New,Fashion,3,0
3036,68,21.38,6,102.93,Desktop,Returning,Electronics,17,1
3037,40,10.7,12,88.63,Mobile,New,Home Goods,19,0
3038,41,4.92,19,128.26,Mobile,New,Fashion,3,1
3039,61,10.05,10,23.78,Desktop,Returning,Home Goods,14,0
3040,30,19.92,15,0.0,Mobile,New,Home Goods,6,0
3041,39,42.36,17,49.3,Mobile,New,Home Goods,19,0
3042,60,23.27,16,122.02,Mobile,New,Home Goods,18,1
3043,54,2.42,9,29.6,Mobile,Returning,Electronics,12,1
3044,50,0.55,25,82.44,Desktop,Returning,Electronics,15,1
3045,20,3.24,21,171.11,Mobile,Returning,Fashion,6,1
3046,36,15.85,9,41.15,Tablet,Returning,Electronics,12,0
3047,40,81.18,27,5.52,Tablet,Returning,Electronics,19,1
3048,46,30.43,23,58.06,Mobile,New,Electronics,7,1
3049,47,48.56,9,33.97,Tablet,Returning,Electronics,10,0
3050,56,19.92,15,0.0,Unknown,New,Electronics,18,0
3051,61,13.47,23,241.33,Mobile,Returning,Electronics,2,0
3052,64,3.44,9,53.18,Mobile,Returning,Fashion,13,0
3053,42,62.61,15,50.22,Mobile,Returning,Electronics,15,1
3054,54,45.86,2,85.04,Desktop,New,Home Goods,4,0
3055,64,5.52,11,8.74,Mobile,Returning,Home Goods,7,0
3056,25,21.54,11,23.39,Desktop,New,Home Goods,3,0
3057,59,20.05,8,201.04,Desktop,Returning,Fashion,16,1
3058,33,29.43,23,88.68,Mobile,New,Home Goods,9,1
3059,25,87.67,6,1.08,Desktop,New,Fashion,17,1
3060,18,26.01,21,18.32,Tablet,Returning,Home Goods,8,1
3061,61,23.31,20,91.87,Mobile,New,Fashion,18,1
3062,22,1.55,7,115.65,Mobile,Returning,Electronics,13,0
3063,20,1.95,3,146.54,Mobile,Returning,Electronics,2,0
3064,18,6.22,8,27.64,Mobile,Returning,Electronics,1,0
3065,21,0.99,18,0.0,Desktop,New,Electronics,16,1
3066,57,40.8,17,64.41,Mobile,New,Electronics,16,0
3067,52,38.55,11,95.4,Desktop,New,Electronics,11,1
3068,49,4.39,2,72.65,Desktop,Returning,Fashion,4,0
3069,59,54.25,25,10.48,Desktop,Returning,Electronics,11,0
3070,51,5.04,21,264.0,Mobile,Returning,Fashion,6,1
3071,60,10.75,27,10.49,Mobile,Returning,Electronics,11,0
3072,42,8.59,24,23.54,Mobile,Returning,Fashion,1,0
3073,27,13.97,19,134.4,Mobile,Returning,Electronics,9,1
3074,38,8.82,7,77.11,Tablet,New,Electronics,7,1
3075,63,20.14,18,145.69,Mobile,New,Fashion,3,0
3076,56,15.7,8,58.01,Mobile,New,Electronics,9,0
3077,44,129.31,14,37.86,Mobile,New,Electronics,2,1
3078,44,1.73,7,203.93,Desktop,Returning,Home Goods,10,1
3079,19,19.92,15,0.0,Unknown,New,Home Goods,17,0
3080,58,1.63,21,155.11,Desktop,Returning,Electronics,1,0
3081,65,29.49,28,20.99,Mobile,Returning,Electronics,18,1
3082,30,1.68,27,151.1,Mobile,Returning,Fashion,6,1
3083,26,54.32,4,11.99,Desktop,Returning,Fashion,6,1
3084,69,21.52,17,69.44,Tablet,New,Fashion,9,0
3085,53,22.46,5,175.22,Desktop,New,Home Goods,10,1
3086,39,24.74,12,51.33,Desktop,New,Fashion,15,1
3087,59,5.62,9,109.81,Mobile,New,Electronics,4,1
3088,43,6.61,26,130.65,Mobile,Returning,Fashion,8,1
3089,29,11.52,20,106.69,Desktop,Returning,Fashion,4,1
3090,34,27.0,13,207.57,Mobile,New,Fashion,3,1
3091,31,7.08,25,47.37,Tablet,Returning,Electronics,4,0
3092,31,3.71,28,15.21,Mobile,Returning,Electronics,1,0
3093,51,105.31,18,3.92,Mobile,New,Electronics,9,0
3094,37,0.67,20,22.64,Desktop,New,Electronics,11,1
3095,28,48.69,9,12.36,Mobile,Returning,Home Goods,19,1
3096,33,46.54,4,65.31,Mobile,Returning,Home Goods,7,0
3097,68,10.58,21,16.36,Mobile,New,Home Goods,5,0
3098,48,4.37,27,3.18,Desktop,New,Electronics,2,1
3099,23,4.72,8,2.93,Mobile,New,Fashion,19,1
3100,36,35.86,1,142.5,Mobile,New,Home Goods,3,0
3101,54,30.88,17,71.61,Desktop,Returning,Fashion,15,1
3102,21,45.8,25,35.46,Mobile,New,Fashion,7,0
3103,64,83.17,9,179.72,Tablet,New,Electronics,5,0
3104,21,35.32,20,5.82,Mobile,New,Electronics,10,0
3105,37,5.08,13,314.26,Desktop,Returning,Fashion,9,0
3106,27,8.37,2,76.63,Mobile,New,Electronics,14,0
3107,41,55.39,13,16.21,Desktop,New,Electronics,13,1
3108,52,19.92,15,0.0,Unknown,New,Electronics,1,1
3109,43,2.26,20,115.3,Tablet,Returning,Electronics,16,0
3110,54,36.45,6,44.88,Mobile,New,Electronics,8,0
3111,55,15.45,28,158.23,Mobile,New,Fashion,17,1
3112,38,75.79,1,13.07,Desktop,Returning,Fashion,6,0
3113,57,31.52,28,26.15,Mobile,Returning,Fashion,2,1
3114,56,2.84,25,7.85,Mobile,New,Electronics,13,1
3115,38,88.61,5,18.95,Tablet,New,Electronics,8,0
3116,27,8.97,3,21.82,Mobile,New,Electronics,9,0
3117,55,12.34,4,199.73,Tablet,Returning,Electronics,13,0
3118,63,15.44,1,6.51,Mobile,Returning,Electronics,18,1
3119,21,1.58,14,44.61,Desktop,Returning,Fashion,18,1
3120,62,20.59,9,60.81,Desktop,Returning,Fashion,9,1
3121,37,3.95,24,183.17,Desktop,Returning,Home Goods,2,0
3122,34,15.37,4,485.86,Tablet,Returning,Electronics,4,1
3123,24,12.96,18,112.0,Mobile,Returning,Electronics,18,1
3124,21,44.46,14,282.66,Tablet,Returning,Electronics,17,1
3125,46,48.76,25,123.76,Desktop,New,Home Goods,12,1
3126,31,5.0,4,264.19,Mobile,Returning,Electronics,16,1
3127,20,13.7,25,98.28,Tablet,Returning,Fashion,13,1
3128,41,14.02,10,6.65,Mobile,Returning,Home Goods,11,0
3129,54,4.93,3,41.12,Desktop,New,Fashion,14,0
3130,33,48.05,23,83.21,Mobile,Returning,Fashion,10,1
3131,69,36.85,7,34.55,Tablet,Returning,Fashion,19,1
3132,21,6.34,10,25.55,Desktop,Returning,Electronics,17,0
3133,41,13.71,13,68.91,Mobile,New,Electronics,9,0
3134,51,3.35,4,216.85,Desktop,Returning,Electronics,14,0
3135,47,29.68,18,2.85,Mobile,New,Home Goods,5,0
3136,35,19.92,11,0.0,Mobile,Returning,Fashion,3,1
3137,36,127.92,25,102.62,Mobile,Returning,Electronics,8,1
3138,48,45.52,4,265.84,Mobile,New,Electronics,18,1
3139,36,14.84,24,213.56,Mobile,New,Home Goods,3,1
3140,66,25.92,14,114.92,Desktop,Returning,Fashion,2,0
3141,63,72.69,18,58.79,Mobile,New,Home Goods,11,0
3142,36,24.23,8,18.28,Desktop,Returning,Fashion,5,0
3143,39,5.75,27,63.04,Mobile,Returning,Home Goods,7,1
3144,41,19.92,15,0.0,Desktop,New,Electronics,14,1
3145,62,55.57,5,180.82,Desktop,Returning,Home Goods,19,1
3146,29,19.92,23,0.0,Mobile,New,Fashion,2,1
3147,47,31.56,7,17.38,Tablet,Returning,Fashion,9,1
3148,55,60.48,12,73.24,Desktop,New,Fashion,10,0
3149,48,67.32,25,32.3,Desktop,Returning,Electronics,19,0
3150,53,75.69,3,0.74,Mobile,Returning,Electronics,17,1
3151,36,19.92,15,0.0,Unknown,New,Home Goods,7,1
3152,65,23.57,4,9.61,Tablet,New,Electronics,18,1
3153,62,40.47,10,147.98,Desktop,New,Fashion,6,1
3154,53,42.43,4,23.93,Mobile,Returning,Fashion,9,0
3155,47,28.0,15,26.8,Mobile,Returning,Fashion,8,0
3156,66,5.47,29,257.38,Desktop,New,Home Goods,9,1
3157,50,47.9,10,38.13,Desktop,New,Home Goods,1,0
3158,35,38.2,21,0.77,Tablet,New,Home Goods,2,1
3159,69,2.7,22,26.71,Mobile,Returning,Electronics,4,0
3160,66,18.7,16,10.16,Mobile,New,Fashion,18,0
3161,45,5.73,15,8.68,Mobile,New,Fashion,10,1
3162,64,19.92,15,0.0,Unknown,New,Electronics,1,0
3163,28,0.55,29,71.97,Mobile,Returning,Home Goods,10,1
3164,62,15.34,20,16.79,Tablet,New,Fashion,9,0
3165,50,23.95,19,35.86,Desktop,Returning,Fashion,13,1
3166,34,28.99,18,158.45,Desktop,New,Electronics,15,1
3167,23,32.67,26,44.18,Mobile,Returning,Electronics,18,1
3168,21,54.29,12,197.86,Mobile,Returning,Fashion,13,1
3169,37,7.28,25,55.12,Mobile,New,Home Goods,5,1
3170,65,3.85,16,40.71,Mobile,New,Fashion,2,0
3171,64,57.22,1,111.03,Desktop,Returning,Home Goods,7,1
3172,44,5.11,16,6.08,Mobile,Returning,Fashion,9,0
3173,32,110.38,2,7.5,Mobile,Returning,Fashion,19,0
3174,23,55.46,24,84.44,Mobile,New,Fashion,14,1
3175,64,20.85,15,53.39,Mobile,Returning,Fashion,17,1
3176,31,119.57,7,125.01,Desktop,Returning,Electronics,11,0
3177,28,3.07,28,198.41,Mobile,Returning,Electronics,5,1
3178,56,10.83,1,39.33,Desktop,Returning,Electronics,12,0
3179,26,30.5,5,72.59,Desktop,Returning,Electronics,9,0
3180,43,12.92,10,55.56,Mobile,New,Fashion,17,0
3181,33,79.09,22,319.68,Mobile,New,Fashion,8,1
3182,22,19.92,15,0.0,Unknown,New,Home Goods,8,1
3183,69,23.92,4,194.2,Desktop,Returning,Home Goods,12,1
3184,27,26.81,14,23.48,Mobile,New,Fashion,19,1
3185,67,31.73,13,118.46,Mobile,Returning,Electronics,10,1
3186,20,8.86,1,24.68,Mobile,Returning,Electronics,2,0
3187,30,13.6,16,18.73,Mobile,New,Fashion,8,0
3188,60,55.68,23,230.97,Mobile,New,Electronics,14,1
3189,66,6.51,9,1.56,Mobile,Returning,Electronics,19,0
3190,47,52.61,22,269.09,Mobile,New,Fashion,4,1
3191,62,24.81,16,12.93,Mobile,New,Fashion,9,1
3192,23,43.09,19,136.93,Mobile,New,Home Goods,13,1
3193,34,37.51,15,25.83,Tablet,New,Fashion,9,0
3194,62,6.98,26,34.55,Desktop,Returning,Fashion,13,0
3195,68,25.24,14,19.55,Tablet,Returning,Electronics,16,0
3196,36,60.69,20,70.46,Mobile,Returning,Electronics,1,1
3197,59,16.98,10,34.23,Desktop,Returning,Fashion,8,0
3198,52,101.97,21,85.69,Mobile,Returning,Home Goods,9,1
3199,63,18.06,12,1.26,Desktop,New,Electronics,13,0
3200,43,4.62,28,5.32,Mobile,New,Fashion,17,0
3201,68,14.8,1,8.4,Mobile,Returning,Electronics,9,0
3202,22,90.91,21,43.44,Tablet,Returning,Electronics,7,0
3203,46,11.56,17,134.9,Desktop,New,Fashion,10,1
3204,54,60.77,9,175.27,Tablet,New,Electronics,5,0
3205,37,63.92,23,22.46,Mobile,Returning,Electronics,17,0
3206,66,12.93,19,68.33,Mobile,New,Electronics,2,1
3207,38,2.61,25,117.01,Mobile,Returning,Electronics,9,0
3208,27,38.68,18,27.27,Desktop,New,Electronics,2,1
3209,22,11.2,28,42.08,Desktop,New,Fashion,10,0
3210,53,45.83,7,59.38,Tablet,Returning,Electronics,12,1
3211,23,17.54,9,11.59,Mobile,Returning,Electronics,2,0
3212,43,19.92,22,2.11,Desktop,Returning,Home Goods,15,1
3213,21,45.14,26,13.27,Mobile,New,Electronics,3,1
3214,56,14.46,21,78.86,Mobile,Returning,Electronics,2,0
3215,56,17.56,12,6.12,Desktop,Returning,Home Goods,7,1
3216,67,14.16,7,16.83,Desktop,New,Fashion,9,0
3217,52,13.73,14,32.98,Mobile,New,Fashion,11,0
3218,18,22.39,15,6.49,Mobile,New,Fashion,16,0
3219,41,49.63,15,17.03,Mobile,Returning,Fashion,7,0
3220,53,13.47,6,193.77,Mobile,Returning,Electronics,13,1
3221,23,22.29,21,1.56,Mobile,New,Fashion,3,1
3222,58,33.33,14,84.77,Mobile,New,Fashion,11,1
3223,63,9.42,2,38.81,Mobile,New,Fashion,3,0
3224,61,9.75,8,89.34,Tablet,Returning,Electronics,15,0
3225,48,81.28,13,71.07,Tablet,New,Home Goods,8,1
3226,37,38.57,23,20.24,Mobile,New,Home Goods,7,0
3227,41,25.82,6,150.29,Tablet,Returning,Fashion,5,1
3228,42,31.3,5,54.17,Desktop,Returning,Electronics,6,1
3229,53,0.89,5,138.32,Mobile,New,Fashion,19,0
3230,38,28.88,25,41.67,Mobile,Returning,Fashion,3,0
3231,47,19.92,1,0.0,Tablet,New,Home Goods,11,0
3232,41,23.67,9,117.74,Desktop,Returning,Electronics,6,1
3233,61,13.36,6,270.39,Desktop,Returning,Fashion,14,1
3234,59,2.55,20,57.78,Tablet,Returning,Electronics,17,1
3235,47,6.45,26,51.35,Mobile,Returning,Fashion,3,1
3236,39,90.32,7,112.67,Mobile,New,Fashion,4,1
3237,45,15.76,9,169.82,Mobile,Returning,Electronics,9,1
3238,24,18.86,5,266.26,Mobile,New,Fashion,13,1
3239,52,19.92,15,0.0,Unknown,New,Home Goods,6,0
3240,45,1.15,5,128.24,Mobile,Returning,Electronics,10,1
3241,31,37.89,8,18.92,Mobile,Returning,Home Goods,13,0
3242,27,23.17,7,63.1,Mobile,Returning,Home Goods,14,1
3243,33,21.32,13,15.86,Mobile,New,Electronics,12,1
3244,33,8.36,13,34.14,Mobile,Returning,Electronics,13,0
3245,48,40.97,8,214.31,Mobile,New,Fashion,10,0
3246,59,5.53,11,12.63,Mobile,Returning,Electronics,7,1
3247,42,6.32,28,80.06,Desktop,New,Fashion,5,1
3248,30,18.53,26,71.91,Tablet,New,Fashion,12,1
3249,23,10.12,18,0.0,Mobile,New,Electronics,2,0
3250,61,8.53,25,31.56,Mobile,Returning,Electronics,8,0
3251,26,31.09,19,66.22,Tablet,New,Home Goods,8,1
3252,62,31.58,6,16.58,Desktop,Returning,Fashion,19,1
3253,53,52.21,22,129.0,Desktop,New,Electronics,5,1
3254,60,16.22,2,286.49,Mobile,New,Home Goods,8,1
3255,37,2.28,28,19.34,Desktop,New,Fashion,10,0
3256,35,9.59,13,16.55,Tablet,Returning,Fashion,13,1
3257,60,117.37,23,48.55,Desktop,New,Fashion,9,0
3258,38,27.21,25,110.19,Mobile,New,Home Goods,7,1
3259,21,37.11,28,26.46,Tablet,Returning,Fashion,19,1
3260,67,0.22,26,1.61,Desktop,New,Fashion,11,0
3261,50,21.91,11,62.33,Desktop,Returning,Electronics,8,1
3262,44,1.15,1,250.98,Mobile,New,Home Goods,16,1
3263,24,25.27,24,39.71,Desktop,Returning,Home Goods,10,1
3264,23,76.06,2,43.6,Mobile,New,Electronics,6,1
3265,32,103.66,17,277.65,Mobile,Returning,Home Goods,10,1
3266,35,23.33,8,94.89,Desktop,Returning,Fashion,10,1
3267,49,18.39,2,101.6,Mobile,Returning,Fashion,19,0
3268,28,87.02,6,66.17,Desktop,Returning,Home Goods,4,1
3269,37,33.59,22,0.0,Desktop,Returning,Electronics,19,1
3270,41,2.01,5,93.4,Mobile,New,Fashion,3,1
3271,32,18.81,16,180.33,Desktop,New,Electronics,17,0
3272,65,8.24,8,96.15,Tablet,Returning,Home Goods,14,1
3273,24,19.04,19,106.28,Mobile,Returning,Home Goods,10,1
3274,38,18.23,16,27.45,Desktop,New,Home Goods,6,0
3275,59,19.92,13,0.0,Mobile,Returning,Electronics,16,1
3276,43,13.24,26,122.22,Mobile,New,Home Goods,9,1
3277,61,19.92,20,0.0,Mobile,Returning,Electronics,12,1
3278,31,21.02,7,66.18,Mobile,Returning,Electronics,12,1
3279,54,53.19,16,22.95,Mobile,Returning,Home Goods,14,1
3280,38,32.72,23,135.85,Tablet,New,Electronics,2,1
3281,35,12.39,16,9.37,Desktop,Returning,Fashion,10,0
3282,22,82.24,29,141.5,Desktop,Returning,Fashion,4,1
3283,20,72.98,12,73.85,Mobile,New,Electronics,6,1
3284,40,7.05,14,16.55,Desktop,Returning,Fashion,13,0
3285,43,1.21,24,62.48,Mobile,Returning,Fashion,14,1
3286,54,40.56,18,26.56,Mobile,New,Fashion,4,0
3287,41,52.74,27,31.26,Mobile,New,Fashion,10,0
3288,66,103.13,28,34.65,Mobile,New,Electronics,10,1
3289,36,66.17,18,5.23,Mobile,Returning,Fashion,5,1
3290,68,19.92,15,0.0,Desktop,Returning,Fashion,4,1
3291,42,22.65,20,2.56,Desktop,Returning,Electronics,12,1
3292,38,0.85,16,86.89,Mobile,New,Home Goods,14,1
3293,29,8.5,13,37.12,Mobile,Returning,Fashion,7,0
3294,58,18.46,26,83.08,Mobile,Returning,Fashion,2,1
3295,50,29.71,29,35.24,Tablet,Returning,Home Goods,14,1
3296,67,19.92,9,0.0,Desktop,New,Fashion,10,1
3297,21,40.72,26,104.52,Desktop,Returning,Home Goods,16,1
3298,59,9.85,28,93.84,Tablet,Returning,Fashion,3,1
3299,24,24.97,9,9.68,Mobile,New,Fashion,8,0
3300,39,2.77,13,85.58,Tablet,Returning,Fashion,17,1
3301,50,16.02,29,26.28,Mobile,Returning,Fashion,4,1
3302,34,41.61,4,2.34,Mobile,New,Home Goods,19,0
3303,41,35.47,9,42.87,Desktop,Returning,Home Goods,15,0
3304,51,140.15,15,45.47,Mobile,New,Home Goods,10,1
3305,45,9.77,14,50.36,Desktop,Returning,Home Goods,10,1
3306,60,20.69,19,97.61,Mobile,New,Home Goods,12,0
3307,58,11.99,12,29.55,Desktop,New,Electronics,9,0
3308,56,17.43,21,30.3,Mobile,Returning,Home Goods,15,0
3309,39,58.34,26,5.0,Mobile,Returning,Fashion,18,0
3310,66,34.58,25,92.88,Tablet,Returning,Fashion,1,1
3311,34,64.22,6,67.11,Tablet,Returning,Electronics,3,0
3312,51,6.83,3,34.39,Tablet,Returning,Home Goods,8,1
3313,23,61.99,26,97.71,Desktop,Returning,Electronics,7,1
3314,63,1.85,25,61.66,Desktop,Returning,Home Goods,15,0
3315,23,65.84,22,50.68,Desktop,New,Electronics,8,1
3316,51,11.97,20,57.28,Mobile,New,Electronics,15,1
3317,18,11.33,16,80.92,Mobile,New,Home Goods,5,1
3318,27,21.53,20,86.31,Mobile,Returning,Fashion,12,1
3319,38,84.75,24,27.28,Tablet,New,Home Goods,12,1
3320,22,1.47,23,12.14,Mobile,New,Electronics,9,0
3321,19,13.03,17,13.63,Tablet,New,Electronics,9,1
3322,39,19.92,15,0.0,Unknown,New,Home Goods,15,1
3323,65,15.13,6,165.01,Desktop,New,Electronics,15,0
3324,19,6.66,8,42.14,Mobile,New,Electronics,12,0
3325,27,16.59,19,14.86,Mobile,Returning,Electronics,5,1
3326,51,14.61,25,113.04,Tablet,Returning,Fashion,1,1
3327,33,74.1,26,142.94,Mobile,New,Electronics,19,1
3328,65,43.06,2,170.01,Mobile,Returning,Fashion,11,1
3329,68,21.1,14,74.68,Mobile,New,Home Goods,18,1
3330,56,133.63,22,157.71,Mobile,Returning,Fashion,6,1
3331,39,18.78,12,1.24,Mobile,New,Electronics,17,0
3332,29,1.8,17,9.07,Desktop,Returning,Home Goods,14,0
3333,41,9.13,28,7.77,Mobile,Returning,Home Goods,12,0
3334,64,17.18,27,99.75,Desktop,Returning,Electronics,5,1
3335,57,5.12,15,5.77,Mobile,New,Electronics,7,1
3336,55,88.45,18,54.87,Desktop,Returning,Fashion,16,1
3337,27,43.68,16,51.2,Desktop,New,Fashion,9,0
3338,52,9.37,13,29.77,Mobile,Returning,Fashion,15,0
3339,68,26.81,21,163.47,Mobile,Returning,Home Goods,4,1
3340,66,38.34,17,14.95,Mobile,Returning,Fashion,7,0
3341,49,19.92,15,0.0,Unknown,New,Electronics,14,0
3342,24,64.02,1,119.04,Desktop,Returning,Fashion,4,1
3343,38,21.72,29,2.47,Tablet,Returning,Electronics,4,1
3344,37,44.7,25,89.41,Mobile,New,Electronics,14,1
3345,43,24.78,26,135.6,Mobile,Returning,Home Goods,7,1
3346,21,24.14,27,215.38,Mobile,Returning,Fashion,15,1
3347,63,3.66,3,167.19,Mobile,Returning,Fashion,12,1
3348,69,4.04,16,30.78,Desktop,Returning,Fashion,14,0
3349,39,22.62,28,70.62,Mobile,Returning,Fashion,13,0
3350,32,9.39,2,6.44,Desktop,Returning,Electronics,19,0
3351,57,0.64,15,23.86,Desktop,Returning,Fashion,12,0
3352,38,19.92,15,0.0,Unknown,New,Fashion,16,0
3353,32,0.99,9,30.29,Mobile,Returning,Home Goods,16,0
3354,39,27.14,16,166.48,Tablet,Returning,Electronics,1,1
3355,69,23.24,4,34.11,Tablet,New,Fashion,15,0
3356,45,104.03,12,66.02,Tablet,New,Fashion,5,1
3357,31,19.86,1,45.45,Desktop,Returning,Fashion,6,1
3358,44,1.97,1,49.13,Desktop,New,Electronics,17,0
3359,58,24.07,7,279.39,Desktop,Returning,Electronics,11,0
3360,57,55.18,18,28.1,Mobile,Returning,Electronics,4,0
3361,45,172.8,23,78.96,Desktop,Returning,Fashion,18,1
3362,43,16.88,28,43.59,Desktop,Returning,Electronics,14,1
3363,66,11.58,23,5.05,Tablet,Returning,Electronics,9,1
3364,19,71.14,15,53.76,Desktop,Returning,Electronics,3,1
3365,42,6.37,26,134.28,Mobile,New,Home Goods,3,1
3366,20,28.67,25,8.32,Desktop,Returning,Fashion,11,1
3367,25,15.61,13,5.77,Tablet,Returning,Fashion,5,0
3368,61,1.26,16,13.34,Mobile,Returning,Home Goods,4,0
3369,50,12.8,7,115.65,Mobile,Returning,Fashion,12,0
3370,59,9.25,16,102.99,Desktop,New,Fashion,12,1
3371,69,34.76,13,66.6,Mobile,Returning,Electronics,4,1
3372,52,89.15,14,50.52,Mobile,Returning,Electronics,3,1
3373,23,9.36,17,175.37,Mobile,New,Home Goods,2,1
3374,56,50.05,12,116.43,Tablet,Returning,Fashion,4,1
3375,69,1.71,29,133.68,Mobile,Returning,Fashion,4,1
3376,40,23.17,24,134.24,Mobile,Returning,Fashion,7,1
3377,42,2.19,24,82.34,Desktop,Returning,Electronics,2,1
3378,67,81.56,20,49.0,Tablet,New,Fashion,11,1
3379,60,43.62,13,160.01,Tablet,Returning,Electronics,5,1
3380,36,32.18,24,208.3,Mobile,New,Fashion,13,1
3381,22,52.1,20,1.93,Tablet,Returning,Fashion,4,1
3382,68,31.28,15,4.23,Mobile,Returning,Electronics,9,1
3383,28,104.16,24,255.04,Desktop,Returning,Home Goods,7,1
3384,29,37.55,21,25.97,Desktop,Returning,Home Goods,13,1
3385,27,77.57,4,165.32,Mobile,New,Home Goods,10,1
3386,25,21.84,22,39.39,Desktop,Returning,Electronics,7,1
3387,41,3.74,2,10.14,Mobile,Returning,Fashion,18,0
3388,45,22.53,28,6.71,Tablet,Returning,Fashion,18,1
3389,58,4.07,18,13.62,Mobile,New,Electronics,2,0
3390,53,26.93,2,23.0,Desktop,Returning,Fashion,1,0
3391,54,19.76,25,53.64,Mobile,Returning,Fashion,13,1
3392,38,29.23,15,96.72,Mobile,Returning,Fashion,2,1
3393,25,0.3,26,343.81,Tablet,Returning,Electronics,4,0
3394,26,6.5,19,46.6,Desktop,New,Fashion,9,0
3395,64,20.28,15,58.42,Tablet,Returning,Fashion,8,1
3396,32,90.18,26,59.02,Mobile,Returning,Electronics,18,1
3397,65,14.52,20,62.02,Mobile,New,Fashion,16,0
3398,63,16.57,10,58.34,Desktop,Returning,Electronics,4,0
3399,57,37.63,28,0.71,Mobile,Returning,Electronics,4,0
3400,35,27.77,24,0.14,Mobile,New,Fashion,18,0
3401,59,10.65,20,8.22,Desktop,New,Home Goods,2,1
3402,37,15.87,11,8.57,Mobile,New,Fashion,11,0
3403,23,7.37,26,97.63,Mobile,New,Electronics,4,0
3404,29,101.46,10,18.34,Mobile,New,Electronics,14,0
3405,19,4.2,29,180.09,Desktop,New,Home Goods,17,0
3406,24,13.95,23,211.16,Desktop,New,Electronics,8,0
3407,33,0.79,5,298.02,Mobile,Returning,Fashion,1,1
3408,20,7.52,9,223.86,Desktop,Returning,Electronics,19,1
3409,62,45.49,20,25.38,Mobile,New,Fashion,19,0
3410,20,6.74,19,57.03,Tablet,Returning,Electronics,7,1
3411,44,2.5,13,15.43,Tablet,Returning,Fashion,1,0
3412,67,19.3,18,131.28,Desktop,Returning,Electronics,1,0
3413,60,0.3,17,175.45,Mobile,Returning,Fashion,10,0
3414,57,2.66,27,152.46,Desktop,Returning,Electronics,13,1
3415,55,49.45,6,45.44,Desktop,New,Electronics,5,1
3416,50,44.28,10,113.73,Tablet,New,Fashion,12,1
3417,45,74.0,2,8.21,Tablet,Returning,Home Goods,3,1
3418,18,57.83,24,3.29,Tablet,Returning,Electronics,19,0
3419,25,19.92,15,0.0,Mobile,Returning,Fashion,4,1
3420,54,1.61,28,44.32,Tablet,New,Fashion,15,0
3421,49,45.81,28,433.17,Desktop,Returning,Electronics,13,1
3422,65,56.03,21,8.19,Desktop,Returning,Fashion,11,0
3423,60,48.15,13,154.83,Mobile,Returning,Home Goods,2,1
3424,54,21.31,18,52.31,Mobile,New,Fashion,9,0
3425,21,7.95,7,140.43,Mobile,Returning,Fashion,12,1
3426,47,19.92,2,0.0,Mobile,Returning,Home Goods,4,1
3427,23,38.97,29,198.15,Mobile,Returning,Home Goods,19,1
3428,63,118.52,14,28.29,Tablet,Returning,Fashion,10,1
3429,36,5.08,5,239.34,Mobile,New,Electronics,11,1
3430,49,7.67,18,13.16,Mobile,Returning,Fashion,7,0
3431,26,7.14,11,6.84,Mobile,New,Electronics,13,0
3432,29,47.18,10,45.2,Mobile,Returning,Home Goods,9,1
3433,28,6.21,11,140.97,Tablet,New,Fashion,12,1
3434,63,2.07,27,51.31,Mobile,Returning,Fashion,2,1
3435,33,196.31,2,141.42,Mobile,Returning,Fashion,1,1
3436,18,0.75,15,104.65,Tablet,Returning,Fashion,7,1
3437,62,54.1,7,18.8,Tablet,Returning,Fashion,1,0
3438,38,13.64,9,237.89,Mobile,Returning,Home Goods,16,1
3439,47,55.28,5,5.02,Desktop,Returning,Fashion,4,0
3440,30,24.26,7,182.84,Desktop,New,Electronics,8,1
3441,51,69.57,20,29.04,Desktop,New,Home Goods,17,0
3442,21,78.19,2,55.48,Mobile,Returning,Electronics,19,0
3443,45,0.27,3,43.9,Tablet,New,Electronics,4,0
3444,55,2.35,2,15.08,Mobile,Returning,Fashion,4,0
3445,48,8.64,21,35.47,Mobile,New,Electronics,8,1
3446,44,33.2,22,17.15,Mobile,Returning,Fashion,10,1
3447,22,65.75,23,18.24,Mobile,Returning,Home Goods,16,0
3448,42,18.48,19,16.57,Tablet,Returning,Fashion,19,1
3449,20,28.02,4,53.71,Desktop,New,Electronics,1,0
3450,50,6.27,24,127.93,Mobile,New,Electronics,5,0
3451,21,49.04,20,67.33,Mobile,New,Electronics,2,1
3452,42,102.64,7,178.95,Mobile,New,Fashion,16,1
3453,37,9.38,28,80.97,Tablet,Returning,Fashion,13,0
3454,51,20.49,22,93.52,Desktop,Returning,Home Goods,6,1
3455,43,2.7,7,88.12,Desktop,New,Fashion,4,0
3456,22,24.57,17,47.75,Desktop,Returning,Fashion,7,0
3457,52,19.92,15,0.0,Unknown,New,Electronics,2,1
3458,45,4.68,22,5.78,Desktop,New,Home Goods,10,0
3459,46,17.51,16,157.2,Mobile,Returning,Fashion,14,0
3460,26,12.2,3,120.34,Tablet,New,Electronics,8,1
3461,69,22.13,15,22.51,Desktop,Returning,Electronics,3,1
3462,55,26.43,14,116.89,Desktop,Returning,Fashion,3,0
3463,67,0.26,15,1.02,Tablet,New,Electronics,2,0
3464,23,42.94,14,19.6,Desktop,Returning,Home Goods,17,1
3465,36,37.45,7,5.39,Desktop,Returning,Home Goods,19,1
3466,61,13.68,25,121.21,Tablet,New,Fashion,10,1
3467,28,1.63,3,112.81,Mobile,Returning,Electronics,12,0
3468,19,42.19,17,134.4,Mobile,Returning,Electronics,11,1
3469,64,93.15,10,0.36,Desktop,Returning,Fashion,9,0
3470,61,8.24,15,55.65,Mobile,Returning,Electronics,13,0
3471,61,11.73,29,97.62,Desktop,Returning,Fashion,6,1
3472,26,6.09,6,13.51,Desktop,Returning,Fashion,14,0
3473,38,25.81,28,83.94,Desktop,Returning,Fashion,11,0
3474,41,5.05,17,7.03,Tablet,Returning,Fashion,5,1
3475,51,13.21,17,16.01,Mobile,New,Electronics,2,0
3476,39,35.82,14,51.67,Desktop,Returning,Fashion,7,1
3477,20,24.64,24,84.8,Desktop,New,Electronics,17,1
3478,29,14.66,25,12.61,Mobile,New,Fashion,6,0
3479,45,16.35,18,16.39,Mobile,Returning,Electronics,14,0
3480,47,24.77,25,18.3,Tablet,Returning,Home Goods,4,1
3481,43,0.18,5,21.82,Desktop,Returning,Fashion,3,1
3482,65,2.45,29,20.55,Desktop,Returning,Electronics,11,1
3483,38,63.92,8,40.22,Desktop,Returning,Electronics,1,0
3484,45,2.43,7,84.86,Mobile,Returning,Electronics,14,0
3485,43,36.81,23,46.1,Mobile,New,Fashion,6,0
3486,50,75.79,4,119.68,Mobile,New,Electronics,17,0
3487,38,9.47,18,101.63,Tablet,New,Fashion,17,0
3488,52,13.88,5,10.82,Mobile,Returning,Fashion,11,0
3489,69,25.24,16,4.01,Tablet,New,Electronics,7,0
3490,51,64.04,14,168.26,Tablet,New,Fashion,13,1
3491,58,85.37,27,6.66,Tablet,Returning,Electronics,8,0
3492,68,40.36,27,12.85,Mobile,Returning,Electronics,8,1
3493,64,2.72,19,1.79,Tablet,Returning,Home Goods,9,1
3494,35,33.18,14,79.18,Mobile,New,Fashion,7,1
3495,28,15.84,9,69.85,Mobile,Returning,Home Goods,9,0
3496,40,19.09,6,346.83,Mobile,Returning,Electronics,11,1
3497,65,19.92,15,0.0,Tablet,Returning,Fashion,2,0
3498,39,6.36,19,42.33,Mobile,Returning,Fashion,18,1
3499,34,46.89,12,37.16,Desktop,New,Electronics,3,0
3500,22,18.15,4,28.18,Mobile,Returning,Home Goods,18,0
3501,61,10.77,16,13.23,Mobile,New,Electronics,16,0
3502,28,14.54,25,11.89,Mobile,New,Electronics,8,0
3503,47,57.81,11,11.35,Tablet,New,Fashion,8,1
3504,32,41.47,22,9.69,Desktop,Returning,Fashion,6,1
3505,44,9.54,4,22.01,Tablet,Returning,Fashion,2,0
3506,52,3.75,17,29.3,Desktop,Returning,Electronics,16,1
3507,50,8.71,8,260.73,Tablet,Returning,Fashion,9,1
3508,37,76.06,14,69.11,Desktop,New,Fashion,19,1
3509,33,26.14,27,351.18,Desktop,Returning,Fashion,15,1
3510,51,22.87,2,37.28,Desktop,Returning,Home Goods,2,1
3511,19,27.22,11,48.94,Mobile,Returning,Electronics,15,1
3512,52,13.67,11,31.39,Desktop,Returning,Fashion,11,1
3513,57,49.37,24,16.16,Desktop,New,Home Goods,12,1
3514,45,22.23,22,12.36,Desktop,Returning,Fashion,15,1
3515,64,3.72,24,232.15,Desktop,Returning,Fashion,16,0
3516,56,4.15,6,346.27,Mobile,Returning,Fashion,6,1
3517,23,23.09,21,3.68,Desktop,Returning,Fashion,3,1
3518,26,82.73,21,13.03,Mobile,Returning,Fashion,6,0
3519,37,11.06,14,44.07,Desktop,New,Electronics,3,0
3520,18,61.1,10,16.5,Desktop,Returning,Electronics,13,0
3521,25,43.33,26,36.19,Tablet,Returning,Electronics,12,1
3522,40,8.54,27,11.06,Mobile,New,Electronics,8,0
3523,20,1.11,8,48.78,Mobile,New,Home Goods,2,0
3524,21,3.22,7,25.36,Mobile,Returning,Fashion,7,0
3525,42,39.11,8,34.7,Mobile,New,Electronics,17,1
3526,64,6.68,28,0.0,Desktop,New,Electronics,7,0
3527,55,13.92,8,44.71,Desktop,Returning,Home Goods,1,0
3528,32,20.9,23,327.18,Desktop,Returning,Fashion,4,0
3529,38,38.78,2,31.9,Tablet,New,Fashion,15,0
3530,52,3.61,27,167.28,Mobile,Returning,Electronics,4,0
3531,63,15.64,16,148.22,Mobile,Returning,Electronics,12,0
3532,69,19.91,9,243.02,Mobile,Returning,Fashion,16,0
3533,31,23.35,13,124.89,Tablet,Returning,Electronics,18,1
3534,53,51.17,23,86.21,Desktop,Returning,Fashion,14,1
3535,29,5.65,12,155.36,Desktop,New,Home Goods,14,0
3536,34,49.48,27,6.29,Mobile,Returning,Fashion,11,1
3537,56,35.42,22,49.72,Mobile,New,Fashion,16,0
3538,26,24.35,25,362.67,Tablet,New,Fashion,15,1
3539,52,36.07,29,117.44,Mobile,Returning,Electronics,6,1
3540,30,15.93,17,261.77,Desktop,New,Fashion,13,0
3541,32,4.47,27,121.0,Mobile,Returning,Electronics,17,1
3542,35,32.88,2,166.28,Mobile,Returning,Home Goods,4,1
3543,68,22.31,13,98.08,Desktop,New,Fashion,12,1
3544,50,19.92,15,0.0,Unknown,New,Electronics,18,0
3545,23,12.37,26,59.25,Desktop,Returning,Fashion,8,1
3546,44,71.21,28,206.41,Desktop,Returning,Fashion,12,1
3547,40,26.56,19,139.46,Desktop,Returning,Fashion,4,1
3548,44,2.68,11,148.57,Desktop,Returning,Fashion,8,1
3549,51,17.92,5,89.43,Desktop,New,Electronics,2,0
3550,63,42.36,1,29.06,Mobile,New,Fashion,4,1
3551,55,47.42,20,2.9,Desktop,Returning,Home Goods,12,0
3552,31,20.47,13,219.48,Desktop,New,Electronics,10,1
3553,53,67.54,8,70.57,Mobile,Returning,Electronics,15,1
3554,25,9.35,6,28.32,Tablet,Returning,Home Goods,9,1
3555,52,15.86,29,12.92,Desktop,Returning,Home Goods,9,0
3556,36,68.66,17,141.53,Tablet,Returning,Electronics,7,1
3557,47,67.98,12,144.89,Tablet,Returning,Electronics,2,0
3558,31,19.92,15,0.0,Unknown,New,Fashion,7,1
3559,37,58.77,3,82.87,Desktop,Returning,Electronics,9,1
3560,66,2.79,14,36.46,Mobile,Returning,Electronics,18,1
3561,42,60.07,26,29.0,Mobile,Returning,Home Goods,12,1
3562,57,11.6,8,0.69,Tablet,Returning,Fashion,7,1
3563,41,5.89,11,143.47,Desktop,Returning,Fashion,19,0
3564,31,8.21,27,7.32,Mobile,Returning,Fashion,16,1
3565,43,16.24,14,79.7,Desktop,New,Home Goods,8,0
3566,55,8.68,8,56.11,Tablet,New,Fashion,19,0
3567,40,11.59,29,59.84,Desktop,New,Electronics,6,1
3568,39,4.35,3,209.07,Desktop,New,Electronics,2,0
3569,65,10.54,7,2.57,Desktop,Returning,Fashion,2,0
3570,36,25.48,28,118.76,Mobile,New,Electronics,8,1
3571,63,19.92,15,0.0,Mobile,Returning,Electronics,10,1
3572,68,12.77,4,3.11,Desktop,Returning,Fashion,11,0
3573,20,41.17,25,44.94,Mobile,New,Electronics,3,0
3574,59,67.19,16,5.21,Desktop,New,Home Goods,16,1
3575,36,42.41,13,124.53,Desktop,Returning,Home Goods,3,1
3576,26,12.1,20,60.33,Desktop,Returning,Electronics,8,1
3577,45,40.93,19,2.36,Mobile,Returning,Electronics,19,0
3578,37,4.95,5,3.31,Mobile,Returning,Fashion,12,0
3579,62,4.19,23,75.88,Mobile,Returning,Home Goods,18,1
3580,24,12.72,5,131.24,Desktop,Returning,Fashion,13,0
3581,31,19.92,15,0.0,Unknown,New,Electronics,11,1
3582,26,8.48,24,64.7,Desktop,Returning,Fashion,13,1
3583,36,1.96,4,128.69,Mobile,New,Fashion,3,0
3584,64,4.24,2,75.43,Desktop,Returning,Fashion,6,0
3585,69,58.72,26,20.37,Mobile,Returning,Electronics,3,1
3586,31,19.92,15,0.0,Unknown,New,Electronics,1,1
3587,55,8.76,16,79.17,Mobile,New,Electronics,14,0
3588,53,24.31,22,105.97,Mobile,Returning,Fashion,7,1
3589,57,22.5,2,77.59,Tablet,Returning,Home Goods,9,1
3590,34,31.96,19,278.53,Mobile,Returning,Fashion,1,1
3591,47,7.97,17,17.58,Desktop,New,Fashion,10,1
3592,26,19.92,15,0.0,Tablet,Returning,Electronics,13,1
3593,50,11.1,25,61.83,Desktop,Returning,Home Goods,12,0
3594,69,35.54,18,89.17,Tablet,Returning,Fashion,4,1
3595,42,0.49,28,8.38,Mobile,Returning,Electronics,7,0
3596,31,13.99,23,38.32,Mobile,Returning,Electronics,10,0
3597,28,13.0,21,117.36,Mobile,New,Home Goods,7,1
3598,52,23.52,18,98.18,Mobile,New,Fashion,15,1
3599,58,2.27,8,3.28,Mobile,Returning,Electronics,19,0
3600,31,19.92,15,0.0,Unknown,New,Fashion,7,1
3601,47,7.37,15,7.39,Desktop,New,Fashion,14,1
3602,58,19.92,15,0.0,Unknown,New,Fashion,14,1
3603,21,48.77,13,182.07,Mobile,Returning,Home Goods,18,1
3604,21,24.76,16,1.7,Mobile,New,Fashion,10,0
3605,45,40.51,22,156.52,Mobile,Returning,Home Goods,3,0
3606,25,32.53,20,201.49,Mobile,New,Fashion,6,1
3607,19,13.18,13,34.9,Desktop,New,Home Goods,9,0
3608,58,49.64,20,101.69,Mobile,Returning,Electronics,14,0
3609,63,10.47,2,46.69,Mobile,Returning,Fashion,8,0
3610,39,25.4,3,85.19,Desktop,New,Electronics,1,0
3611,58,41.04,15,33.28,Tablet,Returning,Fashion,3,1
3612,33,14.29,23,31.15,Desktop,New,Fashion,6,0
3613,46,10.82,19,44.19,Desktop,New,Electronics,1,0
3614,66,18.45,13,12.59,Mobile,New,Electronics,18,0
3615,65,51.11,5,142.29,Mobile,New,Electronics,10,1
3616,47,79.74,26,34.3,Mobile,New,Home Goods,17,1
3617,29,23.63,22,40.89,Mobile,Returning,Fashion,1,0
3618,52,32.49,6,179.59,Tablet,Returning,Home Goods,8,1
3619,28,70.08,14,54.91,Desktop,New,Home Goods,12,1
3620,63,3.11,4,62.87,Mobile,New,Fashion,19,1
3621,67,7.92,22,250.8,Mobile,New,Fashion,14,1
3622,38,37.02,19,174.24,Mobile,Returning,Electronics,19,1
3623,38,52.07,23,14.85,Desktop,New,Electronics,17,1
3624,22,58.35,7,51.28,Mobile,New,Fashion,16,1
3625,65,16.09,4,284.06,Mobile,Returning,Fashion,19,1
3626,37,2.81,2,37.26,Desktop,Returning,Electronics,5,0
3627,54,17.28,27,37.16,Mobile,New,Electronics,19,1
3628,20,7.87,7,17.36,Mobile,Returning,Fashion,4,0
3629,61,10.33,3,9.71,Mobile,New,Home Goods,5,0
3630,50,44.39,15,107.86,Mobile,New,Electronics,5,1
3631,26,2.36,1,117.58,Mobile,Returning,Fashion,1,1
3632,26,52.73,2,277.93,Mobile,Returning,Electronics,18,1
3633,21,16.74,10,118.77,Desktop,Returning,Fashion,15,1
3634,52,27.19,16,22.31,Desktop,New,Electronics,19,0
3635,34,2.82,25,3.28,Desktop,Returning,Fashion,14,0
3636,51,12.35,28,338.34,Tablet,New,Fashion,6,0
3637,41,2.82,15,33.3,Mobile,Returning,Fashion,18,0
3638,49,97.75,24,29.91,Tablet,Returning,Fashion,8,1
3639,18,49.39,15,189.12,Mobile,New,Electronics,5,1
3640,25,18.47,14,70.38,Mobile,Returning,Electronics,8,1
3641,62,7.59,22,19.35,Mobile,Returning,Fashion,6,0
3642,40,81.3,14,175.93,Mobile,New,Fashion,10,1
3643,64,12.68,6,401.18,Tablet,Returning,Home Goods,3,1
3644,57,5.27,14,7.25,Mobile,Returning,Fashion,13,1
3645,29,24.85,17,158.59,Mobile,New,Fashion,7,0
3646,29,86.35,18,39.61,Mobile,Returning,Electronics,4,1
3647,63,0.12,20,59.4,Mobile,Returning,Home Goods,13,1
3648,64,8.16,19,197.04,Mobile,Returning,Home Goods,6,1
3649,32,83.64,17,290.08,Mobile,Returning,Electronics,16,0
3650,58,5.63,16,24.32,Mobile,Returning,Fashion,1,0
3651,36,3.61,8,19.15,Tablet,New,Electronics,13,0
3652,43,25.33,7,6.72,Mobile,Returning,Fashion,2,0
3653,69,59.38,20,66.01,Mobile,New,Fashion,19,0
3654,46,19.92,28,0.0,Desktop,New,Electronics,6,0
3655,39,156.44,12,42.47,Tablet,New,Electronics,11,0
3656,57,34.11,9,6.1,Mobile,Returning,Fashion,17,1
3657,38,2.31,27,41.57,Mobile,Returning,Fashion,9,1
3658,68,148.14,14,3.26,Tablet,New,Home Goods,5,0
3659,55,15.72,20,144.25,Mobile,Returning,Home Goods,5,0
3660,37,10.17,1,18.83,Desktop,New,Electronics,16,0
3661,46,24.49,10,31.84,Mobile,Returning,Electronics,4,0
3662,68,19.92,15,0.0,Tablet,Returning,Home Goods,13,0
3663,21,2.71,17,109.72,Tablet,New,Electronics,17,1
3664,24,0.04,17,19.78,Desktop,New,Electronics,9,0
3665,45,19.92,15,0.0,Mobile,New,Fashion,13,0
3666,45,54.4,17,100.61,Mobile,New,Fashion,16,1
3667,21,25.48,18,39.64,Mobile,Returning,Electronics,10,1
3668,39,214.2,20,116.22,Tablet,New,Fashion,10,1
3669,29,10.14,23,47.15,Tablet,Returning,Fashion,16,1
3670,62,9.87,2,33.97,Mobile,Returning,Electronics,1,0
3671,20,5.22,8,48.0,Desktop,Returning,Fashion,11,0
3672,39,5.38,13,110.44,Mobile,New,Home Goods,13,1
3673,61,10.07,23,186.0,Mobile,Returning,Fashion,18,0
3674,19,47.23,25,4.08,Desktop,Returning,Electronics,5,1
3675,41,70.86,22,59.41,Mobile,Returning,Electronics,4,1
3676,51,110.77,20,2.67,Mobile,Returning,Electronics,6,1
3677,44,7.93,22,50.55,Mobile,New,Fashion,15,0
3678,58,63.93,15,173.22,Desktop,New,Electronics,2,1
3679,18,11.94,20,35.9,Tablet,Returning,Home Goods,4,1
3680,25,3.59,23,215.59,Tablet,Returning,Home Goods,14,1
3681,40,61.21,9,79.67,Desktop,Returning,Electronics,4,1
3682,55,30.33,3,217.64,Desktop,New,Home Goods,18,1
3683,23,19.92,15,0.0,Unknown,New,Fashion,16,1
3684,39,16.85,2,8.73,Tablet,New,Home Goods,9,0
3685,42,19.92,15,0.0,Desktop,New,Home Goods,8,0
3686,35,40.04,14,40.09,Desktop,Returning,Electronics,11,0
3687,34,18.12,17,0.0,Desktop,New,Home Goods,14,0
3688,29,136.07,13,54.64,Desktop,Returning,Electronics,17,1
3689,23,1.69,19,51.0,Mobile,Returning,Fashion,13,0
3690,43,13.16,23,250.36,Mobile,Returning,Home Goods,8,1
3691,44,19.73,15,45.49,Desktop,Returning,Electronics,14,1
3692,25,20.98,27,123.2,Tablet,Returning,Electronics,11,1
3693,36,11.39,25,227.66,Desktop,New,Electronics,9,1
3694,59,39.2,14,167.64,Mobile,Returning,Home Goods,8,1
3695,18,62.32,2,18.72,Mobile,Returning,Electronics,14,0
3696,46,83.77,7,54.82,Desktop,Returning,Fashion,15,1
3697,62,49.06,17,34.18,Desktop,Returning,Electronics,1,1
3698,66,57.03,18,40.85,Desktop,New,Home Goods,12,1
3699,52,19.92,15,0.0,Unknown,New,Electronics,5,0
3700,57,52.44,27,140.06,Tablet,New,Home Goods,14,1
3701,31,10.85,21,48.14,Desktop,Returning,Home Goods,16,0
3702,52,15.25,8,59.34,Desktop,Returning,Electronics,19,0
3703,65,11.43,28,323.4,Mobile,Returning,Fashion,16,1
3704,62,18.9,27,4.95,Mobile,Returning,Fashion,7,1
3705,37,10.09,2,53.55,Tablet,Returning,Electronics,3,0
3706,66,97.8,1,119.0,Mobile,New,Electronics,8,1
3707,30,11.26,16,13.11,Desktop,New,Home Goods,14,0
3708,55,3.1,7,75.64,Mobile,Returning,Home Goods,3,1
3709,66,22.45,22,21.9,Desktop,Returning,Fashion,11,1
3710,63,1.76,24,161.64,Mobile,New,Electronics,14,1
3711,66,3.51,11,31.69,Mobile,Returning,Electronics,2,0
3712,25,7.43,15,31.93,Tablet,New,Fashion,4,1
3713,60,18.73,13,72.94,Desktop,Returning,Electronics,5,1
3714,37,17.04,24,16.22,Mobile,New,Home Goods,19,1
3715,50,48.24,2,26.83,Mobile,Returning,Fashion,10,1
3716,43,40.35,14,43.11,Tablet,New,Fashion,2,1
3717,56,16.67,24,34.91,Mobile,Returning,Fashion,3,0
3718,38,12.18,6,59.53,Desktop,Returning,Fashion,15,0
3719,66,11.41,9,73.23,Mobile,Returning,Electronics,19,0
3720,59,44.62,28,66.9,Tablet,Returning,Fashion,2,1
3721,60,1.6,7,84.94,Desktop,New,Home Goods,3,1
3722,58,0.39,18,29.42,Desktop,New,Fashion,12,1
3723,26,47.62,24,10.81,Mobile,Returning,Electronics,14,1
3724,41,19.45,9,114.44,Tablet,Returning,Fashion,17,1
3725,54,4.21,23,152.19,Mobile,New,Home Goods,16,0
3726,66,8.06,4,23.77,Tablet,Returning,Electronics,17,1
3727,58,80.87,9,41.82,Mobile,New,Home Goods,9,0
3728,34,58.88,4,55.22,Desktop,New,Home Goods,3,1
3729,41,37.11,12,60.97,Mobile,Returning,Electronics,14,1
3730,38,19.75,4,86.18,Desktop,Returning,Home Goods,3,1
3731,68,22.04,25,3.4,Mobile,Returning,Fashion,6,0
3732,56,110.96,24,102.26,Mobile,Returning,Electronics,19,1
3733,58,101.24,20,5.12,Mobile,Returning,Fashion,13,1
3734,56,7.27,14,50.53,Mobile,New,Home Goods,5,0
3735,30,50.0,24,140.67,Mobile,Returning,Home Goods,1,1
3736,28,6.59,24,48.0,Mobile,Returning,Home Goods,12,0
3737,63,7.21,7,12.92,Tablet,New,Fashion,15,1
3738,36,33.82,26,336.16,Mobile,New,Fashion,19,1
3739,28,15.58,13,176.06,Desktop,Returning,Fashion,2,1
3740,30,80.45,22,118.03,Mobile,Returning,Fashion,3,1
3741,63,2.8,8,42.42,Desktop,New,Fashion,7,0
3742,62,21.49,23,16.25,Mobile,New,Fashion,11,1
3743,18,75.22,5,226.98,Tablet,New,Home Goods,10,0
3744,57,70.34,12,60.8,Desktop,New,Electronics,8,1
3745,61,5.11,13,153.04,Mobile,Returning,Electronics,2,0
3746,36,13.7,29,33.5,Desktop,Returning,Electronics,14,1
3747,29,28.96,20,32.67,Mobile,Returning,Electronics,13,1
3748,25,5.21,14,338.91,Desktop,New,Home Goods,7,1
3749,25,103.28,28,59.02,Mobile,Returning,Electronics,9,0
3750,62,73.86,18,12.13,Mobile,New,Fashion,7,1
3751,29,5.48,27,19.84,Mobile,New,Electronics,1,0
3752,65,3.87,24,52.61,Desktop,Returning,Home Goods,1,1
3753,50,19.92,15,0.0,Unknown,New,Fashion,6,0
3754,62,72.05,20,49.67,Desktop,New,Electronics,1,1
3755,43,6.46,4,43.43,Desktop,Returning,Fashion,16,1
3756,56,16.15,21,120.89,Mobile,New,Fashion,3,0
3757,45,17.87,18,35.07,Desktop,Returning,Home Goods,13,0
3758,22,27.41,7,323.87,Desktop,New,Fashion,4,1
3759,25,2.23,15,15.95,Tablet,New,Fashion,17,0
3760,42,7.71,21,71.52,Desktop,Returning,Fashion,10,1
3761,44,80.42,6,7.52,Desktop,Returning,Home Goods,4,0
3762,63,71.71,16,105.9,Desktop,Returning,Fashion,12,0
3763,40,45.6,20,420.02,Mobile,Returning,Home Goods,13,1
3764,47,0.59,24,136.8,Mobile,Returning,Fashion,4,1
3765,62,11.88,8,64.9,Mobile,Returning,Home Goods,16,1
3766,64,29.66,28,53.05,Mobile,New,Home Goods,19,0
3767,40,9.66,21,144.16,Mobile,Returning,Fashion,7,1
3768,66,72.1,16,219.88,Tablet,Returning,Fashion,1,0
3769,64,30.14,28,362.31,Mobile,Returning,Fashion,16,1
3770,37,2.24,22,40.41,Desktop,Returning,Home Goods,2,1
3771,35,71.91,16,376.11,Desktop,New,Fashion,1,1
3772,35,94.94,3,13.56,Mobile,Returning,Fashion,14,0
3773,19,2.43,17,23.39,Mobile,Returning,Fashion,5,0
3774,21,19.92,15,0.0,Unknown,New,Fashion,15,0
3775,47,19.92,25,0.0,Desktop,Returning,Fashion,10,0
3776,50,14.97,3,116.86,Tablet,Returning,Home Goods,2,1
3777,53,5.94,20,153.34,Mobile,Returning,Home Goods,11,1
3778,35,25.89,29,120.73,Tablet,Returning,Electronics,16,1
3779,54,95.09,7,79.77,Mobile,Returning,Electronics,19,1
3780,36,20.98,18,57.72,Desktop,Returning,Electronics,4,1
3781,64,2.6,12,98.67,Desktop,Returning,Electronics,10,1
3782,45,29.03,19,39.65,Mobile,Returning,Electronics,12,1
3783,57,12.48,16,147.26,Mobile,New,Electronics,2,0
3784,37,58.12,22,90.46,Mobile,Returning,Electronics,2,0
3785,66,17.11,27,95.73,Mobile,Returning,Electronics,9,1
3786,50,6.43,24,61.42,Desktop,Returning,Fashion,12,0
3787,29,6.36,17,173.19,Mobile,Returning,Fashion,2,1
3788,68,43.93,20,23.23,Desktop,New,Fashion,18,1
3789,32,9.26,15,38.39,Mobile,New,Electronics,16,0
3790,58,19.92,1,0.0,Desktop,New,Fashion,19,1
3791,56,6.92,2,54.3,Desktop,Returning,Electronics,15,1
3792,19,11.64,8,176.01,Desktop,New,Electronics,16,1
3793,46,18.79,22,34.02,Desktop,Returning,Home Goods,6,0
3794,58,86.04,25,36.88,Mobile,New,Fashion,15,0
3795,27,19.92,15,0.0,Desktop,Returning,Electronics,12,1
3796,19,6.95,19,49.94,Mobile,New,Electronics,12,0
3797,68,13.31,9,58.07,Mobile,New,Fashion,10,0
3798,28,4.85,9,32.37,Mobile,Returning,Electronics,15,0
3799,30,21.4,13,25.91,Desktop,New,Home Goods,4,0
3800,27,18.52,6,85.36,Desktop,Returning,Fashion,10,0
3801,31,69.31,15,10.21,Desktop,New,Home Goods,19,1
3802,35,79.78,19,169.14,Mobile,Returning,Home Goods,14,1
3803,68,14.51,21,120.84,Mobile,Returning,Electronics,10,1
3804,26,20.3,15,16.93,Tablet,New,Home Goods,17,0
3805,56,67.97,18,94.74,Desktop,New,Electronics,11,1
3806,45,49.31,7,73.83,Mobile,New,Electronics,18,0
3807,20,0.11,26,16.32,Desktop,Returning,Home Goods,2,0
3808,37,11.57,11,25.53,Mobile,New,Fashion,11,0
3809,23,16.43,8,42.07,Mobile,Returning,Fashion,8,1
3810,44,7.83,6,96.12,Mobile,Returning,Fashion,19,1
3811,19,6.68,8,81.45,Mobile,Returning,Electronics,16,1
3812,46,1.16,2,60.78,Mobile,New,Fashion,4,1
3813,55,30.93,19,117.02,Tablet,New,Home Goods,14,1
3814,20,9.14,16,113.48,Desktop,New,Electronics,17,0
3815,33,1.61,7,76.96,Mobile,Returning,Home Goods,11,1
3816,47,7.88,10,123.71,Desktop,New,Fashion,3,0
3817,57,48.57,12,32.55,Tablet,Returning,Fashion,4,1
3818,19,57.21,17,170.46,Mobile,Returning,Fashion,13,1
3819,34,19.8,7,76.34,Desktop,New,Fashion,17,0
3820,58,16.14,22,138.24,Desktop,Returning,Electronics,10,1
3821,29,114.3,8,63.22,Mobile,New,Home Goods,12,1
3822,52,19.92,15,0.0,Unknown,New,Fashion,8,0
3823,60,7.28,4,62.54,Mobile,New,Electronics,3,0
3824,18,10.35,3,37.1,Desktop,New,Electronics,10,1
3825,62,5.69,19,95.65,Mobile,Returning,Fashion,7,0
3826,32,14.31,15,51.67,Desktop,Returning,Electronics,10,1
3827,43,72.52,4,144.69,Desktop,New,Fashion,7,1
3828,54,28.66,25,90.67,Mobile,Returning,Home Goods,18,1
3829,38,15.93,9,92.3,Tablet,Returning,Home Goods,14,1
3830,66,19.92,15,0.0,Tablet,New,Fashion,12,0
3831,48,1.49,18,332.07,Mobile,New,Electronics,8,0
3832,42,7.08,21,147.45,Tablet,Returning,Fashion,7,0
3833,40,25.03,16,124.47,Mobile,Returning,Electronics,5,1
3834,41,28.68,1,32.06,Mobile,Returning,Home Goods,1,0
3835,55,1.21,4,61.37,Mobile,Returning,Home Goods,15,0
3836,45,15.48,18,11.8,Desktop,Returning,Fashion,9,1
3837,38,31.42,8,61.86,Desktop,Returning,Fashion,12,0
3838,60,35.93,20,12.62,Mobile,Returning,Electronics,18,1
3839,35,30.49,16,64.42,Mobile,Returning,Home Goods,11,1
3840,53,11.59,21,83.69,Mobile,New,Home Goods,10,1
3841,52,2.95,11,39.57,Tablet,Returning,Fashion,10,0
3842,62,16.71,20,55.22,Tablet,New,Home Goods,18,1
3843,26,4.13,21,166.77,Desktop,Returning,Home Goods,1,1
3844,55,88.48,21,9.19,Desktop,Returning,Fashion,11,0
3845,47,19.34,21,125.51,Desktop,Returning,Home Goods,2,1
3846,61,11.45,27,14.98,Mobile,New,Fashion,11,0
3847,51,43.61,19,2.99,Mobile,Returning,Fashion,2,0
3848,49,20.67,23,16.42,Desktop,Returning,Fashion,9,1
3849,20,11.13,19,115.87,Desktop,Returning,Electronics,1,1
3850,20,19.92,15,0.0,Unknown,New,Home Goods,6,0
3851,45,60.56,19,164.78,Tablet,Returning,Electronics,2,1
3852,61,33.53,11,59.51,Desktop,New,Fashion,15,0
3853,32,1.44,3,1.8,Mobile,Returning,Fashion,1,0
3854,58,25.06,8,100.9,Desktop,Returning,Electronics,18,0
3855,40,43.23,20,9.34,Tablet,New,Electronics,4,1
3856,57,4.4,19,124.62,Mobile,New,Electronics,13,1
3857,28,7.79,10,14.72,Desktop,New,Fashion,4,1
3858,65,64.24,16,33.9,Mobile,Returning,Home Goods,15,1
3859,49,0.61,5,114.59,Mobile,Returning,Home Goods,2,0
3860,53,41.92,20,246.73,Desktop,Returning,Electronics,9,1
3861,50,19.26,9,37.15,Mobile,Returning,Electronics,12,0
3862,41,17.76,8,141.47,Mobile,New,Home Goods,14,1
3863,56,19.92,15,0.0,Unknown,New,Electronics,4,0
3864,51,51.34,16,131.68,Mobile,New,Electronics,15,1
3865,45,13.38,7,85.72,Mobile,New,Electronics,4,1
3866,54,23.35,15,17.13,Desktop,Returning,Fashion,5,1
3867,24,33.93,24,28.82,Mobile,New,Electronics,10,1
3868,21,36.38,29,11.3,Desktop,Returning,Home Goods,12,1
3869,54,93.69,21,38.63,Desktop,Returning,Fashion,12,0
3870,18,22.74,20,18.22,Mobile,Returning,Home Goods,8,0
3871,18,15.31,23,82.63,Desktop,New,Electronics,4,1
3872,64,92.18,17,416.31,Desktop,Returning,Electronics,3,1
3873,37,30.83,6,0.97,Mobile,Returning,Electronics,1,0
3874,36,10.62,15,62.28,Mobile,Returning,Electronics,18,0
3875,46,4.06,8,68.2,Desktop,Returning,Home Goods,14,1
3876,27,55.46,7,196.47,Tablet,Returning,Electronics,17,0
3877,35,13.49,2,56.42,Mobile,Returning,Home Goods,6,0
3878,45,32.41,13,62.77,Mobile,Returning,Electronics,6,1
3879,52,19.09,23,51.04,Mobile,Returning,Electronics,10,0
3880,60,6.65,29,25.06,Mobile,Returning,Home Goods,19,0
3881,64,27.62,6,4.61,Desktop,Returning,Fashion,10,1
3882,48,1.88,29,42.03,Mobile,Returning,Electronics,3,0
3883,44,16.0,5,4.32,Mobile,New,Fashion,1,0
3884,28,23.73,20,63.97,Mobile,Returning,Home Goods,18,1
3885,66,17.18,1,29.37,Mobile,New,Electronics,15,0
3886,66,41.43,29,61.02,Mobile,New,Home Goods,4,0
3887,55,52.79,18,11.54,Mobile,New,Home Goods,18,0
3888,22,44.25,15,215.8,Mobile,New,Fashion,10,0
3889,25,1.19,23,179.94,Desktop,Returning,Fashion,19,1
3890,51,6.47,10,16.86,Tablet,Returning,Electronics,17,0
3891,65,23.08,3,33.66,Mobile,New,Electronics,10,0
3892,69,19.92,5,0.0,Desktop,Returning,Fashion,4,1
3893,29,54.05,24,8.05,Mobile,New,Fashion,5,1
3894,55,55.46,29,35.03,Mobile,Returning,Electronics,7,1
3895,18,10.84,13,23.13,Mobile,Returning,Fashion,19,0
3896,48,16.83,8,197.7,Mobile,Returning,Home Goods,19,0
3897,21,19.09,22,153.12,Desktop,New,Home Goods,8,1
3898,66,5.14,21,69.37,Mobile,Returning,Home Goods,1,1
3899,62,0.95,29,58.78,Mobile,Returning,Fashion,8,1
3900,67,19.92,15,0.0,Unknown,New,Fashion,19,1
3901,22,8.26,9,215.56,Desktop,New,Electronics,17,1
3902,47,8.23,17,278.76,Mobile,Returning,Home Goods,9,1
3903,41,2.61,27,10.72,Mobile,New,Fashion,16,0
3904,20,79.14,18,14.0,Mobile,Returning,Fashion,9,1
3905,28,26.01,13,90.34,Mobile,New,Fashion,19,0
3906,62,32.99,1,62.37,Mobile,Returning,Electronics,16,0
3907,21,19.92,15,0.0,Unknown,New,Electronics,13,1
3908,43,19.92,15,0.0,Desktop,Returning,Fashion,19,0
3909,44,29.15,20,175.2,Desktop,Returning,Electronics,5,1
3910,63,1.19,21,162.53,Desktop,Returning,Electronics,2,0
3911,60,6.2,5,35.36,Mobile,Returning,Electronics,4,1
3912,44,53.38,8,177.35,Mobile,New,Electronics,12,1
3913,59,43.67,27,72.05,Mobile,New,Home Goods,18,1
3914,68,12.95,15,131.15,Desktop,New,Electronics,3,1
3915,67,14.19,27,44.61,Mobile,Returning,Electronics,19,1
3916,23,22.88,3,9.63,Tablet,Returning,Home Goods,4,1
3917,32,0.01,6,45.49,Desktop,Returning,Home Goods,4,0
3918,47,8.28,28,48.9,Tablet,New,Fashion,16,0
3919,59,7.0,13,64.05,Desktop,Returning,Fashion,11,1
3920,54,8.65,12,8.93,Tablet,Returning,Home Goods,13,0
3921,54,49.18,19,380.5,Desktop,Returning,Fashion,11,1
3922,59,9.84,29,22.39,Tablet,Returning,Home Goods,7,1
3923,54,6.38,18,17.71,Mobile,New,Fashion,14,0
3924,52,21.05,24,59.86,Mobile,New,Home Goods,4,1
3925,40,60.22,1,61.64,Desktop,New,Electronics,8,1
3926,23,8.29,25,46.36,Tablet,Returning,Home Goods,12,1
3927,21,2.45,27,118.23,Mobile,Returning,Fashion,13,0
3928,35,13.22,7,58.16,Mobile,New,Home Goods,9,0
3929,26,41.31,12,75.27,Desktop,New,Fashion,9,1
3930,66,24.0,10,102.91,Desktop,New,Fashion,2,1
3931,46,50.91,29,2.03,Mobile,Returning,Fashion,3,1
3932,30,96.26,12,67.64,Desktop,New,Home Goods,12,1
3933,64,47.2,11,172.47,Tablet,New,Electronics,17,1
3934,69,27.78,4,1.4,Tablet,New,Electronics,4,0
3935,34,20.4,19,41.56,Mobile,Returning,Electronics,14,1
3936,62,1.23,6,208.54,Mobile,Returning,Home Goods,9,0
3937,49,124.66,25,0.0,Mobile,Returning,Electronics,8,0
3938,65,14.51,9,49.11,Mobile,New,Electronics,1,0
3939,39,4.95,20,319.38,Mobile,Returning,Electronics,13,0
3940,21,32.96,10,17.78,Desktop,New,Home Goods,3,0
3941,22,10.03,5,5.4,Mobile,Returning,Fashion,14,0
3942,54,26.44,27,156.96,Tablet,New,Fashion,19,1
3943,58,26.51,13,162.28,Tablet,New,Fashion,6,1
3944,66,17.7,9,51.1,Mobile,Returning,Fashion,4,0
3945,30,19.92,15,0.0,Tablet,New,Electronics,1,0
3946,51,9.24,18,144.54,Desktop,New,Electronics,10,1
3947,62,17.86,21,107.32,Desktop,Returning,Home Goods,13,0
3948,39,23.15,1,24.65,Mobile,Returning,Fashion,12,0
3949,40,32.69,24,1.36,Desktop,Returning,Home Goods,11,1
3950,68,45.97,21,52.27,Mobile,Returning,Electronics,4,1
3951,20,15.07,12,156.67,Desktop,Returning,Fashion,17,1
3952,59,31.16,10,180.94,Mobile,Returning,Electronics,15,1
3953,51,4.9,2,250.3,Desktop,Returning,Home Goods,3,1
3954,49,80.93,28,169.33,Mobile,Returning,Fashion,10,1
3955,62,14.49,9,69.41,Mobile,New,Electronics,14,0
3956,68,39.23,2,47.05,Desktop,New,Fashion,19,0
3957,66,0.62,23,119.28,Desktop,Returning,Fashion,4,1
3958,38,6.89,24,107.71,Mobile,Returning,Electronics,14,1
3959,63,20.03,22,61.8,Mobile,Returning,Home Goods,6,1
3960,61,63.17,14,7.31,Tablet,New,Electronics,12,0
3961,38,22.48,11,208.38,Desktop,New,Electronics,2,1
3962,61,79.72,23,48.65,Mobile,New,Home Goods,17,1
3963,28,19.84,11,36.12,Desktop,New,Fashion,1,0
3964,56,20.23,17,79.45,Mobile,Returning,Home Goods,17,1
3965,21,3.83,4,89.63,Mobile,Returning,Electronics,5,0
3966,68,48.68,13,18.93,Desktop,Returning,Home Goods,16,1
3967,18,8.51,7,145.09,Desktop,Returning,Home Goods,14,1
3968,45,68.96,16,27.39,Desktop,Returning,Home Goods,10,1
3969,41,19.92,15,0.0,Unknown,New,Fashion,3,0
3970,52,86.1,13,41.72,Tablet,Returning,Electronics,3,1
3971,30,22.03,1,104.91,Mobile,Returning,Electronics,18,1
3972,64,33.91,11,269.25,Tablet,Returning,Electronics,18,1
3973,51,45.22,6,132.56,Mobile,Returning,Electronics,4,1
3974,28,4.21,20,225.54,Mobile,Returning,Fashion,7,1
3975,53,27.56,3,12.12,Desktop,Returning,Fashion,1,0
3976,68,1.05,12,5.91,Mobile,Returning,Fashion,16,1
3977,34,20.65,5,65.26,Desktop,Returning,Home Goods,17,0
3978,52,5.05,9,27.43,Desktop,Returning,Home Goods,8,0
3979,35,6.06,26,140.85,Mobile,New,Fashion,6,1
3980,57,19.92,26,0.0,Desktop,New,Home Goods,2,0
3981,39,16.99,12,282.49,Mobile,Returning,Fashion,10,0
3982,41,29.28,28,23.53,Mobile,New,Electronics,17,0
3983,36,2.32,27,53.21,Tablet,Returning,Fashion,19,1
3984,54,21.02,10,55.65,Tablet,New,Home Goods,4,0
3985,56,6.05,19,21.87,Mobile,New,Electronics,13,0
3986,38,25.6,5,71.35,Desktop,Returning,Fashion,19,0
3987,25,30.43,26,46.86,Mobile,Returning,Electronics,16,0
3988,45,24.41,5,47.35,Desktop,Returning,Fashion,13,0
3989,22,40.22,9,36.05,Tablet,New,Fashion,5,0
3990,34,12.27,27,1.37,Mobile,Returning,Fashion,12,0
3991,54,43.46,28,59.07,Desktop,Returning,Fashion,7,0
3992,53,17.01,26,32.67,Mobile,New,Home Goods,9,0
3993,36,19.86,27,0.11,Mobile,New,Electronics,5,1
3994,44,31.33,20,29.45,Tablet,Returning,Fashion,4,1
3995,51,0.56,17,26.13,Desktop,New,Fashion,10,0
3996,28,31.84,10,40.0,Mobile,Returning,Fashion,16,0
3997,62,28.92,21,11.31,Desktop,New,Fashion,11,1
3998,64,11.13,1,56.69,Mobile,Returning,Electronics,9,0
3999,29,2.69,22,94.33,Mobile,New,Fashion,5,1
4000,38,2.86,28,79.58,Tablet,Returning,Electronics,11,1
4001,28,77.01,16,130.27,Desktop,Returning,Electronics,9,1
4002,56,35.07,26,48.12,Desktop,New,Fashion,17,1
4003,45,4.08,26,58.57,Mobile,Returning,Home Goods,11,1
4004,22,13.24,15,133.03,Desktop,Returning,Fashion,6,0
4005,34,26.93,23,44.65,Tablet,Returning,Fashion,16,1
4006,37,54.16,17,96.75,Mobile,Returning,Fashion,19,1
4007,58,1.34,26,45.62,Mobile,New,Fashion,14,0
4008,63,8.1,20,43.27,Desktop,Returning,Fashion,3,0
4009,29,66.15,25,114.24,Mobile,Returning,Fashion,10,1
4010,23,0.28,13,15.37,Mobile,Returning,Home Goods,4,0
4011,34,6.75,1,33.07,Tablet,Returning,Home Goods,2,0
4012,68,95.84,25,20.31,Tablet,New,Electronics,13,0
4013,36,28.51,8,35.59,Desktop,New,Electronics,11,1
4014,43,9.1,5,20.95,Desktop,Returning,Electronics,12,1
4015,65,2.08,6,69.29,Tablet,Returning,Fashion,1,1
4016,61,0.86,23,128.03,Desktop,New,Fashion,9,0
4017,61,8.42,20,123.57,Mobile,New,Fashion,12,0
4018,69,63.98,14,36.27,Mobile,Returning,Electronics,7,0
4019,49,16.13,22,359.07,Mobile,New,Fashion,17,0
4020,23,38.22,23,72.08,Mobile,New,Fashion,10,1
4021,53,75.14,11,40.79,Mobile,New,Fashion,6,0
4022,55,15.73,6,144.41,Mobile,Returning,Fashion,7,1
4023,28,6.37,11,104.71,Mobile,Returning,Fashion,19,1
4024,50,21.84,13,110.67,Mobile,Returning,Fashion,14,1
4025,41,71.61,12,17.47,Desktop,Returning,Fashion,11,1
4026,40,48.95,22,50.54,Mobile,New,Fashion,2,0
4027,32,2.04,2,158.34,Desktop,New,Fashion,1,1
4028,44,35.39,21,56.1,Mobile,Returning,Fashion,10,1
4029,28,25.45,3,92.02,Desktop,New,Fashion,12,0
4030,68,71.4,23,70.93,Tablet,Returning,Electronics,9,1
4031,67,3.92,4,147.79,Desktop,Returning,Fashion,11,1
4032,34,22.91,17,26.79,Desktop,New,Fashion,1,0
4033,68,63.47,28,68.54,Tablet,Returning,Fashion,10,1
4034,31,15.83,28,10.52,Mobile,Returning,Fashion,19,0
4035,44,19.73,22,93.75,Tablet,Returning,Fashion,11,1
4036,35,2.19,6,105.33,Desktop,New,Home Goods,3,1
4037,45,9.78,7,3.5,Desktop,New,Home Goods,16,0
4038,68,11.77,15,90.11,Mobile,Returning,Fashion,10,1
4039,64,87.08,11,42.85,Desktop,Returning,Electronics,2,1
4040,64,9.97,24,10.6,Desktop,New,Fashion,19,1
4041,21,18.53,3,43.57,Desktop,Returning,Fashion,4,1
4042,24,33.38,6,17.28,Desktop,Returning,Electronics,16,0
4043,62,5.31,26,42.97,Mobile,Returning,Fashion,6,1
4044,52,19.99,2,38.8,Mobile,New,Electronics,11,0
4045,65,40.24,29,107.27,Mobile,New,Electronics,17,0
4046,26,60.49,14,119.05,Mobile,New,Electronics,15,1
4047,25,29.53,9,74.72,Mobile,New,Home Goods,4,1
4048,69,33.17,18,1.84,Mobile,Returning,Home Goods,8,0
4049,62,4.05,19,213.92,Mobile,New,Home Goods,18,0
4050,34,87.44,12,92.73,Mobile,Returning,Fashion,14,1
4051,34,4.27,13,2.78,Mobile,New,Fashion,2,1
4052,66,44.71,26,136.67,Tablet,Returning,Electronics,16,1
4053,50,9.23,12,17.88,Desktop,New,Home Goods,15,0
4054,49,81.36,12,69.25,Desktop,New,Electronics,6,1
4055,25,38.18,18,50.28,Mobile,New,Home Goods,9,1
4056,36,42.05,9,43.56,Desktop,Returning,Fashion,12,1
4057,55,7.42,17,176.37,Desktop,New,Fashion,10,1
4058,20,17.56,21,46.01,Tablet,New,Fashion,7,1
4059,22,28.86,16,6.27,Desktop,New,Electronics,5,0
4060,30,44.09,17,234.45,Desktop,Returning,Home Goods,8,1
4061,64,3.29,21,202.6,Tablet,Returning,Fashion,12,1
4062,63,98.39,24,92.27,Mobile,Returning,Home Goods,1,1
4063,48,19.92,15,0.0,Unknown,New,Electronics,10,1
4064,33,9.46,11,7.8,Desktop,New,Electronics,11,0
4065,67,51.91,24,125.14,Mobile,Returning,Home Goods,5,0
4066,49,21.91,2,6.28,Mobile,New,Fashion,13,1
4067,39,19.92,15,0.0,Unknown,New,Home Goods,18,0
4068,46,11.33,12,61.67,Mobile,Returning,Fashion,10,1
4069,39,26.09,21,13.96,Desktop,Returning,Fashion,17,1
4070,60,39.27,1,0.62,Tablet,New,Electronics,19,0
4071,20,15.88,23,44.01,Mobile,New,Home Goods,4,1
4072,27,29.76,13,11.81,Mobile,Returning,Electronics,9,0
4073,59,36.05,22,14.0,Mobile,Returning,Electronics,18,1
4074,38,37.25,21,6.4,Mobile,New,Home Goods,16,1
4075,33,19.92,15,0.0,Mobile,New,Fashion,7,1
4076,29,58.93,14,100.56,Mobile,Returning,Home Goods,12,1
4077,19,19.92,14,0.0,Mobile,Returning,Electronics,4,0
4078,58,19.92,16,0.0,Mobile,Returning,Fashion,12,0
4079,41,8.3,17,56.51,Desktop,New,Fashion,12,1
4080,52,19.79,6,2.66,Tablet,Returning,Fashion,4,0
4081,47,65.37,26,5.75,Desktop,New,Fashion,12,1
4082,47,14.26,28,23.83,Desktop,Returning,Fashion,8,0
4083,64,41.56,7,62.8,Mobile,New,Fashion,3,1
4084,52,3.05,26,107.63,Desktop,New,Electronics,16,1
4085,36,19.39,26,74.31,Mobile,New,Electronics,2,0
4086,67,143.69,1,39.82,Mobile,Returning,Electronics,6,0
4087,25,44.15,25,10.07,Desktop,Returning,Fashion,17,1
4088,43,7.09,15,121.41,Mobile,Returning,Home Goods,12,1
4089,66,20.88,20,36.18,Mobile,Returning,Fashion,9,0
4090,57,7.98,21,106.56,Tablet,Returning,Electronics,16,0
4091,24,15.81,18,57.56,Tablet,Returning,Fashion,7,1
4092,47,45.44,28,107.36,Mobile,Returning,Electronics,8,0
4093,24,19.92,26,0.0,Mobile,Returning,Fashion,7,0
4094,20,7.77,13,203.09,Desktop,New,Home Goods,5,1
4095,18,76.62,24,61.28,Desktop,Returning,Home Goods,7,1
4096,53,26.94,2,57.31,Mobile,New,Electronics,18,1
4097,42,14.34,19,24.7,Desktop,Returning,Fashion,18,0
4098,54,20.91,15,219.66,Tablet,New,Fashion,16,1
4099,18,27.87,12,48.99,Mobile,Returning,Home Goods,7,1
4100,32,24.62,15,10.92,Tablet,Returning,Electronics,2,1
4101,54,19.99,25,45.35,Tablet,New,Home Goods,17,0
4102,30,21.09,18,10.87,Mobile,Returning,Fashion,8,0
4103,57,5.82,14,55.86,Desktop,Returning,Home Goods,2,1
4104,25,50.26,6,65.91,Mobile,New,Home Goods,18,1
4105,22,23.41,12,32.97,Desktop,New,Electronics,19,0
4106,26,4.22,20,5.95,Desktop,New,Fashion,9,1
4107,18,43.59,23,229.89,Mobile,Returning,Electronics,12,1
4108,53,80.84,6,118.75,Desktop,Returning,Home Goods,19,1
4109,52,88.3,26,146.05,Desktop,Returning,Home Goods,8,1
4110,19,13.81,9,36.57,Mobile,New,Fashion,8,0
4111,57,4.37,25,114.45,Mobile,New,Fashion,10,1
4112,40,21.92,26,53.15,Mobile,New,Home Goods,18,1
4113,26,3.58,4,17.96,Desktop,New,Electronics,15,0
4114,51,81.54,17,10.63,Tablet,Returning,Home Goods,11,1
4115,63,6.08,2,33.86,Desktop,Returning,Home Goods,14,0
4116,31,8.74,16,11.84,Mobile,New,Home Goods,15,0
4117,21,15.66,24,508.72,Desktop,Returning,Fashion,14,0
4118,47,14.49,14,4.04,Mobile,New,Fashion,12,0
4119,48,47.49,26,0.0,Mobile,Returning,Fashion,4,0
4120,55,18.28,8,48.13,Mobile,New,Home Goods,3,0
4121,28,5.62,14,28.61,Mobile,Returning,Electronics,12,1
4122,52,19.92,15,0.0,Unknown,New,Fashion,7,0
4123,25,21.35,16,13.0,Tablet,Returning,Fashion,7,1
4124,20,4.79,4,122.57,Desktop,New,Fashion,19,0
4125,31,28.38,1,32.33,Desktop,New,Home Goods,14,0
4126,30,25.02,23,71.59,Mobile,Returning,Electronics,1,0
4127,62,37.63,20,100.6,Tablet,New,Electronics,7,1
4128,49,83.28,27,175.89,Desktop,Returning,Fashion,10,1
4129,51,73.0,14,144.53,Tablet,Returning,Home Goods,18,0
4130,62,87.61,8,74.98,Mobile,Returning,Fashion,13,0
4131,36,8.42,25,39.33,Desktop,Returning,Electronics,8,0
4132,55,4.23,28,55.97,Desktop,New,Fashion,9,1
4133,33,10.8,25,117.14,Mobile,Returning,Fashion,15,0
4134,19,67.64,3,168.0,Desktop,Returning,Fashion,8,1
4135,57,107.32,5,8.77,Tablet,Returning,Electronics,1,0
4136,34,58.84,6,38.87,Mobile,New,Electronics,3,0
4137,51,3.5,22,119.73,Mobile,Returning,Fashion,19,1
4138,59,88.37,26,45.2,Desktop,New,Fashion,9,1
4139,33,16.52,8,32.3,Mobile,New,Home Goods,19,0
4140,55,0.28,6,42.39,Desktop,New,Fashion,15,0
4141,19,17.52,6,73.87,Desktop,New,Fashion,14,0
4142,19,1.41,4,683.46,Mobile,New,Electronics,1,0
4143,43,23.55,7,54.34,Desktop,New,Home Goods,3,0
4144,30,12.4,24,18.71,Desktop,Returning,Fashion,2,1
4145,64,19.24,19,14.22,Tablet,New,Home Goods,1,0
4146,48,28.49,7,3.46,Desktop,Returning,Fashion,18,0
4147,51,60.93,3,65.46,Tablet,New,Fashion,1,1
4148,56,32.53,8,62.92,Mobile,New,Fashion,9,1
4149,20,17.08,1,18.38,Mobile,Returning,Electronics,7,1
4150,25,51.35,1,95.08,Mobile,Returning,Fashion,13,1
4151,40,70.8,14,108.11,Mobile,Returning,Electronics,17,1
4152,31,3.83,6,23.99,Tablet,Returning,Fashion,13,0
4153,44,22.77,10,33.74,Mobile,New,Fashion,13,0
4154,46,19.92,15,0.0,Unknown,New,Home Goods,10,1
4155,56,1.45,28,37.51,Mobile,Returning,Electronics,6,0
4156,56,33.13,14,114.44,Mobile,New,Fashion,5,0
4157,18,59.58,4,48.22,Tablet,Returning,Electronics,10,0
4158,34,5.33,6,126.14,Mobile,Returning,Electronics,14,1
4159,58,50.21,16,117.24,Desktop,New,Fashion,11,1
4160,47,57.6,28,88.15,Mobile,Returning,Electronics,5,1
4161,30,73.72,21,154.36,Tablet,Returning,Fashion,4,1
4162,38,9.25,28,224.04,Desktop,Returning,Electronics,3,1
4163,36,70.29,1,69.4,Desktop,New,Home Goods,14,1
4164,36,11.6,6,21.69,Mobile,Returning,Fashion,13,0
4165,42,24.11,9,40.68,Mobile,New,Fashion,5,1
4166,39,1.55,15,113.61,Tablet,New,Fashion,12,1
4167,48,1.35,12,84.19,Tablet,New,Home Goods,10,0
4168,34,38.23,3,15.66,Mobile,Returning,Electronics,2,0
4169,40,17.64,11,4.21,Mobile,Returning,Fashion,7,0
4170,49,8.88,15,91.9,Mobile,Returning,Electronics,7,0
4171,27,6.34,3,23.13,Mobile,Returning,Fashion,4,1
4172,27,33.26,14,55.4,Desktop,New,Electronics,12,1
4173,53,0.01,2,109.87,Mobile,New,Electronics,4,0
4174,25,49.18,29,66.16,Mobile,Returning,Home Goods,7,1
4175,69,2.48,4,6.96,Desktop,Returning,Fashion,13,0
4176,37,6.38,26,16.42,Mobile,Returning,Electronics,8,0
4177,49,14.64,19,19.81,Desktop,New,Electronics,14,0
4178,67,19.9,12,23.86,Tablet,New,Home Goods,3,1
4179,31,13.15,2,66.67,Mobile,New,Electronics,2,1
4180,67,11.6,17,56.09,Desktop,New,Electronics,10,0
4181,45,99.66,3,18.17,Mobile,New,Fashion,6,1
4182,63,30.78,10,5.6,Mobile,Returning,Electronics,7,0
4183,69,0.71,16,15.04,Mobile,Returning,Home Goods,16,0
4184,41,19.92,15,0.0,Unknown,New,Home Goods,6,1
4185,32,62.39,9,50.57,Mobile,New,Electronics,16,1
4186,39,10.76,11,161.6,Mobile,New,Fashion,12,1
4187,47,2.98,21,151.11,Tablet,Returning,Home Goods,15,1
4188,21,42.61,15,57.32,Desktop,Returning,Fashion,3,1
4189,30,27.94,3,98.12,Tablet,Returning,Fashion,16,1
4190,40,25.34,16,17.13,Desktop,Returning,Electronics,18,1
4191,25,1.65,21,93.28,Mobile,Returning,Fashion,15,1
4192,35,4.54,21,25.44,Mobile,New,Home Goods,6,0
4193,29,29.23,21,142.73,Mobile,New,Electronics,17,0
4194,48,6.99,28,7.0,Mobile,Returning,Electronics,2,0
4195,31,21.04,12,118.67,Desktop,Returning,Electronics,2,1
4196,51,23.62,23,8.42,Desktop,New,Home Goods,17,1
4197,35,10.0,5,170.42,Mobile,Returning,Electronics,19,0
4198,51,88.94,7,29.02,Mobile,Returning,Fashion,5,1
4199,28,55.44,9,85.0,Mobile,Returning,Home Goods,4,0
4200,58,38.44,21,53.48,Mobile,New,Fashion,18,1
4201,29,2.44,18,36.49,Mobile,New,Fashion,8,0
4202,66,3.37,21,82.95,Desktop,Returning,Electronics,9,1
4203,32,20.36,8,235.79,Mobile,Returning,Fashion,18,1
4204,48,5.26,12,3.37,Desktop,Returning,Home Goods,11,0
4205,66,114.87,20,200.92,Mobile,Returning,Electronics,16,1
4206,46,5.18,2,75.14,Mobile,Returning,Home Goods,16,1
4207,43,20.05,10,131.74,Desktop,Returning,Fashion,4,0
4208,35,13.58,19,38.74,Desktop,New,Home Goods,9,0
4209,49,30.6,9,51.07,Mobile,Returning,Fashion,13,0
4210,39,19.92,15,0.0,Unknown,New,Fashion,8,1
4211,55,16.88,24,42.87,Mobile,Returning,Fashion,11,0
4212,34,9.64,8,61.2,Mobile,Returning,Electronics,9,0
4213,40,65.61,24,1.63,Desktop,Returning,Fashion,18,0
4214,41,1.24,24,13.81,Desktop,Returning,Electronics,3,1
4215,67,73.51,24,82.11,Mobile,New,Fashion,18,1
4216,25,53.69,1,100.98,Mobile,New,Fashion,19,1
4217,58,10.6,6,69.9,Tablet,New,Electronics,9,0
4218,23,46.72,12,12.37,Mobile,New,Fashion,18,0
4219,22,0.95,25,47.16,Mobile,Returning,Home Goods,16,0
4220,61,102.22,24,35.09,Desktop,New,Electronics,14,1
4221,46,22.43,19,54.76,Tablet,Returning,Home Goods,19,1
4222,45,10.84,27,163.42,Mobile,Returning,Fashion,15,1
4223,28,13.51,17,119.64,Desktop,Returning,Home Goods,4,1
4224,18,2.06,2,7.02,Desktop,Returning,Electronics,12,0
4225,60,136.26,11,176.81,Mobile,New,Home Goods,7,1
4226,36,1.2,18,51.06,Desktop,Returning,Fashion,11,1
4227,26,31.92,23,108.96,Tablet,New,Electronics,7,0
4228,44,17.54,28,12.07,Mobile,Returning,Home Goods,3,0
4229,51,89.23,22,88.87,Mobile,New,Fashion,4,0
4230,61,8.47,11,21.57,Tablet,Returning,Electronics,2,1
4231,21,22.78,18,46.15,Desktop,New,Home Goods,15,1
4232,53,19.75,8,1.36,Mobile,New,Electronics,12,0
4233,35,36.41,15,13.15,Desktop,Returning,Fashion,17,0
4234,32,2.11,9,7.73,Desktop,Returning,Electronics,18,0
4235,68,6.46,15,21.93,Desktop,New,Fashion,8,0
4236,30,7.25,7,8.43,Tablet,Returning,Home Goods,8,1
4237,36,40.2,20,94.19,Mobile,New,Fashion,5,0
4238,66,6.29,13,2.36,Mobile,New,Fashion,9,1
4239,23,25.56,13,76.93,Desktop,Returning,Fashion,5,1
4240,65,7.27,1,12.13,Mobile,Returning,Electronics,10,0
4241,29,59.33,20,232.27,Desktop,Returning,Home Goods,1,1
4242,68,85.52,4,216.36,Mobile,New,Fashion,4,0
4243,54,21.93,24,20.44,Mobile,New,Fashion,16,0
4244,34,13.03,4,76.24,Mobile,Returning,Fashion,18,1
4245,40,8.0,4,2.27,Desktop,New,Home Goods,12,1
4246,43,1.53,13,214.81,Desktop,Returning,Electronics,15,1
4247,46,9.38,2,59.22,Mobile,New,Fashion,18,1
4248,50,31.86,28,3.53,Mobile,Returning,Electronics,5,1
4249,44,22.88,26,33.54,Mobile,New,Fashion,14,0
4250,42,86.49,23,6.4,Desktop,New,Electronics,7,0
4251,27,15.14,15,39.93,Mobile,Returning,Fashion,11,1
4252,64,35.51,4,88.68,Desktop,Returning,Home Goods,15,1
4253,40,20.16,27,50.77,Desktop,Returning,Home Goods,11,1
4254,38,21.56,6,38.72,Mobile,Returning,Home Goods,7,1
4255,38,9.35,3,10.15,Desktop,Returning,Electronics,4,0
4256,60,18.21,7,22.48,Mobile,Returning,Electronics,1,0
4257,30,19.92,15,0.0,Unknown,New,Fashion,2,0
4258,54,19.92,15,0.0,Unknown,New,Electronics,4,1
4259,50,84.72,4,11.62,Mobile,Returning,Electronics,5,1
4260,41,11.98,10,72.38,Desktop,Returning,Home Goods,2,0
4261,61,1.29,21,33.57,Mobile,Returning,Fashion,2,0
4262,28,20.57,9,20.49,Desktop,Returning,Home Goods,18,1
4263,34,23.59,6,81.61,Desktop,Returning,Electronics,14,1
4264,21,5.53,29,48.85,Desktop,New,Fashion,3,0
4265,64,42.87,20,0.0,Mobile,New,Electronics,18,0
4266,42,125.85,27,71.89,Desktop,Returning,Home Goods,10,1
4267,47,87.44,11,54.07,Desktop,New,Home Goods,6,1
4268,26,6.59,7,28.93,Mobile,Returning,Electronics,2,0
4269,38,62.47,18,65.51,Desktop,Returning,Fashion,11,1
4270,37,36.57,4,88.57,Tablet,Returning,Home Goods,18,1
4271,36,18.15,5,2.16,Mobile,Returning,Electronics,14,0
4272,36,23.34,4,50.17,Tablet,New,Fashion,13,1
4273,29,56.83,4,4.75,Mobile,Returning,Fashion,7,0
4274,54,19.63,27,16.5,Mobile,Returning,Fashion,10,0
4275,59,14.01,13,65.77,Mobile,New,Fashion,19,1
4276,34,20.39,16,160.91,Desktop,Returning,Home Goods,13,1
4277,54,25.96,25,171.51,Mobile,Returning,Fashion,2,1
4278,65,6.29,14,5.8,Tablet,New,Fashion,12,0
4279,56,69.35,11,43.45,Desktop,Returning,Fashion,8,1
4280,45,33.64,29,69.97,Desktop,Returning,Electronics,18,1
4281,58,30.09,2,12.73,Mobile,New,Fashion,2,0
4282,52,3.14,22,116.0,Tablet,Returning,Fashion,16,1
4283,64,27.8,14,109.08,Desktop,Returning,Fashion,8,1
4284,65,3.87,24,186.93,Mobile,New,Electronics,16,0
4285,35,2.46,24,0.68,Desktop,Returning,Fashion,8,0
4286,31,22.48,27,19.54,Desktop,New,Electronics,13,0
4287,52,15.46,7,140.44,Desktop,Returning,Fashion,6,0
4288,61,26.66,26,88.83,Mobile,New,Fashion,1,0
4289,58,2.8,11,179.84,Mobile,New,Fashion,2,1
4290,24,16.92,4,4.71,Mobile,Returning,Fashion,7,0
4291,58,5.76,7,72.7,Mobile,New,Fashion,13,0
4292,30,130.52,29,67.34,Desktop,New,Fashion,4,1
4293,35,24.71,16,2.91,Tablet,Returning,Fashion,9,1
4294,54,34.89,26,57.65,Tablet,Returning,Electronics,19,1
4295,30,11.81,6,75.23,Desktop,Returning,Fashion,3,0
4296,53,2.99,27,16.99,Desktop,Returning,Home Goods,2,0
4297,48,111.73,6,25.54,Mobile,Returning,Home Goods,16,0
4298,19,10.12,2,81.81,Desktop,Returning,Home Goods,10,0
4299,33,16.54,24,50.53,Mobile,Returning,Fashion,12,0
4300,26,31.48,8,156.16,Mobile,New,Home Goods,18,1
4301,26,0.75,27,33.53,Desktop,New,Fashion,2,1
4302,55,49.86,7,24.81,Mobile,Returning,Fashion,14,1
4303,28,23.07,27,335.26,Mobile,Returning,Fashion,12,1
4304,39,9.78,25,193.65,Desktop,Returning,Home Goods,8,1
4305,50,1.91,24,2.35,Mobile,Returning,Fashion,7,0
4306,53,5.32,14,117.83,Mobile,New,Home Goods,13,1
4307,62,67.62,9,9.35,Mobile,New,Fashion,15,0
4308,40,34.75,15,2.23,Mobile,Returning,Home Goods,14,1
4309,62,8.63,25,25.58,Mobile,Returning,Home Goods,5,1
4310,62,2.04,22,25.11,Desktop,New,Home Goods,8,1
4311,51,35.2,18,136.88,Mobile,Returning,Electronics,18,1
4312,26,25.49,12,99.21,Desktop,New,Home Goods,5,1
4313,41,15.55,23,319.67,Mobile,Returning,Home Goods,9,1
4314,25,13.56,19,99.45,Mobile,Returning,Fashion,10,1
4315,24,7.33,13,43.34,Desktop,Returning,Electronics,17,0
4316,53,19.92,15,0.0,Unknown,New,Electronics,3,0
4317,35,105.87,25,601.78,Desktop,New,Fashion,1,1
4318,20,5.8,10,99.07,Tablet,New,Home Goods,7,1
4319,45,27.27,10,114.73,Mobile,Returning,Fashion,15,1
4320,23,16.56,2,222.92,Mobile,New,Electronics,19,0
4321,61,17.76,14,9.65,Tablet,New,Fashion,8,0
4322,61,8.8,13,97.6,Mobile,Returning,Fashion,11,1
4323,38,52.31,22,152.2,Mobile,Returning,Fashion,2,1
4324,45,19.92,29,246.99,Mobile,Returning,Home Goods,2,1
4325,57,23.52,6,18.96,Desktop,Returning,Fashion,11,0
4326,18,10.9,9,56.08,Mobile,Returning,Home Goods,17,0
4327,53,6.02,13,91.29,Mobile,Returning,Home Goods,10,1
4328,38,2.69,9,22.74,Mobile,Returning,Electronics,5,0
4329,60,19.92,13,0.0,Desktop,New,Fashion,3,1
4330,52,6.55,5,23.83,Mobile,Returning,Fashion,9,0
4331,30,35.14,14,32.45,Mobile,Returning,Electronics,2,1
4332,66,14.85,5,46.6,Desktop,Returning,Fashion,19,1
4333,27,16.12,9,60.26,Tablet,Returning,Electronics,17,0
4334,61,19.0,8,47.73,Desktop,Returning,Home Goods,12,0
4335,64,13.75,7,54.37,Desktop,New,Fashion,9,0
4336,27,3.18,8,28.37,Mobile,Returning,Electronics,4,0
4337,63,11.12,22,13.85,Mobile,Returning,Home Goods,18,1
4338,30,32.7,3,3.88,Mobile,Returning,Home Goods,16,1
4339,54,32.88,23,17.45,Desktop,New,Home Goods,10,0
4340,55,10.12,24,69.77,Mobile,Returning,Home Goods,12,1
4341,41,18.49,15,123.39,Desktop,New,Fashion,11,0
4342,19,6.45,8,14.83,Tablet,New,Home Goods,5,1
4343,39,7.09,1,9.19,Mobile,New,Home Goods,11,1
4344,34,0.7,7,110.68,Mobile,New,Electronics,16,0
4345,53,68.12,19,29.13,Mobile,Returning,Fashion,15,1
4346,31,7.1,2,242.09,Mobile,Returning,Electronics,6,1
4347,27,7.75,14,100.23,Mobile,Returning,Fashion,13,1
4348,52,9.84,18,31.65,Tablet,Returning,Fashion,16,1
4349,42,4.09,15,27.35,Mobile,Returning,Electronics,3,0
4350,20,30.59,14,59.34,Mobile,Returning,Electronics,18,1
4351,64,2.34,24,6.6,Mobile,Returning,Electronics,1,0
4352,55,4.32,25,10.02,Tablet,Returning,Fashion,17,1
4353,34,31.05,19,15.47,Desktop,Returning,Home Goods,6,1
4354,29,12.45,19,119.23,Tablet,Returning,Fashion,9,0
4355,69,36.92,22,57.7,Tablet,Returning,Fashion,4,1
4356,41,24.45,27,0.85,Mobile,New,Electronics,7,1
4357,46,8.87,26,89.55,Mobile,Returning,Fashion,11,1
4358,60,31.57,17,44.09,Mobile,Returning,Fashion,3,0
4359,42,3.71,22,57.21,Mobile,Returning,Fashion,16,1
4360,53,23.06,28,19.28,Desktop,New,Home Goods,6,1
4361,43,17.24,19,64.2,Mobile,Returning,Electronics,7,1
4362,55,9.35,27,309.64,Mobile,Returning,Fashion,12,0
4363,18,27.79,16,6.1,Desktop,Returning,Fashion,7,1
4364,37,61.52,20,26.72,Desktop,New,Electronics,19,1
4365,45,204.5,25,22.27,Desktop,New,Home Goods,16,1
4366,33,28.08,19,22.86,Mobile,Returning,Electronics,18,0
4367,64,15.56,1,38.08,Desktop,Returning,Home Goods,10,0
4368,34,7.65,19,136.35,Desktop,New,Electronics,1,1
4369,57,8.92,7,195.22,Mobile,New,Electronics,8,1
4370,45,19.59,29,18.07,Desktop,Returning,Home Goods,3,1
4371,29,13.73,23,62.64,Tablet,Returning,Home Goods,16,0
4372,44,73.54,11,81.05,Mobile,Returning,Home Goods,3,1
4373,59,13.78,5,59.02,Mobile,Returning,Electronics,2,1
4374,64,14.03,17,45.54,Mobile,Returning,Home Goods,12,0
4375,47,14.51,11,17.05,Mobile,New,Electronics,8,0
4376,58,54.35,24,53.59,Tablet,Returning,Home Goods,19,1
4377,51,31.56,26,41.03,Mobile,New,Fashion,18,1
4378,54,28.57,8,127.0,Desktop,Returning,Electronics,15,1
4379,23,12.2,10,115.38,Desktop,New,Home Goods,17,1
4380,24,51.1,12,11.51,Desktop,Returning,Fashion,18,1
4381,49,1.17,10,7.41,Mobile,Returning,Electronics,18,0
4382,49,19.92,15,0.0,Mobile,New,Home Goods,9,0
4383,42,21.57,26,61.34,Mobile,New,Fashion,5,0
4384,50,15.24,18,156.04,Mobile,New,Electronics,11,1
4385,24,20.62,10,4.79,Mobile,Returning,Electronics,4,0
4386,69,33.03,19,59.81,Desktop,New,Electronics,10,0
4387,29,0.39,20,62.02,Mobile,New,Fashion,4,1
4388,33,61.57,17,157.69,Desktop,Returning,Fashion,3,1
4389,33,17.76,20,8.22,Mobile,Returning,Fashion,16,0
4390,60,12.6,16,22.0,Desktop,New,Fashion,11,0
4391,53,4.46,5,41.74,Tablet,Returning,Fashion,9,0
4392,30,17.37,3,160.7,Mobile,Returning,Electronics,1,1
4393,24,20.57,27,223.6,Tablet,Returning,Electronics,10,1
4394,53,15.51,15,393.86,Desktop,New,Home Goods,12,1
4395,64,34.06,26,255.91,Desktop,Returning,Fashion,2,1
4396,68,19.92,15,0.0,Unknown,New,Electronics,15,0
4397,26,97.65,13,3.91,Mobile,Returning,Fashion,16,1
4398,49,27.43,22,12.78,Mobile,Returning,Home Goods,2,1
4399,28,49.43,8,34.32,Mobile,Returning,Electronics,13,0
4400,25,3.47,23,141.72,Desktop,Returning,Home Goods,18,1
4401,50,15.19,27,178.54,Tablet,Returning,Fashion,19,0
4402,40,12.32,17,16.55,Desktop,Returning,Electronics,11,0
4403,42,25.28,4,77.34,Mobile,New,Electronics,14,1
4404,25,59.22,19,199.46,Desktop,New,Home Goods,3,1
4405,62,2.45,22,49.85,Desktop,Returning,Electronics,9,1
4406,39,2.26,25,8.74,Mobile,Returning,Electronics,5,0
4407,21,56.98,9,48.97,Mobile,Returning,Fashion,14,1
4408,57,7.18,23,37.7,Mobile,Returning,Electronics,7,0
4409,20,33.15,15,68.96,Tablet,Returning,Fashion,12,1
4410,46,23.48,28,46.19,Desktop,New,Fashion,18,0
4411,58,53.67,9,1.4,Mobile,New,Fashion,11,0
4412,46,4.01,24,409.25,Mobile,Returning,Home Goods,9,1
4413,51,4.17,21,62.74,Desktop,Returning,Fashion,11,1
4414,51,24.41,9,51.34,Tablet,New,Home Goods,18,0
4415,45,87.77,14,247.41,Desktop,Returning,Home Goods,2,1
4416,30,16.08,23,13.55,Desktop,New,Home Goods,13,0
4417,32,11.88,21,16.78,Mobile,New,Home Goods,15,1
4418,40,27.99,16,132.03,Desktop,New,Home Goods,8,1
4419,61,79.97,24,24.18,Mobile,Returning,Fashion,5,1
4420,43,54.41,23,128.45,Desktop,New,Fashion,5,0
4421,21,162.0,25,25.35,Mobile,New,Electronics,7,0
4422,43,0.68,26,2.7,Desktop,Returning,Electronics,12,0
4423,57,3.59,17,58.22,Mobile,Returning,Fashion,12,1
4424,26,28.21,13,17.52,Desktop,New,Electronics,9,0
4425,22,51.54,9,113.45,Mobile,Returning,Electronics,4,0
4426,49,10.07,15,82.0,Mobile,New,Home Goods,8,1
4427,37,8.2,7,205.74,Desktop,Returning,Electronics,19,0
4428,67,46.39,1,122.22,Mobile,Returning,Electronics,1,1
4429,28,1.74,1,15.95,Tablet,Returning,Electronics,11,1
4430,32,13.83,5,128.82,Desktop,New,Electronics,13,1
4431,49,21.15,24,82.12,Desktop,Returning,Home Goods,18,1
4432,45,24.65,9,88.44,Desktop,Returning,Fashion,10,1
4433,39,39.13,12,142.83,Tablet,New,Electronics,13,1
4434,58,13.15,6,68.23,Desktop,New,Electronics,12,1
4435,34,28.46,28,50.19,Tablet,Returning,Electronics,13,1
4436,43,26.41,13,80.99,Mobile,Returning,Fashion,2,1
4437,61,23.8,26,28.3,Mobile,New,Fashion,3,1
4438,24,30.69,28,16.13,Desktop,Returning,Fashion,17,1
4439,59,9.01,8,76.69,Mobile,New,Fashion,19,0
4440,43,19.92,15,0.0,Unknown,New,Home Goods,12,0
4441,42,3.81,6,6.66,Mobile,Returning,Electronics,16,1
4442,27,7.63,27,0.04,Mobile,New,Fashion,10,0
4443,62,20.81,6,74.98,Desktop,Returning,Fashion,15,1
4444,36,55.06,4,35.97,Desktop,New,Fashion,8,1
4445,28,36.25,11,111.65,Tablet,Returning,Home Goods,19,1
4446,30,19.92,15,0.0,Unknown,New,Electronics,5,1
4447,25,12.97,18,53.24,Mobile,Returning,Home Goods,12,0
4448,57,15.56,3,41.82,Mobile,New,Fashion,10,0
4449,21,15.01,3,84.12,Mobile,Returning,Home Goods,14,0
4450,64,6.39,12,35.22,Desktop,New,Fashion,12,0
4451,48,1.9,27,265.42,Mobile,Returning,Fashion,13,0
4452,45,26.82,21,220.09,Mobile,Returning,Fashion,17,0
4453,28,135.89,21,150.72,Tablet,New,Electronics,1,1
4454,60,5.48,6,202.36,Desktop,Returning,Fashion,10,1
4455,18,1.43,21,47.7,Mobile,New,Electronics,5,1
4456,66,45.36,28,61.5,Mobile,New,Home Goods,11,1
4457,64,8.73,6,108.41,Tablet,New,Fashion,10,0
4458,69,53.1,8,95.3,Tablet,Returning,Fashion,6,0
4459,55,36.52,15,177.08,Mobile,Returning,Home Goods,15,0
4460,41,87.38,18,100.8,Mobile,New,Electronics,9,1
4461,64,15.77,20,492.69,Desktop,Returning,Home Goods,8,1
4462,48,32.54,29,34.28,Desktop,New,Fashion,6,0
4463,58,18.76,16,143.18,Desktop,New,Fashion,6,1
4464,63,29.88,6,95.69,Desktop,Returning,Fashion,17,1
4465,67,17.91,28,94.05,Tablet,Returning,Home Goods,12,1
4466,43,6.27,21,31.54,Mobile,New,Home Goods,7,0
4467,66,21.27,17,123.19,Mobile,New,Home Goods,5,1
4468,67,22.56,9,184.51,Desktop,Returning,Electronics,16,1
4469,22,49.92,19,19.73,Desktop,New,Home Goods,6,0
4470,37,39.9,18,78.57,Tablet,New,Electronics,8,1
4471,69,32.7,25,39.82,Mobile,Returning,Electronics,3,0
4472,58,3.61,23,364.88,Desktop,Returning,Home Goods,8,1
4473,28,38.26,5,52.13,Mobile,Returning,Fashion,7,1
4474,50,20.81,28,20.73,Desktop,Returning,Fashion,17,1
4475,67,67.36,6,38.48,Mobile,New,Fashion,19,1
4476,55,75.72,12,84.87,Desktop,Returning,Home Goods,14,1
4477,44,1.7,11,6.33,Desktop,New,Fashion,6,0
4478,51,51.55,16,74.03,Mobile,Returning,Fashion,7,1
4479,32,1.15,20,214.15,Mobile,Returning,Home Goods,5,1
4480,49,13.73,17,151.96,Desktop,Returning,Fashion,19,0
4481,38,23.45,20,5.61,Desktop,Returning,Fashion,7,1
4482,63,4.81,9,401.53,Mobile,Returning,Electronics,9,1
4483,22,41.15,1,95.98,Mobile,New,Home Goods,12,1
4484,23,0.25,26,0.0,Mobile,Returning,Fashion,15,1
4485,55,5.54,3,1.0,Tablet,Returning,Electronics,15,0
4486,39,26.08,21,15.03,Mobile,Returning,Fashion,16,0
4487,35,37.59,23,145.7,Mobile,New,Electronics,15,1
4488,31,19.92,15,0.0,Unknown,New,Fashion,5,0
4489,27,36.67,22,21.24,Desktop,New,Fashion,12,1
4490,63,33.42,19,113.28,Mobile,New,Electronics,4,0
4491,30,15.04,13,70.57,Tablet,Returning,Home Goods,3,0
4492,48,0.04,23,122.13,Desktop,New,Electronics,1,1
4493,47,3.84,14,109.68,Desktop,New,Home Goods,13,1
4494,20,22.94,20,4.15,Mobile,Returning,Electronics,5,0
4495,47,33.73,19,178.43,Tablet,Returning,Fashion,12,1
4496,23,16.21,23,20.6,Mobile,Returning,Fashion,2,1
4497,46,39.36,27,64.49,Mobile,Returning,Home Goods,6,1
4498,25,22.14,27,82.69,Mobile,New,Electronics,5,0
4499,61,2.31,7,14.77,Desktop,New,Home Goods,18,0
4500,62,6.4,4,299.15,Desktop,New,Fashion,5,1
4501,60,54.98,12,53.58,Desktop,Returning,Fashion,18,0
4502,61,38.72,23,4.75,Mobile,New,Fashion,16,1
4503,50,67.55,27,221.5,Desktop,Returning,Fashion,17,1
4504,34,3.75,14,70.6,Desktop,New,Fashion,2,0
4505,65,138.83,2,96.1,Mobile,Returning,Electronics,17,0
4506,28,7.05,1,59.58,Desktop,Returning,Electronics,10,1
4507,30,0.36,28,144.02,Mobile,Returning,Fashion,3,0
4508,67,178.83,18,2.7,Desktop,Returning,Fashion,14,0
4509,28,9.9,20,25.0,Mobile,Returning,Electronics,19,1
4510,48,33.08,8,50.74,Desktop,Returning,Electronics,12,1
4511,45,5.83,3,6.38,Tablet,Returning,Electronics,1,0
4512,61,26.04,26,97.91,Tablet,Returning,Electronics,7,1
4513,23,70.31,6,40.03,Mobile,Returning,Home Goods,7,0
4514,58,11.58,22,25.47,Mobile,New,Electronics,13,0
4515,33,33.28,13,0.27,Mobile,Returning,Home Goods,9,0
4516,21,6.24,9,101.79,Tablet,New,Electronics,5,0
4517,52,29.41,9,143.57,Desktop,New,Fashion,4,0
4518,65,12.3,20,40.21,Mobile,Returning,Fashion,5,0
4519,43,7.12,9,66.45,Mobile,New,Electronics,12,0
4520,29,11.27,15,20.67,Tablet,New,Electronics,8,1
4521,28,19.92,13,0.0,Desktop,New,Electronics,13,1
4522,54,69.66,22,0.98,Mobile,Returning,Fashion,4,1
4523,42,15.18,16,53.66,Mobile,Returning,Electronics,11,1
4524,35,8.44,2,82.67,Mobile,Returning,Home Goods,15,1
4525,36,19.92,15,0.0,Unknown,New,Electronics,14,1
4526,40,11.59,14,38.42,Tablet,Returning,Electronics,18,0
4527,55,40.93,27,115.92,Tablet,New,Home Goods,1,1
4528,35,106.44,6,72.84,Mobile,New,Electronics,1,1
4529,43,17.29,2,209.4,Desktop,Returning,Fashion,11,1
4530,23,59.21,8,40.65,Mobile,New,Home Goods,6,0
4531,21,25.03,4,30.75,Mobile,New,Fashion,5,0
4532,61,5.13,21,174.53,Tablet,Returning,Electronics,13,1
4533,68,35.2,24,4.04,Mobile,Returning,Fashion,10,0
4534,46,21.61,14,11.73,Mobile,New,Fashion,6,1
4535,51,31.55,11,6.88,Tablet,Returning,Fashion,4,0
4536,34,66.13,24,148.18,Mobile,Returning,Fashion,4,1
4537,60,17.42,28,0.85,Desktop,Returning,Fashion,7,1
4538,60,69.43,14,158.24,Tablet,Returning,Fashion,16,1
4539,33,41.67,12,48.01,Desktop,New,Home Goods,1,0
4540,19,20.12,16,0.32,Mobile,Returning,Home Goods,9,1
4541,51,27.73,6,41.09,Mobile,Returning,Home Goods,19,0
4542,25,11.82,20,16.54,Mobile,Returning,Home Goods,15,0
4543,30,123.31,1,78.34,Mobile,Returning,Electronics,9,1
4544,59,33.02,12,90.99,Desktop,Returning,Home Goods,1,1
4545,25,1.35,7,53.48,Mobile,Returning,Electronics,1,1
4546,47,11.86,8,3.31,Mobile,New,Electronics,16,0
4547,49,29.29,9,85.4,Desktop,Returning,Electronics,5,0
4548,53,1.74,2,147.63,Desktop,Returning,Fashion,9,0
4549,64,0.73,17,101.93,Tablet,Returning,Home Goods,1,0
4550,47,17.94,20,141.74,Mobile,Returning,Electronics,19,1
4551,18,12.14,13,17.9,Desktop,New,Fashion,16,0
4552,60,17.3,5,175.78,Desktop,New,Fashion,3,0
4553,56,9.14,10,31.11,Mobile,Returning,Fashion,4,0
4554,34,5.4,12,1.08,Mobile,New,Home Goods,12,0
4555,37,35.05,17,148.32,Mobile,New,Home Goods,7,1
4556,41,21.68,21,227.54,Desktop,Returning,Fashion,15,1
4557,67,6.7,6,85.27,Mobile,Returning,Fashion,15,0
4558,39,11.55,3,21.06,Tablet,Returning,Fashion,5,1
4559,46,26.88,28,23.2,Desktop,Returning,Home Goods,2,1
4560,39,2.25,15,50.28,Tablet,Returning,Fashion,12,1
4561,61,4.79,7,182.49,Mobile,Returning,Home Goods,19,0
4562,26,2.28,6,12.96,Mobile,New,Electronics,5,0
4563,54,50.19,4,139.88,Mobile,New,Home Goods,3,1
4564,27,41.88,19,27.55,Mobile,Returning,Electronics,6,1
4565,53,41.99,5,132.27,Tablet,Returning,Electronics,13,1
4566,54,37.8,3,202.33,Mobile,New,Electronics,15,0
4567,45,33.2,26,44.62,Mobile,New,Home Goods,4,0
4568,45,19.44,25,36.34,Mobile,Returning,Home Goods,7,1
4569,59,30.84,9,129.65,Mobile,Returning,Electronics,18,1
4570,60,1.17,6,60.31,Desktop,Returning,Electronics,7,1
4571,38,29.14,13,92.27,Desktop,Returning,Home Goods,12,1
4572,41,45.14,27,78.0,Desktop,Returning,Home Goods,11,1
4573,59,20.82,22,13.27,Mobile,Returning,Electronics,12,0
4574,57,13.27,28,149.04,Tablet,New,Fashion,15,1
4575,19,9.75,20,17.43,Desktop,Returning,Fashion,8,0
4576,25,30.88,4,215.39,Mobile,Returning,Home Goods,11,0
4577,65,35.41,2,23.08,Mobile,New,Fashion,18,0
4578,44,61.43,26,105.9,Tablet,New,Fashion,10,1
4579,39,12.57,4,26.8,Desktop,Returning,Fashion,8,0
4580,54,44.06,8,30.59,Desktop,Returning,Electronics,6,0
4581,44,24.72,13,29.69,Mobile,Returning,Electronics,3,1
4582,46,64.33,10,110.23,Mobile,New,Fashion,12,0
4583,20,19.92,18,0.0,Desktop,Returning,Fashion,17,1
4584,61,21.87,9,171.61,Desktop,Returning,Home Goods,3,1
4585,30,25.87,1,29.38,Desktop,New,Home Goods,18,1
4586,62,41.51,13,94.21,Desktop,Returning,Fashion,12,1
4587,27,100.31,18,111.85,Mobile,New,Fashion,16,1
4588,53,2.29,15,13.14,Desktop,Returning,Electronics,10,0
4589,26,1.65,2,40.94,Tablet,Returning,Home Goods,19,0
4590,44,83.2,11,52.75,Tablet,Returning,Home Goods,9,1
4591,51,22.64,29,35.17,Mobile,Returning,Electronics,14,1
4592,68,28.63,14,31.1,Mobile,Returning,Home Goods,14,1
4593,18,19.76,22,92.78,Desktop,Returning,Fashion,4,1
4594,49,2.95,15,19.45,Desktop,Returning,Fashion,15,1
4595,42,43.84,14,98.86,Desktop,New,Electronics,2,0
4596,46,41.26,16,0.0,Tablet,Returning,Home Goods,18,1
4597,24,11.21,23,66.63,Desktop,New,Electronics,2,1
4598,66,10.97,29,75.62,Desktop,New,Home Goods,18,1
4599,20,54.58,15,5.71,Mobile,New,Home Goods,8,0
4600,37,2.25,19,159.89,Mobile,New,Electronics,10,0
4601,37,63.89,27,26.89,Mobile,Returning,Fashion,4,1
4602,47,8.9,9,76.37,Tablet,Returning,Fashion,10,1
4603,52,26.97,5,309.49,Mobile,New,Home Goods,10,0
4604,52,82.46,5,72.41,Mobile,Returning,Fashion,3,1
4605,66,34.01,11,103.19,Desktop,Returning,Fashion,4,1
4606,56,16.06,28,0.0,Desktop,Returning,Home Goods,10,0
4607,44,35.09,20,4.98,Desktop,New,Home Goods,7,0
4608,43,12.65,25,127.8,Mobile,New,Fashion,12,1
4609,31,9.74,24,2.85,Desktop,New,Home Goods,7,0
4610,34,171.26,28,96.49,Mobile,New,Fashion,13,0
4611,35,41.68,4,1.86,Mobile,Returning,Fashion,8,1
4612,62,31.05,20,158.62,Mobile,Returning,Electronics,13,1
4613,69,13.17,18,13.72,Mobile,New,Home Goods,1,1
4614,46,1.51,25,57.77,Mobile,New,Fashion,16,0
4615,37,0.95,3,72.74,Desktop,New,Fashion,19,1
4616,44,19.92,15,0.0,Unknown,New,Fashion,19,1
4617,35,43.07,14,33.33,Desktop,New,Home Goods,13,1
4618,21,23.13,7,50.46,Mobile,Returning,Electronics,7,1
4619,18,55.13,26,29.85,Mobile,Returning,Electronics,15,1
4620,67,1.02,8,46.12,Desktop,New,Fashion,6,0
4621,18,13.71,24,35.57,Tablet,Returning,Electronics,4,0
4622,43,8.12,16,66.81,Tablet,Returning,Electronics,11,1
4623,62,17.79,20,21.74,Tablet,Returning,Home Goods,19,0
4624,37,2.25,15,358.33,Desktop,Returning,Fashion,2,1
4625,69,19.92,15,0.0,Desktop,Returning,Home Goods,17,1
4626,40,7.58,26,17.27,Desktop,New,Electronics,15,0
4627,27,76.65,17,51.86,Desktop,New,Fashion,18,1
4628,28,16.65,22,161.04,Mobile,Returning,Fashion,12,1
4629,58,19.92,15,0.0,Unknown,New,Electronics,3,1
4630,58,24.23,22,91.04,Mobile,New,Home Goods,17,1
4631,22,80.14,12,63.52,Mobile,Returning,Electronics,14,1
4632,18,0.16,18,14.86,Desktop,Returning,Electronics,6,1
4633,34,41.38,24,136.07,Mobile,New,Fashion,4,0
4634,39,70.01,14,36.82,Mobile,Returning,Fashion,8,1
4635,51,4.51,15,27.83,Mobile,Returning,Electronics,3,0
4636,62,19.92,15,0.0,Unknown,New,Electronics,8,1
4637,58,16.58,5,81.41,Mobile,Returning,Home Goods,13,0
4638,46,81.4,16,182.83,Mobile,New,Fashion,19,1
4639,21,23.45,5,79.52,Tablet,Returning,Fashion,15,1
4640,22,22.49,2,108.02,Mobile,Returning,Fashion,7,1
4641,28,4.56,20,144.85,Mobile,Returning,Home Goods,3,1
4642,68,0.02,28,4.5,Mobile,New,Electronics,19,0
4643,38,49.84,25,119.71,Mobile,Returning,Fashion,10,1
4644,52,2.75,9,76.09,Mobile,Returning,Fashion,16,0
4645,29,30.14,22,5.76,Mobile,New,Fashion,14,0
4646,43,73.82,27,56.84,Mobile,Returning,Electronics,8,1
4647,68,7.02,9,6.88,Desktop,Returning,Home Goods,11,0
4648,36,32.83,4,106.53,Desktop,New,Home Goods,19,1
4649,62,2.46,15,63.26,Desktop,Returning,Electronics,2,1
4650,24,27.77,11,245.59,Mobile,New,Fashion,5,1
4651,64,5.37,1,16.18,Mobile,New,Electronics,11,0
4652,24,39.95,18,74.52,Desktop,New,Home Goods,7,0
4653,43,10.75,29,19.02,Mobile,New,Fashion,8,0
4654,57,18.67,1,76.17,Tablet,New,Home Goods,17,0
4655,22,27.45,8,102.6,Mobile,Returning,Home Goods,12,0
4656,38,5.64,25,102.5,Desktop,New,Electronics,18,1
4657,31,40.6,16,135.02,Mobile,Returning,Electronics,7,1
4658,21,10.81,26,153.69,Mobile,Returning,Electronics,9,1
4659,40,32.57,28,6.43,Desktop,Returning,Electronics,19,0
4660,59,5.17,22,33.64,Desktop,Returning,Fashion,14,1
4661,37,34.95,18,92.96,Mobile,Returning,Fashion,19,1
4662,32,4.12,22,55.23,Tablet,Returning,Fashion,18,0
4663,67,16.62,9,16.92,Mobile,New,Home Goods,15,0
4664,69,8.52,12,64.36,Mobile,Returning,Electronics,4,1
4665,62,41.39,19,41.86,Desktop,Returning,Electronics,13,0
4666,46,9.12,25,39.55,Desktop,New,Home Goods,5,0
4667,25,19.92,15,0.0,Tablet,Returning,Fashion,12,1
4668,58,66.72,27,41.89,Mobile,Returning,Electronics,17,1
4669,65,6.56,5,2.14,Mobile,New,Electronics,10,1
4670,36,28.55,27,4.79,Desktop,Returning,Fashion,12,1
4671,65,2.75,2,155.17,Mobile,Returning,Fashion,6,1
4672,56,14.9,7,258.72,Mobile,Returning,Home Goods,12,1
4673,63,37.48,27,93.29,Mobile,Returning,Home Goods,13,1
4674,45,19.92,15,0.0,Mobile,Returning,Fashion,17,1
4675,63,29.4,15,223.23,Mobile,New,Home Goods,10,1
4676,44,9.96,25,86.97,Mobile,Returning,Home Goods,19,0
4677,21,14.25,7,148.8,Desktop,New,Fashion,5,0
4678,32,3.26,28,116.14,Desktop,Returning,Fashion,5,1
4679,52,38.08,5,38.13,Mobile,New,Fashion,8,1
4680,54,21.03,15,52.11,Mobile,New,Electronics,17,1
4681,18,37.01,20,16.48,Mobile,Returning,Electronics,3,0
4682,20,8.59,28,27.63,Mobile,Returning,Fashion,16,0
4683,64,11.77,20,120.45,Desktop,New,Electronics,19,0
4684,41,12.2,15,179.53,Tablet,Returning,Fashion,6,1
4685,44,19.92,15,0.0,Unknown,New,Fashion,10,1
4686,57,12.51,24,50.07,Desktop,New,Electronics,16,1
4687,53,48.78,26,7.24,Mobile,New,Fashion,13,0
4688,51,68.28,29,4.69,Mobile,Returning,Electronics,3,1
4689,46,21.91,26,37.51,Tablet,Returning,Home Goods,8,1
4690,41,18.24,14,49.86,Tablet,New,Fashion,8,1
4691,41,0.94,26,75.15,Mobile,Returning,Fashion,7,0
4692,59,63.41,26,0.52,Mobile,Returning,Fashion,11,0
4693,21,0.39,10,366.23,Desktop,New,Electronics,3,1
4694,20,86.88,17,36.2,Mobile,New,Electronics,7,1
4695,51,20.15,21,150.76,Desktop,New,Electronics,11,1
4696,66,12.55,14,61.25,Desktop,Returning,Electronics,17,0
4697,40,77.4,2,11.18,Mobile,New,Fashion,18,0
4698,69,0.74,16,127.79,Tablet,New,Fashion,9,1
4699,40,26.13,13,98.98,Tablet,Returning,Fashion,13,1
4700,62,23.88,27,59.97,Tablet,New,Electronics,15,0
4701,22,7.43,9,57.81,Mobile,Returning,Fashion,19,1
4702,48,16.81,7,0.0,Mobile,New,Home Goods,15,0
4703,58,31.69,16,85.33,Desktop,Returning,Electronics,7,1
4704,23,38.96,10,193.75,Mobile,New,Fashion,3,1
4705,54,0.02,24,7.83,Mobile,New,Electronics,8,0
4706,27,82.87,22,24.47,Mobile,Returning,Home Goods,13,1
4707,57,5.39,9,186.07,Desktop,Returning,Fashion,16,0
4708,24,7.98,22,26.76,Mobile,Returning,Fashion,3,0
4709,56,9.17,23,84.89,Mobile,Returning,Electronics,1,1
4710,55,1.16,7,61.23,Mobile,Returning,Electronics,3,0
4711,38,3.94,16,72.57,Desktop,Returning,Fashion,16,1
4712,37,128.82,9,43.0,Desktop,Returning,Home Goods,1,0
4713,20,11.36,27,28.53,Mobile,Returning,Electronics,18,0
4714,68,3.68,24,3.98,Tablet,Returning,Home Goods,14,0
4715,39,3.39,29,109.09,Mobile,Returning,Fashion,7,0
4716,64,19.92,17,0.0,Desktop,New,Home Goods,3,1
4717,21,57.84,20,88.87,Desktop,New,Fashion,16,1
4718,45,8.91,7,82.54,Desktop,New,Fashion,6,0
4719,29,0.63,11,22.35,Mobile,Returning,Home Goods,18,1
4720,55,7.57,8,1.81,Tablet,Returning,Fashion,13,0
4721,68,1.75,7,132.32,Tablet,Returning,Home Goods,2,0
4722,53,3.27,28,54.05,Desktop,New,Electronics,12,0
4723,64,16.94,19,29.32,Mobile,New,Home Goods,4,1
4724,58,7.84,20,8.6,Mobile,Returning,Electronics,9,0
4725,22,19.92,15,0.0,Unknown,New,Home Goods,5,0
4726,30,8.77,7,34.32,Mobile,New,Fashion,10,0
4727,40,84.67,8,130.67,Desktop,Returning,Electronics,6,0
4728,67,70.92,7,200.79,Mobile,Returning,Electronics,1,1
4729,47,25.1,6,181.65,Desktop,New,Home Goods,5,1
4730,54,13.13,25,202.06,Mobile,Returning,Fashion,6,1
4731,42,14.4,9,190.64,Mobile,Returning,Electronics,19,1
4732,65,15.92,27,59.93,Mobile,Returning,Electronics,11,1
4733,44,39.01,13,19.82,Mobile,New,Fashion,15,1
4734,68,18.02,7,127.98,Desktop,New,Electronics,2,0
4735,31,58.29,8,19.23,Desktop,New,Home Goods,15,1
4736,65,86.52,22,24.87,Desktop,New,Fashion,7,1
4737,64,12.28,17,21.25,Desktop,Returning,Electronics,17,0
4738,53,24.68,17,57.89,Desktop,New,Home Goods,12,1
4739,56,3.0,16,31.07,Mobile,Returning,Fashion,12,0
4740,33,6.71,22,13.39,Mobile,New,Electronics,5,0
4741,39,19.92,15,0.0,Unknown,New,Electronics,7,0
4742,38,6.93,8,165.66,Desktop,Returning,Home Goods,2,0
4743,38,62.76,17,67.62,Mobile,Returning,Electronics,13,1
4744,25,5.17,13,168.52,Mobile,New,Electronics,9,1
4745,66,18.25,18,17.44,Desktop,New,Fashion,15,1
4746,33,27.92,24,14.62,Tablet,New,Electronics,15,1
4747,48,35.32,28,68.56,Desktop,New,Home Goods,1,0
4748,59,14.49,22,49.79,Desktop,New,Fashion,3,0
4749,27,61.0,28,86.35,Desktop,New,Fashion,1,0
4750,49,19.92,15,0.0,Unknown,New,Home Goods,19,1
4751,51,17.37,2,111.32,Desktop,Returning,Electronics,13,1
4752,26,2.09,2,228.15,Desktop,New,Electronics,15,0
4753,34,18.75,27,40.63,Mobile,Returning,Home Goods,13,0
4754,28,51.57,14,18.49,Mobile,New,Home Goods,18,0
4755,49,28.6,16,64.04,Mobile,Returning,Home Goods,17,1
4756,27,53.54,7,9.39,Mobile,Returning,Home Goods,1,1
4757,39,20.44,21,27.27,Tablet,Returning,Electronics,15,0
4758,34,3.78,21,18.64,Mobile,New,Home Goods,4,0
4759,21,0.41,24,40.41,Mobile,New,Electronics,2,0
4760,65,10.84,12,9.43,Tablet,New,Home Goods,19,0
4761,69,35.92,28,2.59,Desktop,Returning,Home Goods,8,0
4762,64,46.86,23,85.55,Desktop,Returning,Fashion,16,1
4763,42,10.52,28,75.38,Tablet,Returning,Fashion,8,1
4764,38,20.53,14,98.58,Mobile,Returning,Fashion,10,1
4765,54,16.4,25,86.4,Desktop,Returning,Home Goods,16,0
4766,55,15.86,4,9.71,Mobile,Returning,Home Goods,5,1
4767,66,7.89,26,27.52,Mobile,Returning,Electronics,19,0
4768,18,19.92,15,0.0,Unknown,New,Electronics,6,0
4769,42,6.57,18,148.11,Mobile,Returning,Home Goods,10,1
4770,68,1.71,3,109.92,Tablet,New,Fashion,5,1
4771,53,6.62,1,18.0,Tablet,New,Fashion,19,1
4772,34,19.92,15,0.0,Unknown,New,Electronics,19,0
4773,58,29.61,7,271.97,Mobile,Returning,Home Goods,13,1
4774,41,11.41,16,72.14,Tablet,Returning,Home Goods,15,0
4775,19,108.52,5,129.22,Desktop,New,Fashion,8,1
4776,57,6.46,19,24.59,Mobile,Returning,Fashion,11,1
4777,32,12.73,7,18.86,Desktop,Returning,Electronics,1,0
4778,49,13.29,14,122.57,Mobile,Returning,Home Goods,4,1
4779,56,0.25,2,92.64,Mobile,Returning,Electronics,13,1
4780,23,54.83,3,91.4,Desktop,Returning,Electronics,7,1
4781,18,0.98,17,64.35,Desktop,Returning,Fashion,7,1
4782,64,84.49,16,66.33,Mobile,New,Home Goods,6,0
4783,40,66.79,8,106.45,Desktop,New,Fashion,8,0
4784,56,23.01,18,25.18,Tablet,Returning,Fashion,12,0
4785,34,23.53,15,34.8,Desktop,New,Home Goods,18,0
4786,51,31.82,7,164.23,Mobile,New,Home Goods,15,1
4787,58,14.68,27,29.55,Mobile,Returning,Electronics,16,1
4788,46,31.26,9,63.23,Mobile,New,Electronics,1,1
4789,26,1.37,6,97.02,Tablet,New,Fashion,10,0
4790,30,1.67,18,759.66,Mobile,Returning,Fashion,15,1
4791,23,18.33,18,45.72,Mobile,Returning,Fashion,13,1
4792,23,23.93,25,44.7,Mobile,Returning,Electronics,19,1
4793,37,65.63,26,147.91,Tablet,Returning,Fashion,13,0
4794,69,3.32,24,130.99,Desktop,Returning,Home Goods,9,0
4795,20,51.89,14,105.07,Desktop,New,Fashion,16,1
4796,34,7.07,14,49.77,Mobile,New,Electronics,14,0
4797,66,15.03,14,31.32,Mobile,New,Electronics,9,1
4798,29,19.92,15,0.0,Unknown,New,Electronics,18,1
4799,65,15.33,4,167.14,Tablet,Returning,Fashion,4,1
4800,64,4.89,4,172.18,Tablet,Returning,Home Goods,12,1
4801,62,21.01,15,9.19,Tablet,Returning,Electronics,5,0
4802,18,48.53,15,44.74,Desktop,New,Electronics,11,1
4803,34,17.48,18,50.0,Desktop,Returning,Electronics,5,0
4804,20,20.24,14,303.95,Desktop,Returning,Fashion,19,1
4805,43,56.67,26,90.66,Desktop,Returning,Electronics,7,0
4806,32,36.73,1,41.84,Mobile,Returning,Electronics,4,0
4807,53,20.23,10,2.11,Mobile,Returning,Home Goods,8,0
4808,49,8.94,29,66.66,Tablet,Returning,Home Goods,6,0
4809,49,64.87,20,8.08,Mobile,Returning,Fashion,6,1
4810,21,25.81,10,143.88,Tablet,New,Fashion,4,1
4811,35,7.5,10,111.71,Mobile,New,Fashion,14,1
4812,66,9.41,27,49.37,Mobile,New,Home Goods,3,0
4813,36,48.76,24,44.86,Mobile,New,Fashion,10,1
4814,60,1.35,2,182.11,Mobile,Returning,Electronics,6,1
4815,69,145.2,29,27.23,Mobile,Returning,Electronics,18,1
4816,52,4.19,28,22.91,Mobile,Returning,Electronics,10,1
4817,57,19.92,15,0.0,Unknown,New,Fashion,9,1
4818,31,15.06,8,132.54,Mobile,Returning,Fashion,16,0
4819,50,20.33,1,137.46,Mobile,New,Electronics,4,0
4820,31,63.77,1,17.37,Mobile,Returning,Fashion,11,1
4821,51,15.98,4,12.37,Desktop,Returning,Fashion,12,1
4822,21,23.13,7,2.11,Desktop,Returning,Fashion,19,1
4823,41,1.52,9,21.64,Desktop,Returning,Electronics,10,0
4824,46,0.07,16,119.05,Mobile,New,Fashion,7,0
4825,36,8.42,5,21.96,Mobile,Returning,Fashion,7,1
4826,23,34.24,2,104.48,Desktop,Returning,Fashion,18,1
4827,50,3.88,28,23.22,Desktop,Returning,Fashion,3,0
4828,66,3.62,23,40.24,Mobile,Returning,Electronics,12,1
4829,57,15.88,11,326.73,Mobile,Returning,Fashion,14,0
4830,36,31.31,18,22.46,Mobile,New,Electronics,2,1
4831,18,37.35,25,37.78,Mobile,New,Fashion,9,0
4832,22,5.9,25,28.66,Desktop,New,Home Goods,10,0
4833,44,2.49,19,9.29,Desktop,New,Fashion,6,1
4834,33,84.6,13,53.85,Mobile,Returning,Home Goods,17,1
4835,23,9.06,24,38.07,Mobile,New,Home Goods,15,1
4836,57,57.59,11,94.97,Tablet,Returning,Electronics,1,1
4837,30,59.74,20,136.12,Desktop,Returning,Home Goods,13,0
4838,65,44.42,19,62.86,Tablet,New,Fashion,10,1
4839,52,19.92,17,0.0,Mobile,Returning,Fashion,12,0
4840,36,51.75,5,77.18,Desktop,Returning,Fashion,16,1
4841,29,43.99,13,4.56,Mobile,Returning,Fashion,2,1
4842,33,27.24,27,76.64,Mobile,Returning,Fashion,3,1
4843,60,19.92,15,0.0,Unknown,New,Electronics,8,1
4844,27,9.14,1,17.63,Desktop,Returning,Fashion,15,1
4845,42,3.9,10,136.89,Mobile,Returning,Fashion,19,1
4846,37,21.39,8,193.61,Desktop,Returning,Fashion,18,1
4847,48,26.4,24,134.17,Mobile,Returning,Electronics,1,1
4848,21,13.36,29,29.12,Mobile,New,Home Goods,19,0
4849,61,19.35,8,70.68,Mobile,New,Electronics,2,1
4850,40,13.55,19,197.03,Mobile,Returning,Electronics,5,1
4851,19,30.73,6,30.93,Mobile,Returning,Fashion,18,0
4852,39,69.46,12,137.2,Mobile,Returning,Home Goods,16,1
4853,68,5.37,28,0.76,Mobile,New,Fashion,10,0
4854,54,14.41,7,0.29,Mobile,New,Home Goods,3,0
4855,25,4.56,16,114.07,Desktop,New,Electronics,10,1
4856,24,29.42,9,114.65,Mobile,New,Fashion,13,0
4857,31,39.15,21,124.46,Desktop,Returning,Home Goods,10,0
4858,20,80.61,25,212.77,Desktop,Returning,Home Goods,11,0
4859,67,9.81,22,10.04,Mobile,New,Electronics,7,0
4860,33,90.0,10,21.12,Desktop,New,Fashion,2,1
4861,36,1.96,10,187.24,Desktop,New,Electronics,19,0
4862,68,27.72,10,15.61,Mobile,Returning,Fashion,18,0
4863,35,1.76,20,91.71,Tablet,Returning,Fashion,11,1
4864,69,19.92,29,0.0,Desktop,Returning,Fashion,17,1
4865,33,22.64,16,6.95,Tablet,Returning,Electronics,3,0
4866,25,33.2,1,26.87,Desktop,New,Electronics,12,1
4867,50,19.92,15,0.0,Unknown,New,Fashion,2,1
4868,66,4.89,26,153.03,Mobile,Returning,Home Goods,1,0
4869,29,1.18,21,98.35,Desktop,Returning,Fashion,9,1
4870,28,63.33,29,77.8,Tablet,Returning,Fashion,19,1
4871,22,11.35,14,54.82,Desktop,Returning,Electronics,8,1
4872,44,4.14,19,28.38,Tablet,Returning,Home Goods,9,1
4873,29,18.96,21,10.16,Mobile,New,Home Goods,7,0
4874,34,27.36,21,42.09,Mobile,Returning,Home Goods,4,1
4875,23,0.94,17,2.31,Tablet,Returning,Fashion,16,1
4876,50,9.64,14,18.96,Desktop,New,Home Goods,6,0
4877,22,1.0,8,45.32,Tablet,Returning,Home Goods,18,0
4878,45,16.36,21,43.39,Desktop,Returning,Fashion,2,1
4879,31,19.92,15,0.0,Unknown,New,Electronics,11,0
4880,22,121.63,9,71.14,Desktop,Returning,Electronics,5,1
4881,50,30.4,8,63.82,Tablet,New,Electronics,17,1
4882,67,5.29,13,6.51,Desktop,New,Home Goods,5,0
4883,65,70.89,17,229.41,Mobile,New,Fashion,3,1
4884,58,21.79,19,8.37,Mobile,New,Electronics,19,1
4885,36,5.01,28,154.39,Desktop,New,Fashion,8,1
4886,39,76.43,7,0.02,Mobile,New,Electronics,11,1
4887,22,42.5,17,171.16,Desktop,Returning,Home Goods,3,1
4888,19,39.47,1,1.59,Mobile,New,Fashion,3,1
4889,47,37.05,5,113.44,Mobile,Returning,Fashion,1,1
4890,64,6.71,25,35.91,Desktop,New,Home Goods,13,1
4891,56,7.11,6,107.22,Mobile,Returning,Home Goods,10,1
4892,21,34.97,26,41.1,Desktop,New,Electronics,6,1
4893,50,7.44,2,5.88,Mobile,New,Fashion,11,0
4894,30,17.32,27,116.71,Tablet,New,Electronics,8,0
4895,37,45.7,25,5.91,Mobile,Returning,Home Goods,19,0
4896,24,45.97,16,204.21,Mobile,Returning,Home Goods,11,1
4897,32,18.11,22,4.19,Tablet,New,Fashion,6,0
4898,40,47.13,5,52.21,Desktop,New,Electronics,12,0
4899,31,54.72,5,102.71,Mobile,New,Fashion,18,1
4900,40,31.91,12,39.97,Tablet,New,Fashion,3,1
4901,36,7.78,3,19.59,Desktop,Returning,Electronics,13,0
4902,46,9.61,16,113.87,Tablet,Returning,Fashion,4,1
4903,37,19.92,15,0.0,Desktop,Returning,Fashion,9,0
4904,46,3.73,15,204.8,Mobile,New,Electronics,16,1
4905,41,9.57,15,37.75,Mobile,Returning,Electronics,12,1
4906,35,7.05,29,56.46,Mobile,New,Home Goods,7,0
4907,27,18.23,16,36.09,Desktop,New,Electronics,12,1
4908,58,71.72,20,23.77,Mobile,Returning,Electronics,8,1
4909,25,3.31,13,111.23,Mobile,New,Fashion,15,1
4910,43,38.22,12,33.2,Mobile,Returning,Fashion,2,0
4911,46,34.87,10,44.71,Mobile,Returning,Electronics,11,1
4912,27,3.02,14,41.36,Tablet,New,Fashion,5,0
4913,34,76.75,2,99.77,Desktop,Returning,Home Goods,6,0
4914,19,25.21,29,199.88,Desktop,New,Electronics,19,1
4915,23,13.56,3,87.91,Tablet,New,Fashion,14,0
4916,22,42.38,9,51.03,Desktop,Returning,Electronics,7,0
4917,45,8.93,11,120.84,Tablet,Returning,Home Goods,12,0
4918,58,35.48,11,0.0,Mobile,New,Fashion,17,1
4919,22,1.22,25,5.0,Mobile,Returning,Fashion,4,0
4920,35,54.87,22,8.04,Mobile,Returning,Home Goods,10,0
4921,43,17.84,10,3.09,Mobile,New,Fashion,1,0
4922,37,30.38,26,48.82,Tablet,Returning,Fashion,4,1
4923,58,7.5,14,139.83,Desktop,Returning,Fashion,13,1
4924,66,33.91,9,30.04,Mobile,Returning,Electronics,6,1
4925,44,44.38,20,38.78,Desktop,New,Electronics,15,1
4926,66,19.23,27,192.17,Desktop,Returning,Electronics,14,1
4927,29,28.85,21,145.07,Mobile,New,Home Goods,3,0
4928,24,18.28,10,87.5,Desktop,Returning,Home Goods,19,1
4929,20,67.36,22,24.83,Tablet,Returning,Home Goods,6,0
4930,27,20.67,29,9.96,Desktop,New,Electronics,2,1
4931,51,55.32,9,1.3,Desktop,New,Fashion,9,0
4932,42,48.49,29,9.05,Mobile,Returning,Home Goods,13,1
4933,52,15.85,5,27.69,Mobile,Returning,Fashion,18,0
4934,33,7.84,8,64.2,Mobile,New,Home Goods,12,0
4935,19,15.63,11,5.29,Desktop,Returning,Fashion,4,0
4936,41,52.5,1,11.72,Mobile,Returning,Home Goods,7,1
4937,27,7.75,21,15.98,Mobile,New,Home Goods,12,1
4938,55,22.3,10,79.97,Tablet,New,Fashion,11,1
4939,39,49.21,1,76.53,Desktop,Returning,Fashion,7,1
4940,43,13.08,26,64.02,Desktop,New,Fashion,10,1
4941,60,30.83,22,23.07,Mobile,New,Electronics,9,1
4942,56,8.46,7,37.11,Mobile,New,Fashion,2,0
4943,44,3.47,28,8.14,Mobile,Returning,Electronics,5,0
4944,46,47.45,14,20.54,Desktop,New,Fashion,10,1
4945,64,3.13,5,182.39,Mobile,Returning,Fashion,14,1
4946,55,9.5,17,311.74,Desktop,Returning,Electronics,16,1
4947,37,57.95,22,83.45,Tablet,New,Electronics,2,1
4948,44,12.76,26,198.94,Mobile,Returning,Fashion,19,0
4949,58,108.41,21,82.34,Mobile,Returning,Electronics,9,0
4950,37,116.96,6,2.7,Desktop,Returning,Home Goods,14,1
4951,61,9.37,16,458.64,Tablet,New,Fashion,15,0
4952,36,1.26,11,8.34,Tablet,Returning,Fashion,19,0
4953,37,36.63,10,91.82,Mobile,New,Home Goods,8,1
4954,52,17.99,15,23.32,Mobile,New,Fashion,15,1
4955,64,3.19,7,39.8,Desktop,Returning,Fashion,8,0
4956,19,36.88,23,83.06,Desktop,New,Electronics,4,1
4957,47,0.95,2,45.89,Mobile,Returning,Fashion,6,0
4958,51,61.25,12,23.07,Desktop,New,Fashion,11,1
4959,39,4.48,19,32.57,Desktop,New,Home Goods,12,0
4960,20,4.09,12,33.43,Mobile,Returning,Fashion,9,0
4961,23,5.8,16,256.17,Tablet,New,Home Goods,18,1
4962,32,96.77,6,128.2,Mobile,Returning,Fashion,17,1
4963,44,35.44,3,49.08,Desktop,Returning,Home Goods,3,0
4964,27,48.49,2,17.83,Desktop,New,Electronics,13,0
4965,26,15.21,20,133.29,Mobile,Returning,Fashion,6,0
4966,50,12.3,5,13.68,Desktop,New,Electronics,14,1
4967,49,19.92,15,0.0,Unknown,New,Home Goods,1,0
4968,65,19.66,26,36.46,Tablet,Returning,Fashion,4,0
4969,23,24.08,25,169.85,Mobile,New,Electronics,18,1
4970,58,29.97,3,11.31,Desktop,New,Electronics,11,1
4971,53,8.92,3,10.43,Desktop,Returning,Home Goods,11,0
4972,19,89.08,22,54.49,Desktop,Returning,Electronics,8,1
4973,46,5.58,5,25.88,Tablet,Returning,Fashion,4,0
4974,21,101.14,22,67.28,Mobile,Returning,Fashion,2,1
4975,18,0.45,23,48.07,Mobile,Returning,Electronics,1,0
4976,36,19.68,11,45.67,Desktop,Returning,Home Goods,10,1
4977,43,12.17,3,9.5,Mobile,Returning,Fashion,17,0
4978,42,17.89,13,12.16,Tablet,Returning,Electronics,7,0
4979,27,25.37,21,137.66,Desktop,New,Fashion,7,1
4980,32,17.16,8,173.64,Mobile,Returning,Electronics,13,1
4981,39,16.08,20,21.4,Desktop,Returning,Electronics,1,0
4982,68,39.58,10,9.63,Mobile,Returning,Electronics,1,1
4983,65,34.74,2,4.39,Desktop,Returning,Home Goods,13,0
4984,38,53.74,4,74.98,Mobile,New,Fashion,1,1
4985,39,8.63,18,100.52,Mobile,New,Fashion,6,1
4986,53,28.21,19,37.32,Mobile,Returning,Home Goods,10,1
4987,51,26.4,4,91.07,Desktop,New,Fashion,1,0
4988,47,13.85,20,99.85,Mobile,Returning,Electronics,5,0
4989,42,19.97,26,219.09,Mobile,New,Electronics,2,1
4990,62,11.3,9,5.37,Mobile,Returning,Electronics,3,0
4991,45,4.59,16,17.08,Mobile,Returning,Fashion,3,1
4992,18,7.22,26,5.68,Tablet,New,Fashion,18,1
4993,66,3.35,6,161.99,Mobile,Returning,Electronics,8,0
4994,62,34.47,25,125.84,Tablet,Returning,Fashion,9,1
4995,21,32.43,4,68.39,Desktop,New,Electronics,2,0
4996,24,90.24,9,6.99,Desktop,Returning,Electronics,2,0
4997,66,39.24,27,25.54,Mobile,Returning,Fashion,16,0
4998,26,1.6,13,28.27,Tablet,New,Fashion,7,1
4999,53,64.69,9,65.81,Mobile,Returning,Home Goods,4,0
5000,36,59.56,6,23.88,Desktop,New,Electronics,5,0
