customer_id,age,time_spent,pages_viewed,basket_value,num_sessions,purchase,device_type_Desktop,device_type_Mobile,device_type_Tablet,device_type_Unknown,customer_type_New,customer_type_Returning,category_Electronics,category_Fashion,category_Home Goods
1,0.7450980392156864,0.4091321047861551,0.5357142857142857,0.07823236711160256,0.8333333333333333,1,False,True,False,False,False,True,False,True,False
2,1.0,0.06594449959000474,0.6785714285714285,0.027380670299870995,0.5555555555555555,0,True,False,False,False,False,True,True,False,False
3,0.5490196078431373,0.23710672823788356,0.9999999999999999,0.013650843798541453,0.16666666666666666,0,False,True,False,False,False,True,True,False,False
4,0.27450980392156865,0.027059686677312157,0.17857142857142855,0.047560750862227844,0.4444444444444444,1,False,True,False,False,False,True,False,False,True
5,0.823529411764706,0.14449095852574337,0.8928571428571428,0.03106652976331517,0.7777777777777777,1,False,True,False,False,False,True,False,True,False
6,0.13725490196078433,0.48845539683224726,0.35714285714285715,0.07441486981017824,0.611111111111111,0,True,False,False,False,True,False,False,True,False
7,0.3921568627450981,0.01389668119632299,0.8214285714285714,0.35737040254850855,0.8333333333333333,1,True,False,False,False,False,True,False,True,False
8,0.7450980392156864,0.0010789348754909154,0.9999999999999999,0.09009293631361398,0.16666666666666666,1,False,False,True,False,True,False,False,False,True
9,0.3529411764705882,0.08596953087911614,0.5,0.0,0.1111111111111111,1,False,True,False,False,True,False,True,False,False
10,0.43137254901960786,0.01260195934573389,0.6785714285714285,0.11082589579548745,0.16666666666666666,1,False,False,True,False,False,True,True,False,False
11,0.1960784313725491,0.17867161538129558,0.3214285714285714,0.06791196061395888,0.05555555555555555,0,False,False,True,False,False,True,False,True,False
12,0.1960784313725491,0.3184584178498986,0.9999999999999999,0.2030776926519759,1.0,1,True,False,False,False,True,False,False,False,True
13,0.4509803921568628,0.07371283069353933,0.9642857142857143,0.0,0.33333333333333326,1,False,False,True,False,False,True,True,False,False
14,0.6862745098039217,0.03875534072763368,0.0,0.21375352131216596,0.05555555555555555,1,False,True,False,False,True,False,False,False,True
15,0.7647058823529412,0.07379914548357862,0.6785714285714285,0.036305715714925094,0.0,1,False,True,False,False,False,True,False,True,False
16,0.4509803921568628,0.1664149151957188,0.35714285714285715,0.014519653529210436,0.9444444444444444,1,False,True,False,False,False,True,True,False,False
17,0.03921568627450983,0.0011652496655301886,0.8928571428571428,0.20359108022009847,0.38888888888888884,1,True,False,False,False,False,True,False,False,True
18,0.4117647058823529,0.1152734020974494,0.8928571428571428,0.09323908064133955,0.38888888888888884,1,True,False,False,False,False,True,True,False,False
19,0.019607843137254943,0.12299857580596435,0.39285714285714285,0.23157728457467813,0.5,1,True,False,False,False,True,False,False,True,False
20,0.4509803921568628,0.13145742522981313,0.4642857142857143,0.29253876734328516,0.9444444444444444,1,False,True,False,False,False,True,False,False,True
21,0.8431372549019608,0.03586379526131803,0.8571428571428571,0.005805228654924572,0.5555555555555555,0,False,True,False,False,True,False,False,True,False
22,0.5686274509803921,0.16209917569375512,0.25,0.07320380170076086,0.0,1,False,True,False,False,True,False,False,True,False
23,0.7254901960784313,0.012429329765655344,0.35714285714285715,0.049495827080536035,0.33333333333333326,0,True,False,False,False,False,True,True,False,False
24,0.019607843137254943,0.08596953087911614,0.5,0.0,0.38888888888888884,0,False,False,False,True,True,False,True,False,False
25,0.3921568627450981,0.27180527383367137,0.9642857142857143,0.1661664428823421,0.7222222222222221,1,False,False,True,False,False,True,False,False,True
26,0.6274509803921569,0.17379482974407667,0.2142857142857143,0.03468657030776927,1.0,1,False,True,False,False,False,True,False,True,False
27,0.21568627450980393,0.0018126105908247377,0.3214285714285714,0.085696232525077,0.38888888888888884,0,False,True,False,False,True,False,True,False,False
28,0.4117647058823529,0.03698588753182858,0.6428571428571428,0.12990021851881106,1.0,1,False,False,True,False,False,True,True,False,False
29,0.8431372549019608,0.03124595399421691,0.8571428571428571,0.015204170286707213,0.16666666666666666,0,False,True,False,False,False,True,False,True,False
30,0.47058823529411764,0.08596953087911614,0.5,0.0,0.5,1,False,False,False,True,True,False,False,False,True
31,0.9411764705882354,0.03681325795175003,0.10714285714285714,0.09810968064660507,0.5,0,False,True,False,False,False,True,False,False,True
32,0.5098039215686275,0.008372534633809502,0.03571428571428571,0.314509122502172,0.16666666666666666,1,False,True,False,False,True,False,True,False,False
33,0.8039215686274509,0.07953907902119028,0.8928571428571428,0.043677434641813444,0.38888888888888884,0,False,False,True,False,False,True,False,True,False
34,0.5294117647058824,0.08596953087911614,0.7142857142857143,0.0,0.33333333333333326,0,True,False,False,False,False,True,False,False,True
35,0.2941176470588236,0.12084070605498252,0.6071428571428571,0.0743753784587842,0.7777777777777777,1,False,True,False,False,False,True,False,True,False
36,0.27450980392156865,0.14466358810582194,0.4642857142857143,0.009451596766974699,0.38888888888888884,0,True,False,False,False,True,False,False,True,False
37,0.9019607843137255,0.0109619783349877,0.8928571428571428,0.36762499012716215,0.5,0,False,True,False,False,True,False,False,True,False
38,0.9803921568627451,0.3917828319882612,0.5357142857142857,0.004159755680172709,0.33333333333333326,1,True,False,False,False,False,True,False,True,False
39,0.8431372549019608,0.2360709507574123,0.75,0.14747386988916095,1.0,1,False,False,True,False,False,True,False,False,True
40,1.0,0.21173017996633725,0.35714285714285715,0.07841666008477477,0.1111111111111111,0,False,False,True,False,False,True,True,False,False
41,0.03921568627450983,0.22420266712701223,0.3214285714285714,0.048429560592896825,0.4444444444444444,1,False,True,False,False,False,True,False,False,True
42,0.7058823529411765,0.349402270078978,0.5714285714285714,0.007174262169918122,0.8333333333333333,0,False,True,False,False,False,True,False,True,False
43,0.9803921568627451,0.1017219800612835,0.4642857142857143,0.10249322065134403,0.7222222222222221,1,False,True,False,False,False,True,True,False,False
44,0.11764705882352944,0.028915454663156533,0.75,0.09267303793802492,0.33333333333333326,0,True,False,False,False,True,False,False,False,True
45,0.3921568627450981,0.12416382547149454,0.10714285714285714,0.03472606165916331,0.611111111111111,1,True,False,False,False,False,True,False,False,True
46,0.1568627450980392,0.1758663847050192,0.6428571428571428,0.25383724297712135,0.0,1,False,True,False,False,True,False,True,False,False
47,0.7450980392156864,0.1733632557938803,0.03571428571428571,0.038188136798041235,0.8333333333333333,0,False,False,True,False,True,False,False,True,False
48,0.33333333333333337,0.09542100038841655,0.2142857142857143,0.06290972277071322,0.1111111111111111,1,False,True,False,False,False,True,False,False,True
49,0.05882352941176472,0.009192525139182598,0.2857142857142857,0.08264223468393755,0.0,0,False,True,False,False,True,False,False,True,False
50,0.47058823529411764,0.06003193647231453,0.9642857142857143,0.01112339730932259,0.2777777777777778,0,False,True,False,False,False,True,True,False,False
51,0.2549019607843137,0.3282551465193561,0.6428571428571428,0.28335044625227074,0.05555555555555555,1,False,True,False,False,True,False,True,False,False
52,0.9607843137254902,0.11367657848172284,0.5357142857142857,0.04941684437774794,0.33333333333333326,0,False,True,False,False,True,False,True,False,False
53,0.1568627450980392,0.10008199905053732,0.75,0.008872390279862044,0.38888888888888884,1,True,False,False,False,False,True,True,False,False
54,0.4901960784313726,0.04052479392343878,0.8571428571428571,0.05158886870442039,0.6666666666666666,0,False,True,False,False,False,True,True,False,False
55,0.019607843137254943,0.05951404773207889,0.5357142857142857,0.09654319037464129,0.8333333333333333,1,False,True,False,False,False,True,False,True,False
56,0.37254901960784315,0.2922187216779595,0.6071428571428571,0.07591554116315194,0.5,1,True,False,False,False,False,True,True,False,False
57,0.5294117647058824,0.142160459194683,0.7857142857142857,0.12489798067556539,0.16666666666666666,0,False,True,False,False,True,False,True,False,False
58,0.9019607843137255,0.20046609986621208,0.7142857142857143,0.00601584919569281,0.6666666666666666,1,True,False,False,False,False,True,False,True,False
59,0.11764705882352944,0.07841698675067973,0.7142857142857143,0.03526577679488192,0.8888888888888888,0,False,True,False,False,True,False,False,True,False
60,0.8431372549019608,0.1288248241336153,0.35714285714285715,0.18013321749203592,0.38888888888888884,1,True,False,False,False,False,True,False,True,False
61,0.13725490196078433,0.03698588753182858,0.2142857142857143,0.008767080009477925,0.38888888888888884,0,False,False,True,False,False,True,True,False,False
62,0.9019607843137255,0.15825816753700747,0.2857142857142857,0.2037095542742806,0.33333333333333326,1,False,True,False,False,False,True,False,False,True
63,0.6666666666666666,0.07224547926287168,0.10714285714285714,0.01014927730826949,0.0,0,True,False,False,False,False,True,False,True,False
64,0.2549019607843137,0.07565491346942299,0.8571428571428571,0.1894005212858384,0.7777777777777777,0,False,False,True,False,True,False,True,False,False
65,0.3137254901960784,0.13568684994173752,0.42857142857142855,0.047126345996893346,0.7777777777777777,1,True,False,False,False,False,True,True,False,False
66,0.6862745098039217,0.08596953087911614,0.5,0.0,1.0,1,False,False,False,True,True,False,False,True,False
67,0.9607843137254902,0.008545164213888049,0.8928571428571428,0.017468341099965774,0.16666666666666666,0,False,True,False,False,True,False,False,False,True
68,0.7647058823529412,0.2254973889776013,0.8571428571428571,0.007213753521312167,0.2777777777777778,0,True,False,False,False,False,True,False,True,False
69,0.05882352941176472,0.04479737603038281,0.9999999999999999,0.025616723270937,0.5,1,False,False,True,False,True,False,False,False,True
70,0.019607843137254943,0.07600017262958007,0.10714285714285714,0.014401179475028301,0.611111111111111,0,False,True,False,False,True,False,False,True,False
71,0.09803921568627455,0.0028483880712960167,0.6428571428571428,0.03943869625885264,0.16666666666666666,0,False,True,False,False,False,True,False,True,False
72,0.8039215686274509,0.04639419964610936,0.03571428571428571,0.07607350656872812,0.2777777777777778,0,False,True,False,False,False,True,False,True,False
73,0.05882352941176472,0.09041474256613871,0.2857142857142857,0.09358133902008794,0.7222222222222221,1,False,True,False,False,True,False,False,True,False
74,0.5490196078431373,0.0074662293383971345,0.39285714285714285,0.16428402179922597,0.6666666666666666,1,False,True,False,False,False,True,False,False,True
75,0.33333333333333337,0.08743688230978379,0.03571428571428571,0.11244504120264329,0.1111111111111111,1,False,True,False,False,False,True,False,True,False
76,0.4901960784313726,0.3390444952742653,0.17857142857142855,0.09882052497169785,0.7777777777777777,1,False,True,False,False,False,True,True,False,False
77,0.8431372549019608,0.014414569936558628,0.14285714285714285,0.05588026222257326,0.1111111111111111,0,False,True,False,False,False,True,False,True,False
78,0.6470588235294118,0.18717362220016398,0.14285714285714285,0.06762235737040255,0.22222222222222224,1,False,False,True,False,False,True,False,False,True
79,0.17647058823529416,0.06823184152604549,0.6785714285714285,0.05638048600689782,0.6666666666666666,1,False,True,False,False,False,True,False,False,True
80,0.6862745098039217,0.08596953087911614,0.5,0.0,0.7777777777777777,1,False,False,False,True,True,False,True,False,False
81,0.2549019607843137,0.0390142850977515,0.14285714285714285,0.02752547192164916,0.8888888888888888,1,False,True,False,False,True,False,False,True,False
82,0.5882352941176471,0.022485002805230678,0.9285714285714285,0.0006055340547086855,0.2777777777777778,1,False,False,True,False,False,True,True,False,False
83,0.9215686274509803,0.022657632385309222,0.10714285714285714,0.11095753363346761,0.9444444444444444,1,True,False,False,False,False,True,False,True,False
84,0.27450980392156865,0.009451469509300418,0.9999999999999999,0.023826448674406975,0.1111111111111111,1,True,False,False,False,False,True,False,True,False
85,0.13725490196078433,0.08596953087911614,0.5,0.0,0.4444444444444444,0,False,False,False,True,True,False,True,False,False
86,0.2549019607843137,0.1412973112942903,0.9999999999999999,0.2063423110338836,0.38888888888888884,1,True,False,False,False,False,True,False,False,True
87,0.43137254901960786,0.27633680031073327,0.75,0.008411657846931521,0.5555555555555555,0,False,True,False,False,False,True,False,False,True
88,0.7647058823529412,0.21785853005912562,0.9285714285714285,0.011847405418213412,0.5555555555555555,1,False,True,False,False,False,True,True,False,False
89,0.3921568627450981,0.14962668853308014,0.3214285714285714,0.07197956980754548,0.38888888888888884,0,True,False,False,False,False,True,True,False,False
90,0.2941176470588236,0.015148245651892451,0.5357142857142857,0.09895216280967802,0.0,0,True,False,False,False,False,True,False,False,True
91,0.8627450980392156,0.044193172500107895,0.3214285714285714,0.03385725192849433,0.05555555555555555,0,True,False,False,False,True,False,True,False,False
92,0.33333333333333337,0.047991023261835915,0.9999999999999999,0.1328620698733644,0.16666666666666666,1,False,False,True,False,False,True,True,False,False
93,0.9019607843137255,0.0372448319019464,0.3214285714285714,0.09516099307584973,0.05555555555555555,0,False,False,True,False,False,True,False,False,True
94,0.4509803921568628,0.0936947045876311,0.9999999999999999,0.041360608693362826,0.05555555555555555,0,False,True,False,False,True,False,False,True,False
95,0.4901960784313726,0.09930516594018386,0.6428571428571428,0.0027117394623910698,0.6666666666666666,1,False,True,False,False,True,False,False,True,False
96,0.47058823529411764,0.05714039100599888,0.3214285714285714,0.14605218123897534,0.2777777777777778,0,False,True,False,False,False,True,True,False,False
97,0.8627450980392156,0.05653618747572396,0.17857142857142855,0.02545875786536082,0.16666666666666666,0,False,False,True,False,False,True,False,True,False
98,0.7843137254901961,0.2283026196538777,0.5714285714285714,0.1894136850696364,0.7777777777777777,1,False,True,False,False,False,True,False,True,False
99,0.5490196078431373,0.20163134953174225,0.14285714285714285,0.057420424926941,0.1111111111111111,0,False,False,True,False,True,False,True,False,False
100,0.27450980392156865,0.04764576410167882,0.8928571428571428,0.0906326514493326,0.16666666666666666,1,False,True,False,False,True,False,True,False,False
101,0.8627450980392156,0.08596953087911614,0.5,0.0,0.8888888888888888,1,False,True,False,False,True,False,False,False,True
102,0.0,0.39536489577489103,0.9285714285714285,0.2098175499565595,0.2777777777777778,1,False,True,False,False,False,True,False,True,False
103,0.47058823529411764,0.05122782788830866,0.8214285714285714,0.04891662059342337,0.05555555555555555,0,False,True,False,False,False,True,False,True,False
104,0.11764705882352944,0.05666565966078288,0.9285714285714285,0.02468209462127794,0.6666666666666666,0,False,False,True,False,False,True,False,True,False
105,0.1568627450980392,0.09119157567649216,0.5,0.1571492509807019,0.7777777777777777,1,False,True,False,False,False,True,True,False,False
106,0.4509803921568628,0.3667083854818523,0.8571428571428571,0.05976357844298765,0.22222222222222224,0,False,True,False,False,True,False,True,False,False
107,0.0,0.08596953087911614,0.5,0.0,1.0,1,False,False,False,True,True,False,True,False,False
108,0.8431372549019608,0.0140261533813819,0.6428571428571428,0.24725535107811392,0.2777777777777778,1,False,True,False,False,True,False,False,True,False
109,0.13725490196078433,0.06456346294937639,0.6071428571428571,0.023247242187294317,0.8888888888888888,0,False,True,False,False,True,False,True,False,False
110,0.4509803921568628,0.10435458115748134,0.9999999999999999,0.0027512308137851143,0.0,0,False,True,False,False,True,False,True,False,False
111,0.1960784313725491,0.09054421475119762,0.10714285714285714,0.0021588605428744436,0.05555555555555555,0,False,False,True,False,False,True,False,True,False
112,0.9803921568627451,0.027922834577704888,0.25,0.1025458757865361,0.0,1,False,True,False,False,False,True,True,False,False
113,0.3137254901960784,0.25346338095032583,0.9285714285714285,0.1141300055287892,0.38888888888888884,1,False,True,False,False,False,True,True,False,False
114,0.13725490196078433,0.1463035691165681,0.5357142857142857,0.03924123950188242,0.16666666666666666,1,True,False,False,False,False,True,False,False,True
115,0.6666666666666666,0.2355962194121963,0.8214285714285714,0.040610273016875975,0.9444444444444444,0,False,True,False,False,False,True,False,False,True
116,0.6666666666666666,0.2534202235553062,0.6428571428571428,0.043677434641813444,0.4444444444444444,0,False,True,False,False,False,True,True,False,False
117,0.6274509803921569,0.17862845798627594,0.6785714285714285,0.12004054445409788,0.7777777777777777,1,True,False,False,False,True,False,False,False,True
118,0.07843137254901966,0.07487808035906954,0.07142857142857142,0.0063054524392491375,0.8333333333333333,0,False,True,False,False,False,True,True,False,False
119,0.8039215686274509,0.12209227051055198,0.3214285714285714,0.27872995813916757,0.1111111111111111,1,True,False,False,False,True,False,False,False,True
120,0.7450980392156864,0.022614474990289585,0.03571428571428571,0.026511860569202014,0.0,0,False,True,False,False,True,False,False,True,False
121,0.7843137254901961,0.1449656898709594,0.10714285714285714,0.8452333938867389,0.6666666666666666,0,True,False,False,False,True,False,True,False,False
122,0.5294117647058824,0.02559233524664451,0.17857142857142855,0.019811494616012428,0.7222222222222221,1,False,False,True,False,False,True,True,False,False
123,0.11764705882352944,0.15329506710974927,0.35714285714285715,0.155477450438354,0.2777777777777778,0,False,True,False,False,False,True,True,False,False
124,0.1568627450980392,0.03379224030037547,0.4642857142857143,0.026630334623384145,0.22222222222222224,0,False,True,False,False,False,True,False,True,False
125,0.13725490196078433,0.01618402313236373,0.5357142857142857,0.008872390279862044,0.22222222222222224,0,False,True,False,False,False,True,False,True,False
126,0.21568627450980393,0.023391308100643046,0.9285714285714285,0.21892688834478582,0.16666666666666666,1,False,True,False,False,False,True,False,True,False
127,0.6470588235294118,0.0002589443701178197,0.7142857142857143,0.20611852670931735,0.611111111111111,0,True,False,False,False,False,True,False,True,False
128,0.6274509803921569,0.16421388804971732,0.6428571428571428,0.054419082220993606,0.7222222222222221,0,True,False,False,False,False,True,False,True,False
129,0.9215686274509803,0.1706874973026628,0.03571428571428571,0.12763604770555248,0.7222222222222221,0,False,True,False,False,False,True,True,False,False
130,0.43137254901960786,0.09365154719261146,0.8571428571428571,0.0857620514440671,0.5555555555555555,1,True,False,False,False,True,False,False,False,True
131,0.4509803921568628,0.022787104570368134,0.5714285714285714,0.20187978832635656,0.5,1,False,True,False,False,True,False,True,False,False
132,0.7058823529411765,0.011307237495144793,0.2857142857142857,0.03984677355659111,0.5,0,True,False,False,False,False,True,False,False,True
133,0.6666666666666666,0.0025031289111389233,0.5714285714285714,0.07810072927362241,0.4444444444444444,1,True,False,False,False,True,False,False,False,True
134,0.8431372549019608,0.02347762289068232,0.5,0.06995234710265119,0.05555555555555555,1,True,False,False,False,False,True,True,False,False
135,0.7647058823529412,0.28678088990548534,0.2142857142857143,0.04599426059026406,0.7222222222222221,0,False,True,False,False,False,True,False,True,False
136,0.4117647058823529,0.03577748047127875,0.75,0.23385461917173472,0.33333333333333326,1,True,False,False,False,False,True,False,True,False
137,0.5098039215686275,0.056622502265763236,0.7857142857142857,0.019100650290919622,0.8888888888888888,1,False,True,False,False,True,False,False,False,True
138,0.6666666666666666,0.014414569936558628,0.6428571428571428,0.017060263802227315,0.38888888888888884,1,True,False,False,False,False,True,False,True,False
139,0.0,0.03254067584480601,0.07142857142857142,0.09057999631414054,0.16666666666666666,0,False,True,False,False,False,True,True,False,False
140,0.6666666666666666,0.09481679685814164,0.9999999999999999,0.11283995471658373,0.22222222222222224,1,False,True,False,False,False,True,False,True,False
141,0.7058823529411765,0.12118596521513961,0.9285714285714285,0.02279967353816181,0.6666666666666666,1,True,False,False,False,False,True,False,False,True
142,0.9019607843137255,0.03646799879159294,0.0,0.05218123897533107,0.33333333333333326,0,False,False,True,False,False,True,True,False,False
143,0.2549019607843137,0.007682016313495317,0.10714285714285714,0.30848010952268123,0.2777777777777778,0,False,True,False,False,False,True,False,False,True
144,0.03921568627450983,0.06421820378921929,0.9642857142857143,0.029815970302503752,0.8888888888888888,1,False,False,True,False,True,False,False,True,False
145,0.0,0.08596953087911614,0.5,0.0,0.2777777777777778,1,True,False,False,False,False,True,False,True,False
146,0.07843137254901966,0.032109101894609644,0.8928571428571428,0.14191875312639865,1.0,1,True,False,False,False,True,False,True,False,False
147,0.4901960784313726,0.41629623235941476,0.25,0.06260695574335888,0.1111111111111111,0,False,False,True,False,True,False,False,False,True
148,0.2549019607843137,0.12403435328643563,0.6428571428571428,0.2920253797751626,0.4444444444444444,1,False,True,False,False,True,False,True,False,False
149,0.7450980392156864,0.10539035863795262,0.7857142857142857,0.14051022826001106,0.7777777777777777,1,True,False,False,False,False,True,False,False,True
150,0.5098039215686275,0.06956972077165423,0.7857142857142857,0.0,0.38888888888888884,0,False,True,False,False,True,False,False,False,True
151,0.1568627450980392,0.07254758102800915,0.9642857142857143,0.08871073901482242,0.7777777777777777,1,False,True,False,False,True,False,False,False,True
152,0.27450980392156865,0.08596953087911614,0.5,0.0,0.0,1,True,False,False,False,False,True,True,False,False
153,0.27450980392156865,0.15433084459022053,0.17857142857142855,0.09446331253455494,0.38888888888888884,1,False,False,True,False,False,True,False,True,False
154,0.4901960784313726,0.15679081610633983,0.0,0.22215201537529947,0.16666666666666666,1,False,False,True,False,True,False,False,True,False
155,0.8039215686274509,0.024383928186094687,0.25,0.04648132059079062,0.5,1,True,False,False,False,False,True,False,False,True
156,0.23529411764705888,0.08976738164084416,0.0,0.0375431113919385,0.8333333333333333,0,True,False,False,False,False,True,False,False,True
157,0.9803921568627451,0.06874973026628113,0.6428571428571428,0.025340283811178685,0.9444444444444444,0,False,True,False,False,True,False,True,False,False
158,0.607843137254902,0.08596953087911614,0.5,0.0,0.16666666666666666,0,False,False,False,True,True,False,False,True,False
159,0.7450980392156864,0.12921324068879203,0.7142857142857143,0.004633651896901245,0.38888888888888884,1,False,True,False,False,False,True,False,True,False
160,0.9411764705882354,0.09844201803979111,0.8214285714285714,0.21489877050259326,0.16666666666666666,1,True,False,False,False,False,True,False,False,True
161,1.0,0.015881921367226274,0.8571428571428571,0.11946133796698523,0.5,1,True,False,False,False,False,True,False,True,False
162,0.607843137254902,0.1204522894998058,0.5,0.1137745833662428,0.16666666666666666,1,True,False,False,False,False,True,False,False,True
163,0.05882352941176472,0.016140865737344096,0.7857142857142857,0.1004265065950557,0.8333333333333333,0,False,True,False,False,True,False,False,True,False
164,0.5686274509803921,0.05325622545423158,0.8571428571428571,0.19923386778295551,0.611111111111111,0,False,False,True,False,False,True,True,False,False
165,0.7058823529411765,0.019938716499072116,0.35714285714285715,0.06892557196640603,0.5,1,True,False,False,False,True,False,False,False,True
166,0.43137254901960786,0.15251823399939582,0.6428571428571428,0.2151883737461496,0.5555555555555555,1,False,False,True,False,False,True,False,True,False
167,0.7450980392156864,0.029908074748608172,0.9999999999999999,0.0469025616723271,0.05555555555555555,0,False,True,False,False,True,False,False,True,False
168,0.8627450980392156,0.06439083336929782,0.7142857142857143,0.27520206408129955,0.8333333333333333,1,True,False,False,False,False,True,False,False,True
169,0.27450980392156865,0.08596953087911614,0.5,0.0,1.0,0,False,False,False,True,True,False,True,False,False
170,0.823529411764706,0.02960597298347072,0.8214285714285714,0.03130347787167944,0.611111111111111,0,True,False,False,False,False,True,False,False,True
171,0.5490196078431373,0.09179577920676708,0.39285714285714285,0.08743385198641498,0.16666666666666666,1,False,False,True,False,False,True,False,False,True
172,0.6862745098039217,0.07034655388200768,0.0,0.08019377089750679,0.8888888888888888,0,False,True,False,False,False,True,False,True,False
173,0.23529411764705888,0.002373656726080014,0.8214285714285714,0.015625411368243688,0.611111111111111,0,False,True,False,False,False,True,False,True,False
174,0.607843137254902,0.2037892192827241,0.2142857142857143,0.09421320064239264,0.8333333333333333,1,False,True,False,False,False,True,True,False,False
175,0.11764705882352944,0.009278839929221872,0.5714285714285714,0.03980728220519706,0.1111111111111111,0,False,True,False,False,True,False,False,True,False
176,0.9803921568627451,0.08325061499287903,0.9999999999999999,0.0056604270331464075,0.05555555555555555,0,False,False,True,False,True,False,True,False,False
177,0.4117647058823529,0.10651245090846316,0.9999999999999999,0.31269252033804595,0.33333333333333326,1,False,True,False,False,False,True,False,False,True
178,0.5294117647058824,0.12817746320832074,0.8928571428571428,0.10802200984651028,0.2777777777777778,1,False,True,False,False,False,True,False,True,False
179,0.019607843137254943,0.15105088256872815,0.9642857142857143,0.22061185267093175,0.0,1,False,True,False,False,True,False,True,False,False
180,0.8039215686274509,0.08596953087911614,0.5,0.0,0.7777777777777777,1,False,False,False,True,True,False,False,True,False
181,0.8627450980392156,0.0012947218505890985,0.9642857142857143,0.04650764815838664,0.611111111111111,0,False,True,False,False,True,False,False,True,False
182,0.09803921568627455,0.1664149151957188,0.17857142857142855,0.0757049206223837,0.6666666666666666,1,False,True,False,False,False,True,True,False,False
183,0.5294117647058824,0.09930516594018386,0.5714285714285714,0.11860569202011426,0.38888888888888884,1,False,True,False,False,True,False,False,False,True
184,0.5294117647058824,0.23417202537654827,0.6071428571428571,0.33965194955638045,0.4444444444444444,0,False,True,False,False,False,True,False,True,False
185,0.8431372549019608,0.22303741746148203,0.14285714285714285,0.030816417871152885,0.0,1,False,False,True,False,True,False,True,False,False
186,0.8431372549019608,0.2399982737041992,0.6071428571428571,0.21896637969617988,0.22222222222222224,1,False,True,False,False,True,False,True,False,False
187,0.37254901960784315,0.0859263734840965,0.8928571428571428,0.27148987705025934,0.33333333333333326,1,True,False,False,False,True,False,False,True,False
188,0.5686274509803921,0.052565707133917394,0.5714285714285714,0.11688123634257432,0.9444444444444444,1,False,False,True,False,False,True,True,False,False
189,0.1960784313725491,0.20301238617237063,0.75,0.28196824895347916,0.38888888888888884,1,True,False,False,False,False,True,False,False,True
190,0.5294117647058824,0.07772646843036556,0.5357142857142857,0.05341863465234447,0.5,0,False,False,True,False,True,False,True,False,False
191,0.47058823529411764,0.026239696171939064,0.25,0.32203880683463654,0.38888888888888884,0,False,False,True,False,False,True,False,True,False
192,0.7450980392156864,0.2500107893487549,0.8214285714285714,0.12776768554353263,0.611111111111111,1,False,True,False,False,True,False,True,False,False
193,0.6274509803921569,0.27728626300116527,0.42857142857142855,0.004515177842719111,0.8333333333333333,1,True,False,False,False,False,True,True,False,False
194,0.0,0.08130853221699538,0.9999999999999999,0.249980254324303,0.611111111111111,1,False,True,False,False,False,True,False,True,False
195,0.5098039215686275,0.010185145224634241,0.8214285714285714,0.06978121791327699,0.1111111111111111,0,False,True,False,False,True,False,False,True,False
196,1.0,0.0635276854689051,0.5357142857142857,0.06495010925940553,0.9444444444444444,0,True,False,False,False,False,True,False,True,False
197,0.23529411764705888,0.21069440248586596,0.35714285714285715,0.08801305847352763,0.22222222222222224,1,True,False,False,False,False,True,False,True,False
198,0.7843137254901961,0.30041862673169045,0.17857142857142855,0.017033936234631283,0.7222222222222221,1,True,False,False,False,True,False,False,True,False
199,0.03921568627450983,0.02943334340339217,0.9285714285714285,0.06668772872074348,0.8333333333333333,1,True,False,False,False,False,True,True,False,False
200,0.7450980392156864,0.08596953087911614,0.5,0.0,0.2777777777777778,1,False,False,False,True,True,False,False,True,False
201,0.09803921568627455,0.2716758016486125,0.0,0.0016454729747518628,0.8333333333333333,0,False,False,True,False,False,True,False,False,True
202,0.13725490196078433,0.06387294462906219,0.6071428571428571,0.033567648684938,0.7222222222222221,0,False,True,False,False,True,False,True,False,False
203,0.5098039215686275,0.10103146174096932,0.14285714285714285,0.00026327567596029803,0.22222222222222224,0,False,True,False,False,False,True,False,False,True
204,0.1568627450980392,0.4459022053428855,0.42857142857142855,0.05659110654766607,0.7222222222222221,0,False,False,True,False,True,False,True,False,False
205,0.7058823529411765,0.008933580769064779,0.3214285714285714,0.13723244609430535,0.5555555555555555,1,False,True,False,False,True,False,False,True,False
206,0.6274509803921569,0.1352984333865608,0.14285714285714285,0.16885185477713716,0.4444444444444444,1,True,False,False,False,True,False,True,False,False
207,0.9803921568627451,0.009969358249536058,0.8928571428571428,0.3058078614116842,0.33333333333333326,0,True,False,False,False,True,False,False,False,True
208,0.8039215686274509,0.06093824176772689,0.4642857142857143,0.09875470605270778,0.22222222222222224,0,False,True,False,False,False,True,False,True,False
209,0.8431372549019608,0.2108670320659445,0.5714285714285714,0.030948055709133036,0.7777777777777777,0,True,False,False,False,True,False,False,True,False
210,0.4509803921568628,0.07358335850848043,0.0,0.2715951873206434,0.6666666666666666,0,True,False,False,False,False,True,False,True,False
211,0.27450980392156865,0.7602606706659186,0.8571428571428571,0.15722823368348998,0.611111111111111,0,False,True,False,False,True,False,False,True,False
212,0.607843137254902,0.10603771956324716,0.03571428571428571,0.08997446225943184,0.7777777777777777,1,False,True,False,False,False,True,False,True,False
213,0.607843137254902,0.05014889301281774,0.2142857142857143,0.1252665666219098,1.0,0,False,False,True,False,False,True,False,True,False
214,0.4509803921568628,0.03219541668464891,0.3214285714285714,0.2718321354290077,1.0,0,False,True,False,False,False,True,False,True,False
215,0.7843137254901961,0.05588882655042941,0.6785714285714285,0.13122976068241055,0.5,1,False,False,True,False,False,True,True,False,False
216,1.0,0.06033403823745199,0.2142857142857143,0.04839006924150278,0.8888888888888888,0,False,True,False,False,False,True,False,True,False
217,0.9411764705882354,0.009235682534202237,0.8214285714285714,0.13146670879077482,0.8333333333333333,1,True,False,False,False,False,True,True,False,False
218,0.9411764705882354,0.059729834707177076,0.5357142857142857,0.0043308848695469025,0.22222222222222224,0,False,False,True,False,True,False,True,False,False
219,1.0,0.08079064347675974,0.14285714285714285,0.05143090329884422,0.16666666666666666,0,False,True,False,False,False,True,True,False,False
220,0.21568627450980393,0.16606965603556167,0.9999999999999999,0.054906142221520154,0.5,1,True,False,False,False,False,True,False,True,False
221,0.7450980392156864,0.13844892322299426,0.9642857142857143,0.019219124345101757,0.2777777777777778,0,True,False,False,False,True,False,True,False,False
222,0.019607843137254943,0.1597255189676751,0.39285714285714285,0.0024616275702287866,0.5555555555555555,1,True,False,False,False,False,True,False,True,False
223,0.03921568627450983,0.0010789348754909154,0.5714285714285714,0.015072532448727062,0.5555555555555555,0,True,False,False,False,True,False,True,False,False
224,0.9411764705882354,0.03176384273445255,0.5357142857142857,0.11195798120211674,0.8333333333333333,1,True,False,False,False,False,True,True,False,False
225,0.7058823529411765,0.14030469120883862,0.6785714285714285,0.17070794829265726,0.7222222222222221,1,True,False,False,False,False,True,False,True,False
226,0.9411764705882354,0.08566742911397869,0.8928571428571428,0.4675776005054893,1.0,0,True,False,False,False,False,True,False,True,False
227,0.3137254901960784,0.0006905183203141859,0.5357142857142857,0.0447831924808467,0.16666666666666666,1,True,False,False,False,False,True,False,True,False
228,0.9411764705882354,0.08596953087911614,0.5,0.0,0.22222222222222224,1,False,False,False,True,True,False,False,True,False
229,0.019607843137254943,0.08596953087911614,0.5,0.0,1.0,1,False,False,False,True,True,False,False,True,False
230,0.019607843137254943,0.10293038712183333,0.5,0.019245451912697786,0.8888888888888888,0,False,True,False,False,False,True,False,False,True
231,0.5294117647058824,0.08596953087911614,0.39285714285714285,0.0,0.9444444444444444,0,False,True,False,False,True,False,False,True,False
232,0.43137254901960786,0.1883388718656942,0.7142857142857143,0.14810573151146567,0.38888888888888884,1,False,True,False,False,False,True,True,False,False
233,0.7058823529411765,0.11346079150662465,0.3214285714285714,0.009807018929521101,0.16666666666666666,0,False,True,False,False,False,True,True,False,False
234,0.607843137254902,0.1971861378447197,0.9999999999999999,0.20800094779243344,0.9444444444444444,1,False,True,False,False,True,False,True,False,False
235,0.6274509803921569,0.18039791118208104,0.8928571428571428,0.17663165100176395,0.5555555555555555,1,False,True,False,False,True,False,False,False,True
236,0.0,0.21034914332570886,0.9999999999999999,0.0035805491930600533,0.7222222222222221,0,False,True,False,False,False,True,False,False,True
237,0.3529411764705882,0.09447153769798455,0.75,0.010057130821683384,0.6666666666666666,1,True,False,False,False,False,True,False,False,True
238,0.019607843137254943,0.019593457338915023,0.03571428571428571,0.005305004870600006,0.8333333333333333,0,False,True,False,False,False,True,False,False,True
239,0.8431372549019608,0.14401622718052737,0.2142857142857143,0.04292709896532659,0.611111111111111,0,False,True,False,False,True,False,False,True,False
240,0.4901960784313726,0.125415389927064,0.42857142857142855,0.07496774872969487,0.4444444444444444,1,False,True,False,False,True,False,True,False,False
241,0.607843137254902,0.08596953087911614,0.5,0.0,0.33333333333333326,1,False,False,False,True,True,False,False,False,True
242,0.09803921568627455,0.02412498381597687,0.5,0.032804149224653134,0.5,1,False,True,False,False,True,False,True,False,False
243,0.607843137254902,0.028095464157783436,0.0,0.2554695521680752,0.8888888888888888,1,True,False,False,False,True,False,False,False,True
244,0.05882352941176472,0.28626300116524966,0.8928571428571428,0.04836374167390675,0.9444444444444444,1,False,False,True,False,True,False,False,True,False
245,0.1960784313725491,0.17949160588666868,0.07142857142857142,0.004910091356659558,0.33333333333333326,1,False,False,True,False,True,False,True,False,False
246,0.3137254901960784,0.3092227353156964,0.8571428571428571,0.03759576652713056,0.1111111111111111,0,False,False,True,False,True,False,False,False,True
247,0.7254901960784313,0.18406628975875017,0.3214285714285714,0.07975936603217229,0.7777777777777777,1,False,True,False,False,True,False,False,True,False
248,0.4509803921568628,0.11773337361356868,0.9285714285714285,0.05524840060026854,0.8333333333333333,0,False,True,False,False,True,False,True,False,False
249,0.07843137254901966,0.08596953087911614,0.5,0.0,0.8888888888888888,0,False,False,False,True,True,False,False,True,False
250,1.0,0.2847524923395624,0.5,0.01482242055656478,0.6666666666666666,1,True,False,False,False,True,False,True,False,False
251,0.6470588235294118,0.11195028268093739,0.75,0.18009372614064187,0.1111111111111111,1,False,True,False,False,False,True,False,False,True
252,0.09803921568627455,0.12955849984894913,0.9285714285714285,0.5853671379301266,0.22222222222222224,1,True,False,False,False,False,True,False,True,False
253,0.4117647058823529,0.02205342885503431,0.17857142857142855,0.04209778058605165,0.4444444444444444,0,False,True,False,False,False,True,False,True,False
254,0.1960784313725491,0.08316430020283976,0.6785714285714285,0.0506147487033673,0.9444444444444444,0,False,True,False,False,True,False,False,True,False
255,0.9215686274509803,0.16317811056924605,0.5,0.10134797146091672,0.5555555555555555,1,False,False,True,False,False,True,False,False,True
256,0.2941176470588236,0.040913210478615514,0.8214285714285714,0.13346760392807308,0.5555555555555555,1,True,False,False,False,True,False,True,False,False
257,0.6274509803921569,0.029260713823313626,0.7142857142857143,0.052405023299897324,0.8333333333333333,0,True,False,False,False,True,False,False,True,False
258,0.1568627450980392,0.048767856372189375,0.2142857142857143,0.24780822999763052,0.38888888888888884,0,True,False,False,False,False,True,False,True,False
259,0.09803921568627455,0.03577748047127875,0.8571428571428571,0.08645973198536189,0.05555555555555555,1,False,False,True,False,False,True,False,False,True
260,0.2941176470588236,0.031332268784256184,0.9999999999999999,0.06302819682489536,0.5,0,True,False,False,False,False,True,False,False,True
261,0.5490196078431373,0.07159811833757715,0.9999999999999999,0.10956217255087804,0.2777777777777778,1,False,False,True,False,False,True,False,True,False
262,0.03921568627450983,0.3087048465754607,0.7142857142857143,0.32156491061790804,0.16666666666666666,1,False,True,False,False,False,True,False,True,False
263,0.37254901960784315,0.09157999223166889,0.9285714285714285,0.16666666666666666,0.22222222222222224,1,True,False,False,False,True,False,False,False,True
264,0.6862745098039217,0.02693021449225325,0.14285714285714285,0.004304557301950873,0.5555555555555555,0,True,False,False,False,True,False,True,False,False
265,0.3529411764705882,0.010357774804712788,0.10714285714285714,0.04253218545138615,0.611111111111111,0,False,True,False,False,False,True,False,False,True
266,0.4901960784313726,0.15424452980018127,0.75,0.0669641681805018,0.8333333333333333,1,False,False,True,False,False,True,True,False,False
267,0.03921568627450983,0.06249190798843382,0.6071428571428571,0.03976779085380302,0.7222222222222221,0,False,False,True,False,True,False,True,False,False
268,0.3529411764705882,0.2233395192266195,0.07142857142857142,0.1268593844614696,0.7222222222222221,1,False,True,False,False,False,True,True,False,False
269,0.37254901960784315,0.13948470070346555,0.5714285714285714,0.18431930073980465,0.7777777777777777,1,False,True,False,False,True,False,False,False,True
270,0.607843137254902,0.20594708903370593,0.6071428571428571,0.1384171866361267,0.38888888888888884,1,False,True,False,False,False,True,False,True,False
271,0.11764705882352944,0.041085840058694055,0.6071428571428571,0.4781744464628913,0.22222222222222224,1,False,False,True,False,False,True,False,True,False
272,1.0,0.15260454878943508,0.8214285714285714,0.03351499354974594,0.4444444444444444,1,True,False,False,False,False,True,False,True,False
273,0.7843137254901961,0.03970480341806568,0.8214285714285714,0.2189795434799779,0.8333333333333333,1,False,True,False,False,True,False,False,False,True
274,0.6274509803921569,0.36226317379482975,0.03571428571428571,0.15323960719269147,0.1111111111111111,1,True,False,False,False,False,True,True,False,False
275,0.7647058823529412,0.13098269388459713,0.42857142857142855,0.047363294105257615,0.611111111111111,1,False,True,False,False,False,True,False,True,False
276,0.7450980392156864,0.050796253938112296,0.75,0.13950978069136194,0.33333333333333326,1,True,False,False,False,True,False,True,False,False
277,0.33333333333333337,0.04065426610849769,0.5,0.011570965958455097,0.8888888888888888,0,False,True,False,False,True,False,False,True,False
278,0.7647058823529412,0.027448103232488887,0.14285714285714285,0.16402074612326567,0.7777777777777777,0,False,True,False,False,False,True,False,True,False
279,0.0,0.15359716887488672,0.07142857142857142,0.0800358054919306,0.7777777777777777,1,True,False,False,False,False,True,False,True,False
280,0.1960784313725491,0.08596953087911614,0.5,0.0,0.611111111111111,0,False,True,False,False,True,False,True,False,False
281,0.5294117647058824,0.11712917008329378,0.14285714285714285,0.11231340336466313,0.05555555555555555,1,False,True,False,False,False,True,True,False,False
282,0.47058823529411764,0.039791118208104964,0.14285714285714285,0.10806150119790434,0.38888888888888884,0,False,True,False,False,False,True,False,False,True
283,0.9607843137254902,0.14043416339389755,0.07142857142857142,0.024761077324066027,0.22222222222222224,0,False,True,False,False,True,False,False,False,True
284,0.43137254901960786,0.2184195761943809,0.07142857142857142,0.003251454598109681,0.1111111111111111,1,False,True,False,False,False,True,True,False,False
285,0.5882352941176471,0.19489879590867892,0.6785714285714285,0.059868888713371766,0.0,0,False,False,True,False,True,False,True,False,False
286,0.5686274509803921,0.18523153942428036,0.7857142857142857,0.0887633941500145,0.8333333333333333,1,True,False,False,False,True,False,False,True,False
287,0.8039215686274509,0.02693021449225325,0.9642857142857143,0.22034857699497143,0.5,0,False,False,True,False,True,False,False,True,False
288,0.6666666666666666,0.011997755815458979,0.9642857142857143,0.277400415975568,0.5,1,False,False,True,False,False,True,False,True,False
289,0.11764705882352944,0.15540977946571144,0.9642857142857143,0.07924597846404971,0.5555555555555555,1,False,True,False,False,False,True,True,False,False
290,0.2941176470588236,0.059470890337059254,0.6071428571428571,0.1476055077271411,0.611111111111111,1,False,True,False,False,True,False,False,True,False
291,0.4901960784313726,0.0733244141383626,0.8928571428571428,0.060935155201010976,0.38888888888888884,1,False,True,False,False,False,True,False,True,False
292,0.9215686274509803,0.004099952526865478,0.6785714285714285,0.1443540531290314,0.22222222222222224,0,True,False,False,False,False,True,True,False,False
293,1.0,0.03892797030771222,0.10714285714285714,0.02412921570176131,0.4444444444444444,0,True,False,False,False,True,False,False,True,False
294,0.9411764705882354,0.004445211687022572,0.0,0.048837637890635284,0.5555555555555555,0,False,True,False,False,False,True,True,False,False
295,0.019607843137254943,0.2736610418195158,0.8928571428571428,0.10591580443882789,0.7777777777777777,1,False,True,False,False,False,True,True,False,False
296,0.0,0.03612273963143584,0.5357142857142857,0.0019350762183081905,0.8888888888888888,1,True,False,False,False,False,True,False,True,False
297,0.9215686274509803,0.08596953087911614,0.5,0.0,0.5555555555555555,1,False,False,False,True,True,False,False,True,False
298,0.21568627450980393,0.08596953087911614,0.5714285714285714,0.0,0.6666666666666666,1,False,False,True,False,True,False,False,True,False
299,0.07843137254901966,0.1422899313797419,0.25,0.05364241897691072,0.8888888888888888,0,False,True,False,False,False,True,False,True,False
300,0.7058823529411765,0.050494152172974836,0.2142857142857143,0.06256746439196482,0.33333333333333326,0,False,False,True,False,True,False,True,False,False
301,0.607843137254902,0.2954555263044322,0.8571428571428571,0.2006950477845352,0.4444444444444444,1,False,True,False,False,False,True,False,False,True
302,0.1568627450980392,0.2835872426740322,0.25,0.15739936287286416,0.9444444444444444,1,True,False,False,False,False,True,False,True,False
303,0.7843137254901961,0.05092572612317121,0.7142857142857143,0.03579232814680252,0.9444444444444444,0,False,False,True,False,True,False,False,True,False
304,0.6666666666666666,0.2993828492512192,0.8214285714285714,0.04122897085538267,0.5,1,False,False,True,False,False,True,False,False,True
305,0.3529411764705882,0.7200811359026369,0.9285714285714285,0.11961930337256142,0.611111111111111,1,False,True,False,False,False,True,False,True,False
306,0.9215686274509803,0.2259721203228173,0.8928571428571428,0.08722323144564674,0.9444444444444444,1,False,True,False,False,False,True,False,True,False
307,0.2941176470588236,0.2412929955547883,0.39285714285714285,0.018639917857989102,0.4444444444444444,1,False,True,False,False,True,False,True,False,False
308,0.03921568627450983,0.03707220232186785,0.5357142857142857,0.039070110312508226,0.4444444444444444,0,False,True,False,False,False,True,True,False,False
309,0.37254901960784315,0.11130292175564283,0.39285714285714285,0.24246373377563646,0.5,1,True,False,False,False,False,True,True,False,False
310,0.4509803921568628,0.009019895559104051,0.6428571428571428,0.12271279256509492,0.0,0,False,False,True,False,True,False,True,False,False
311,0.6274509803921569,0.012904061110871348,0.3214285714285714,0.4493457599452387,0.5555555555555555,0,False,True,False,False,True,False,False,True,False
312,0.4509803921568628,0.8811445341159208,0.2142857142857143,0.15341073638206568,0.7222222222222221,1,False,True,False,False,False,True,True,False,False
313,1.0,0.05118467049328902,0.39285714285714285,0.2998051759997894,0.5,1,False,True,False,False,True,False,False,True,False
314,0.1960784313725491,0.17854214319623665,0.6785714285714285,0.02565621462233104,0.7222222222222221,1,False,False,True,False,True,False,False,False,True
315,0.9411764705882354,0.21276595744680848,0.14285714285714285,0.155451122870758,1.0,1,False,False,True,False,False,True,False,False,True
316,0.13725490196078433,0.25272970523499205,0.5357142857142857,0.0021456967590764288,0.5,0,False,True,False,False,False,True,False,True,False
317,0.6862745098039217,0.782529886496051,0.2857142857142857,0.11699971039675644,0.8888888888888888,1,False,True,False,False,False,True,False,True,False
318,0.7254901960784313,0.03577748047127875,0.2142857142857143,0.06671405628833953,0.05555555555555555,0,True,False,False,False,True,False,False,True,False
319,0.7647058823529412,0.00535151698243494,0.6785714285714285,0.04483584761603876,0.7222222222222221,0,True,False,False,False,False,True,False,True,False
320,0.37254901960784315,0.06857710068620258,0.75,0.20886975752310244,0.9444444444444444,1,False,True,False,False,False,True,False,True,False
321,0.6666666666666666,0.018039791118208102,0.8928571428571428,0.2028275807598136,0.05555555555555555,0,False,False,True,False,True,False,True,False,False
322,0.9215686274509803,0.00293470286133529,0.4642857142857143,0.0023694810836426823,1.0,0,False,False,True,False,False,True,False,False,True
323,0.47058823529411764,0.057874066721332704,0.35714285714285715,0.09903114551246611,0.38888888888888884,1,True,False,False,False,False,True,False,True,False
324,0.6666666666666666,0.1982650727202106,0.2142857142857143,0.04829792275491667,0.2777777777777778,0,True,False,False,False,False,True,False,True,False
325,0.47058823529411764,0.10810927452418972,0.9999999999999999,0.056577942763868044,0.33333333333333326,1,False,True,False,False,False,True,False,True,False
326,0.5490196078431373,0.04855206939709119,0.3214285714285714,0.18787352236526866,0.6666666666666666,0,True,False,False,False,True,False,False,True,False
327,0.33333333333333337,0.1375426179275819,0.9999999999999999,0.03905694652871022,0.05555555555555555,1,False,True,False,False,False,True,False,True,False
328,0.8823529411764707,0.034180656855552195,0.2857142857142857,0.3017665797856936,0.33333333333333326,1,False,True,False,False,False,True,False,False,True
329,0.33333333333333337,0.0018557679858443744,0.10714285714285714,0.020851433536055605,0.0,0,False,True,False,False,False,True,False,True,False
330,0.019607843137254943,0.18713046480514436,0.5357142857142857,0.11445910012373957,0.2777777777777778,1,False,True,False,False,False,True,False,False,True
331,0.6666666666666666,0.12653748219757455,0.3214285714285714,0.11742095147829293,0.8333333333333333,0,False,True,False,False,True,False,True,False,False
332,0.2941176470588236,0.18600837253463381,0.6428571428571428,0.030605797330384647,0.38888888888888884,1,True,False,False,False,True,False,True,False,False
333,0.7843137254901961,0.005135730007336757,0.8214285714285714,0.04134744490956481,0.6666666666666666,0,True,False,False,False,True,False,False,True,False
334,0.6862745098039217,0.08596953087911614,0.5,0.0,0.9444444444444444,1,False,False,False,True,True,False,True,False,False
335,0.6274509803921569,0.12511328816192654,0.2857142857142857,0.15108074664981702,0.7222222222222221,0,False,True,False,False,True,False,True,False,False
336,0.05882352941176472,0.10728928401881663,0.42857142857142855,0.04203196166706158,0.9444444444444444,1,False,True,False,False,False,True,False,True,False
337,0.6274509803921569,0.126839583962712,0.0,0.08040439143827502,0.16666666666666666,1,True,False,False,False,True,False,False,True,False
338,0.2549019607843137,0.2587285831427215,0.03571428571428571,0.006700365953189584,0.7777777777777777,0,False,True,False,False,False,True,False,False,True
339,0.3921568627450981,0.1144534115920763,0.42857142857142855,0.02465576705368191,0.22222222222222224,0,False,False,True,False,True,False,False,True,False
340,0.9215686274509803,0.11259764360623192,0.8214285714285714,0.0700444935892373,0.7222222222222221,0,False,True,False,False,False,True,True,False,False
341,0.37254901960784315,0.6053687799404428,0.2857142857142857,0.009464760550772715,0.8333333333333333,1,True,False,False,False,False,True,False,True,False
342,0.13725490196078433,0.18303051227827888,0.2142857142857143,0.19520574994076298,0.7777777777777777,1,False,True,False,False,False,True,False,True,False
343,0.11764705882352944,0.07561175607440335,0.5357142857142857,0.13330963852249691,0.5555555555555555,1,True,False,False,False,False,True,False,True,False
344,0.03921568627450983,0.15912131543740018,0.6428571428571428,0.3028591738409288,0.05555555555555555,1,False,False,True,False,True,False,False,True,False
345,0.3137254901960784,0.06382978723404255,0.2142857142857143,0.12451623094542295,0.9444444444444444,0,False,False,True,False,True,False,True,False,False
346,0.6274509803921569,0.03366276811531656,0.17857142857142855,0.2969881262670142,0.16666666666666666,1,False,False,True,False,False,True,True,False,False
347,0.9215686274509803,0.11760390142850978,0.6071428571428571,0.0851565173893584,0.7777777777777777,1,False,True,False,False,False,True,False,False,True
348,0.21568627450980393,0.3409865780501489,0.6428571428571428,0.0965563541584393,0.611111111111111,0,True,False,False,False,True,False,True,False,False
349,0.9803921568627451,0.34271287385093435,0.35714285714285715,0.39712502961851354,0.1111111111111111,1,False,True,False,False,False,True,False,True,False
350,0.4117647058823529,0.05416253074964395,0.9999999999999999,0.1082194666034805,0.16666666666666666,0,True,False,False,False,False,True,True,False,False
351,0.4117647058823529,0.09710413879418238,0.39285714285714285,0.0032909459495037256,0.8333333333333333,0,False,True,False,False,True,False,True,False,False
352,0.8823529411764707,0.030771222649000906,0.9999999999999999,0.13549482663296739,0.2777777777777778,1,False,False,True,False,True,False,True,False,False
353,0.5686274509803921,0.7034655388200768,0.8928571428571428,0.24841376405233923,0.05555555555555555,1,False,False,True,False,False,True,True,False,False
354,0.7254901960784313,0.5139614172888525,0.3214285714285714,0.16719321801858728,0.4444444444444444,1,False,True,False,False,True,False,True,False,False
355,0.7254901960784313,0.13573000733675716,0.42857142857142855,0.09231761577547849,0.611111111111111,1,False,True,False,False,True,False,False,True,False
356,0.8627450980392156,0.21125544862112125,0.39285714285714285,0.11717083958613064,0.611111111111111,0,False,True,False,False,True,False,True,False,False
357,0.9803921568627451,0.16257390703897112,0.7142857142857143,0.48700734539135926,0.7222222222222221,0,True,False,False,False,True,False,False,True,False
358,0.13725490196078433,0.11643865176297959,0.3214285714285714,0.010004475686491324,0.8888888888888888,0,False,True,False,False,False,True,True,False,False
359,0.5098039215686275,0.0070778127832204045,0.6785714285714285,0.11588078877392519,0.4444444444444444,1,False,False,True,False,True,False,False,True,False
360,0.5098039215686275,0.07854645893573864,0.6071428571428571,0.03509464760550773,0.611111111111111,0,True,False,False,False,True,False,False,False,True
361,0.6470588235294118,0.1454404212161754,0.10714285714285714,0.10761393254877182,0.5,0,True,False,False,False,False,True,True,False,False
362,0.3921568627450981,0.14651935609166633,0.9642857142857143,0.09851775794434353,0.5555555555555555,1,True,False,False,False,True,False,True,False,False
363,0.5686274509803921,0.0604635104225109,0.8214285714285714,0.017547323802753863,0.05555555555555555,0,False,True,False,False,True,False,False,False,True
364,0.6274509803921569,0.3679599499374218,0.14285714285714285,0.024392491377721613,0.8333333333333333,0,False,False,True,False,False,True,False,False,True
365,0.5294117647058824,0.0236934098657805,0.14285714285714285,0.10234841902956586,0.0,0,True,False,False,False,False,True,True,False,False
366,0.9019607843137255,0.08985369643088344,0.9999999999999999,0.014453834610220363,0.0,0,False,False,True,False,False,True,False,True,False
367,0.6274509803921569,0.15200034525916015,0.9642857142857143,0.03244872706210673,0.05555555555555555,0,True,False,False,False,True,False,False,False,True
368,0.07843137254901966,0.154632946355358,0.39285714285714285,0.18990074507016297,0.611111111111111,1,True,False,False,False,False,True,True,False,False
369,0.9215686274509803,0.13542790557161968,0.8928571428571428,0.04171603085590923,0.9444444444444444,1,False,True,False,False,False,True,True,False,False
370,0.3529411764705882,0.041690043588968974,0.07142857142857142,0.07050522602216781,0.611111111111111,0,True,False,False,False,False,True,False,False,True
371,0.05882352941176472,0.022010271460014674,0.9999999999999999,0.2983045046468157,0.0,1,True,False,False,False,True,False,False,True,False
372,0.6666666666666666,0.13081006430451858,0.25,0.027130558407708713,0.5555555555555555,0,True,False,False,False,True,False,False,True,False
373,0.9411764705882354,0.11842389193388288,0.75,0.05198378221836085,0.05555555555555555,1,True,False,False,False,False,True,True,False,False
374,0.3137254901960784,0.08596953087911614,0.5,0.0,0.611111111111111,0,False,False,False,True,True,False,False,False,True
375,0.8431372549019608,0.15812869535194857,0.6071428571428571,0.14826369691704183,0.05555555555555555,1,False,False,True,False,False,True,True,False,False
376,0.5294117647058824,0.07863277372577791,0.2857142857142857,0.24424084458836848,0.8888888888888888,0,False,False,True,False,True,False,True,False,False
377,0.5686274509803921,0.14267834793491865,0.42857142857142855,0.26018218676776456,0.2777777777777778,1,False,True,False,False,True,False,True,False,False
378,0.5490196078431373,0.23516464546199992,0.2142857142857143,0.1578600953057947,0.8333333333333333,0,False,False,True,False,False,True,True,False,False
379,0.8823529411764707,0.02408182642095723,0.3214285714285714,0.027301687597082906,1.0,0,False,True,False,False,False,True,False,False,True
380,0.09803921568627455,0.0025031289111389233,0.2857142857142857,0.002645920543400995,0.2777777777777778,0,True,False,False,False,True,False,False,True,False
381,0.6666666666666666,0.19550299943895386,0.75,0.05098333464971171,0.33333333333333326,1,False,True,False,False,True,False,True,False,False
382,0.7843137254901961,0.12179016874541453,0.5,0.016072980017376195,1.0,1,False,False,True,False,False,True,False,False,True
383,0.7058823529411765,0.1557118812308489,0.14285714285714285,0.13050575257351973,0.8888888888888888,1,False,True,False,False,False,True,True,False,False
384,0.4509803921568628,0.23576884899227485,0.39285714285714285,0.113958876339415,0.2777777777777778,1,False,True,False,False,False,True,False,True,False
385,0.5490196078431373,0.21021967114064996,0.0,0.004738962167285365,0.7777777777777777,0,False,True,False,False,False,True,False,True,False
386,0.9411764705882354,0.41974882396098573,0.39285714285714285,0.19076955480083194,0.4444444444444444,1,False,True,False,False,False,True,False,False,True
387,0.8823529411764707,0.09939148073022312,0.75,0.030118737329858095,0.05555555555555555,1,True,False,False,False,True,False,False,True,False
388,0.5882352941176471,0.08678952138448923,0.17857142857142855,0.05960561303741148,0.22222222222222224,1,False,True,False,False,False,True,False,True,False
389,0.6666666666666666,0.06654870312027966,0.6428571428571428,0.11609140931469342,0.22222222222222224,1,True,False,False,False,False,True,False,True,False
390,0.6274509803921569,0.021621854904837944,0.6428571428571428,0.0590922254692889,0.611111111111111,0,False,False,True,False,False,True,True,False,False
391,1.0,0.11005135730007337,0.5357142857142857,0.0613037411473554,0.5,0,True,False,False,False,False,True,True,False,False
392,0.3921568627450981,0.041992145354106426,0.6428571428571428,0.007147934602322091,0.16666666666666666,1,False,False,True,False,True,False,False,False,True
393,0.607843137254902,0.32916145181476847,0.07142857142857142,0.05405049627464919,0.611111111111111,1,False,True,False,False,False,True,False,True,False
394,0.43137254901960786,0.08596953087911614,0.5,0.0,0.7777777777777777,1,False,False,False,True,True,False,True,False,False
395,0.6274509803921569,0.11635233697294031,0.3214285714285714,0.25981360082142013,0.5,0,True,False,False,False,False,True,True,False,False
396,0.03921568627450983,0.05675197445082215,0.9285714285714285,0.05619619303372561,0.9444444444444444,1,False,True,False,False,True,False,False,True,False
397,0.33333333333333337,0.006905183203141859,0.6071428571428571,0.05801279519785167,0.22222222222222224,0,False,False,True,False,False,True,False,True,False
398,0.47058823529411764,0.004186267316904751,0.8928571428571428,0.12771503040834056,0.6666666666666666,1,False,True,False,False,False,True,False,False,True
399,0.8039215686274509,0.07125285917742005,0.42857142857142855,0.3012663560013691,0.16666666666666666,0,False,False,True,False,True,False,True,False,False
400,0.5882352941176471,0.011436709680203702,0.8928571428571428,0.032725166521865044,0.4444444444444444,1,False,True,False,False,True,False,True,False,False
401,0.03921568627450983,0.12088386345000217,0.6071428571428571,0.061093120606587156,0.9444444444444444,1,True,False,False,False,False,True,False,True,False
402,0.7647058823529412,0.2755599672003798,0.07142857142857142,0.1673906747755575,0.1111111111111111,1,False,True,False,False,False,True,False,False,True
403,0.8823529411764707,0.2777178369513616,0.8928571428571428,0.09908380064765816,0.5555555555555555,1,False,True,False,False,True,False,True,False,False
404,0.4509803921568628,0.139312071123387,0.9642857142857143,0.012347629202537978,0.16666666666666666,0,True,False,False,False,False,True,False,False,True
405,0.9607843137254902,0.03072806525398127,0.7857142857142857,0.10405971092330779,0.4444444444444444,1,False,True,False,False,False,True,False,False,True
406,0.607843137254902,0.2573475465020931,0.07142857142857142,0.021772898401916645,0.611111111111111,0,True,False,False,False,False,True,False,False,True
407,0.9019607843137255,0.28125674334297185,0.7857142857142857,0.0751652054866651,0.5,1,True,False,False,False,True,False,False,False,True
408,0.4117647058823529,0.02835440852790126,0.8571428571428571,0.07931179738303978,0.5,1,False,True,False,False,False,True,False,True,False
409,0.43137254901960786,0.1731474688187821,0.9285714285714285,0.22000631861622305,0.4444444444444444,1,False,False,True,False,True,False,False,False,True
410,0.019607843137254943,0.043718441154891895,0.8928571428571428,0.06538451412474001,0.5,1,False,True,False,False,True,False,False,True,False
411,0.5098039215686275,0.21009019895559103,0.39285714285714285,0.03451544111839507,0.4444444444444444,1,True,False,False,False,True,False,False,False,True
412,0.8039215686274509,0.7628069569720771,0.9285714285714285,0.02765710975962931,0.0,1,True,False,False,False,False,True,False,True,False
413,0.019607843137254943,0.003927322946786932,0.6785714285714285,0.21836084564147118,0.8333333333333333,1,True,False,False,False,True,False,True,False,False
414,0.4901960784313726,0.2947650079841181,0.2142857142857143,0.019745675697022354,0.7222222222222221,0,False,True,False,False,True,False,False,True,False
415,0.3137254901960784,0.12619222303741745,0.8571428571428571,0.058434036279388146,0.6666666666666666,1,False,True,False,False,True,False,False,False,True
416,0.7647058823529412,0.46950930041862676,0.8214285714285714,0.021825553537108706,0.2777777777777778,1,True,False,False,False,False,True,False,True,False
417,0.6274509803921569,0.08100643045185793,0.25,0.15629360503383094,0.7222222222222221,1,False,True,False,False,False,True,True,False,False
418,0.1568627450980392,0.2434077079107505,0.2857142857142857,0.06772766764078668,0.38888888888888884,1,False,True,False,False,False,True,False,False,True
419,0.823529411764706,0.008329377238789867,0.4642857142857143,0.04554669194113156,0.9444444444444444,1,True,False,False,False,True,False,True,False,False
420,0.9215686274509803,0.052867808899054854,0.14285714285714285,0.04717900113208541,0.0,1,True,False,False,False,True,False,False,True,False
421,0.7450980392156864,0.008976738164084416,0.7142857142857143,0.20135323697443594,0.611111111111111,1,False,True,False,False,True,False,True,False,False
422,0.5490196078431373,0.4793923438781235,0.6428571428571428,0.08497222441618618,0.5555555555555555,1,False,True,False,False,False,True,False,True,False
423,0.8039215686274509,0.2198437702300289,0.7142857142857143,0.13325698338730485,0.6666666666666666,1,False,True,False,False,True,False,True,False,False
424,0.4901960784313726,0.24785291959777309,0.5357142857142857,0.23940973593449702,0.16666666666666666,1,False,True,False,False,True,False,False,False,True
425,0.6666666666666666,0.35993267446376936,0.8214285714285714,0.2443329910749546,0.2777777777777778,1,False,True,False,False,False,True,True,False,False
426,0.9607843137254902,0.011523024470242976,0.39285714285714285,0.04193981518047547,0.6666666666666666,0,False,True,False,False,True,False,False,True,False
427,0.47058823529411764,0.0630529541236891,0.7142857142857143,0.0,0.6666666666666666,1,False,False,True,False,True,False,False,True,False
428,0.4509803921568628,0.009537784299339692,0.10714285714285714,0.00265908432719901,0.2777777777777778,0,True,False,False,False,True,False,False,False,True
429,0.23529411764705888,0.030641750463941995,0.25,0.049811757891688395,0.16666666666666666,0,False,True,False,False,True,False,False,True,False
430,0.11764705882352944,0.03374908290535583,0.2142857142857143,0.23814601268988758,0.1111111111111111,0,False,True,False,False,False,True,True,False,False
431,0.6862745098039217,0.08199905053730956,0.5,0.033817760577100286,0.7777777777777777,0,True,False,False,False,False,True,True,False,False
432,0.8627450980392156,0.04048163652841915,0.17857142857142855,0.033593976252534026,0.5555555555555555,0,False,True,False,False,True,False,False,False,True
433,0.37254901960784315,0.01376720901126408,0.14285714285714285,0.03795118868967696,0.05555555555555555,0,True,False,False,False,True,False,False,False,True
434,0.0,0.02373656726080014,0.4642857142857143,0.09978148118895296,0.8888888888888888,1,False,False,True,False,False,True,False,True,False
435,0.13725490196078433,0.0206292348193863,0.7142857142857143,0.06075086222783877,0.05555555555555555,0,True,False,False,False,False,True,True,False,False
436,0.8823529411764707,0.46799879159293944,0.42857142857142855,0.13662691203959668,0.0,1,False,True,False,False,True,False,True,False,False
437,0.2941176470588236,0.18441154891890724,0.3214285714285714,0.2372640391754206,0.22222222222222224,0,True,False,False,False,False,True,False,True,False
438,0.2549019607843137,0.4446937982823357,0.6071428571428571,0.1181054682357897,0.8888888888888888,0,False,False,True,False,True,False,False,True,False
439,0.21568627450980393,0.07500755254412843,0.9999999999999999,0.02408972435036727,0.0,0,True,False,False,False,False,True,True,False,False
440,0.9803921568627451,0.04225108972422424,0.10714285714285714,0.2841666008477477,0.33333333333333326,1,True,False,False,False,False,True,False,True,False
441,0.43137254901960786,0.20728496827931467,0.25,0.03235658057552063,0.1111111111111111,0,False,True,False,False,False,True,False,False,True
442,0.27450980392156865,0.051141513098269385,0.8214285714285714,0.017099755153621356,0.8333333333333333,1,False,True,False,False,False,True,False,True,False
443,0.5294117647058824,0.04604894048595227,0.35714285714285715,0.009925492983703236,0.8333333333333333,0,True,False,False,False,True,False,False,True,False
444,0.6470588235294118,0.034266971645591476,0.5714285714285714,0.08727588658083879,0.611111111111111,1,False,False,True,False,False,True,False,True,False
445,0.019607843137254943,0.01799663372318847,0.6071428571428571,0.012716215148882395,0.4444444444444444,1,True,False,False,False,False,True,False,True,False
446,0.607843137254902,0.038366924172456955,0.7142857142857143,0.015730721638627806,0.7222222222222221,0,True,False,False,False,False,True,True,False,False
447,0.43137254901960786,0.05683828924086142,0.8571428571428571,0.037569438959534525,0.611111111111111,0,False,True,False,False,True,False,False,True,False
448,0.4117647058823529,0.14513831945103794,0.8928571428571428,0.03483137192954743,0.8333333333333333,1,False,True,False,False,False,True,True,False,False
449,0.9803921568627451,0.008372534633809502,0.35714285714285715,0.0976226206460785,0.8888888888888888,1,True,False,False,False,False,True,False,False,True
450,0.47058823529411764,0.030598593068922358,0.5357142857142857,0.17869836505805228,0.611111111111111,1,False,True,False,False,True,False,False,False,True
451,0.4117647058823529,0.21436278106253506,0.39285714285714285,0.1508832898928468,0.16666666666666666,0,True,False,False,False,True,False,False,True,False
452,0.4117647058823529,0.020586077424366665,0.42857142857142855,0.0320669773319643,0.8888888888888888,1,False,True,False,False,True,False,False,False,True
453,0.9411764705882354,0.0543351603297225,0.9285714285714285,0.02964484111312956,0.0,0,True,False,False,False,False,True,False,True,False
454,1.0,0.2589443701178197,0.5357142857142857,0.35544849011399837,0.8888888888888888,1,True,False,False,False,False,True,True,False,False
455,0.8039215686274509,0.02179448448491649,0.7857142857142857,0.0008688097306689836,0.5555555555555555,1,False,True,False,False,False,True,True,False,False
456,0.09803921568627455,0.011177765310085883,0.8928571428571428,0.2230339888897665,1.0,1,False,True,False,False,True,False,False,True,False
457,0.27450980392156865,0.08579690129903758,0.7142857142857143,0.023457862728062554,0.9444444444444444,1,True,False,False,False,False,True,False,False,True
458,0.823529411764706,0.04660998662120755,0.0,0.30991496195666485,0.05555555555555555,0,False,False,True,False,False,True,False,True,False
459,0.7058823529411765,0.10728928401881663,0.5357142857142857,0.04412500329094596,0.4444444444444444,0,True,False,False,False,True,False,True,False,False
460,0.6274509803921569,0.2108670320659445,0.5,0.0611326119579812,0.4444444444444444,1,False,True,False,False,True,False,False,True,False
461,0.13725490196078433,0.01911872599369902,0.17857142857142855,0.12932101203169838,0.611111111111111,1,False,True,False,False,True,False,False,False,True
462,0.8431372549019608,0.11251132881619265,0.39285714285714285,0.09329173577653162,0.6666666666666666,0,False,True,False,False,False,True,False,False,True
463,0.8431372549019608,0.09119157567649216,0.25,0.040294342205723616,0.8333333333333333,0,False,True,False,False,True,False,False,True,False
464,0.07843137254901966,0.020154503474170297,0.2142857142857143,0.0849853881999842,0.6666666666666666,1,True,False,False,False,True,False,True,False,False
465,0.7450980392156864,0.12662379698761383,0.03571428571428571,0.1381670747439644,0.7222222222222221,1,True,False,False,False,True,False,True,False,False
466,0.05882352941176472,0.08596953087911614,0.5,0.0,0.33333333333333326,0,False,False,False,True,True,False,True,False,False
467,0.09803921568627455,0.08661689180441069,0.7142857142857143,0.0011847405418213411,0.05555555555555555,1,False,True,False,False,True,False,True,False,False
468,0.8627450980392156,0.011134607915066246,0.4642857142857143,0.06451570439407103,0.611111111111111,0,False,True,False,False,True,False,True,False,False
469,0.607843137254902,0.08596953087911614,0.5,0.0,0.8888888888888888,0,False,False,False,True,True,False,False,True,False
470,1.0,0.047386819731561,0.35714285714285715,0.11495932390806414,0.22222222222222224,1,True,False,False,False,False,True,True,False,False
471,0.5686274509803921,0.22372793578179623,0.6785714285714285,0.025366611378774714,0.5,1,True,False,False,False,False,True,True,False,False
472,0.9019607843137255,0.007595701523456044,0.2857142857142857,0.0597240870915936,0.9444444444444444,0,False,True,False,False,False,True,True,False,False
473,0.6666666666666666,0.08596953087911614,0.5,0.0,0.1111111111111111,0,True,False,False,False,False,True,False,False,True
474,0.7647058823529412,0.07940960683613137,0.5714285714285714,0.08373482873917279,0.6666666666666666,1,False,True,False,False,False,True,False,True,False
475,1.0,0.1671485909110526,0.39285714285714285,0.012992654608640707,0.6666666666666666,1,False,True,False,False,False,True,False,True,False
476,0.2941176470588236,0.11056924604030902,0.17857142857142855,0.0024616275702287866,0.5,0,True,False,False,False,True,False,False,True,False
477,0.23529411764705888,0.14246256095982046,0.6428571428571428,0.005528789195166259,0.05555555555555555,1,True,False,False,False,False,True,False,True,False
478,0.9607843137254902,0.19429459237840405,0.35714285714285715,0.3248558565674117,0.8333333333333333,1,False,True,False,False,True,False,False,True,False
479,0.8039215686274509,0.2566138707867593,0.2857142857142857,0.016165126503962297,0.16666666666666666,0,False,True,False,False,True,False,False,False,True
480,0.5686274509803921,0.048767856372189375,0.7142857142857143,0.12980807203222494,1.0,1,False,True,False,False,False,True,False,True,False
481,0.3529411764705882,0.09999568426049804,0.9999999999999999,0.00741121027828239,0.22222222222222224,0,False,True,False,False,False,True,True,False,False
482,0.3137254901960784,0.23736567260800137,0.17857142857142855,0.01205802595898165,0.33333333333333326,1,True,False,False,False,False,True,False,True,False
483,0.3529411764705882,0.589314228993138,0.9285714285714285,0.07487560224310877,0.4444444444444444,1,False,False,True,False,False,True,True,False,False
484,0.5294117647058824,0.2852272236847784,0.8571428571428571,0.06584524655767054,0.22222222222222224,1,False,True,False,False,False,True,False,False,True
485,0.4901960784313726,0.0601182512623538,0.8571428571428571,0.31886633493931493,0.38888888888888884,1,False,True,False,False,False,True,False,True,False
486,0.7058823529411765,0.028095464157783436,0.8214285714285714,0.3051233446541874,0.05555555555555555,1,False,True,False,False,False,True,False,False,True
487,0.4901960784313726,0.08596953087911614,0.5,0.0,0.33333333333333326,1,False,False,False,True,True,False,False,False,True
488,0.43137254901960786,0.17521902377972468,0.5357142857142857,0.09704341415896585,0.16666666666666666,0,False,True,False,False,True,False,True,False,False
489,0.1568627450980392,0.08782529886496052,0.6785714285714285,0.06391017033936235,0.7777777777777777,0,True,False,False,False,True,False,False,True,False
490,0.21568627450980393,0.0854516421388805,0.5357142857142857,0.046376010320406495,0.9444444444444444,1,False,True,False,False,False,True,True,False,False
491,0.0,0.23585516378231408,0.17857142857142855,0.30952004844272435,0.05555555555555555,0,True,False,False,False,True,False,False,False,True
492,0.0,0.058046696301411245,0.14285714285714285,0.0,0.7222222222222221,1,False,False,True,False,True,False,False,True,False
493,0.9019607843137255,0.2543696862457382,0.7142857142857143,0.09111971144985914,0.5,1,False,False,True,False,True,False,True,False,False
494,0.6470588235294118,0.06762763799577058,0.10714285714285714,0.027788747597609458,0.22222222222222224,0,False,False,True,False,True,False,False,True,False
495,0.607843137254902,0.05152992965344612,0.03571428571428571,0.005041729194639707,0.611111111111111,0,True,False,False,False,False,True,False,True,False
496,0.9215686274509803,0.07833067196064045,0.9642857142857143,0.3058078614116842,0.5,1,False,False,True,False,False,True,False,False,True
497,0.47058823529411764,0.18609468732467307,0.17857142857142855,0.03964931679962089,0.9444444444444444,0,False,True,False,False,False,True,True,False,False
498,0.7647058823529412,0.08596953087911614,0.5,0.0,0.2777777777777778,1,False,False,False,True,True,False,False,True,False
499,0.8627450980392156,0.028311251132881618,0.9642857142857143,0.012821525419266514,0.611111111111111,0,False,True,False,False,False,True,True,False,False
500,0.0,0.39165335980320226,0.5714285714285714,0.19098017534160022,0.0,1,True,False,False,False,False,True,False,True,False
501,0.2941176470588236,0.0249881317163696,0.4642857142857143,0.002948687570755338,0.33333333333333326,0,False,False,True,False,False,True,False,True,False
502,0.7450980392156864,0.08596953087911614,0.5,0.0,0.611111111111111,1,False,False,False,True,True,False,True,False,False
503,0.07843137254901966,0.11212291226101592,0.75,0.015915014611800015,0.33333333333333326,1,True,False,False,False,True,False,True,False,False
504,0.4117647058823529,0.08709162314962669,0.6428571428571428,0.22920780349103548,0.4444444444444444,1,True,False,False,False,True,False,False,True,False
505,0.5490196078431373,0.13400371153597168,0.0,0.13779848879762,0.7777777777777777,1,False,False,True,False,False,True,False,True,False
506,0.03921568627450983,0.03379224030037547,0.9999999999999999,0.018942684885343446,0.611111111111111,1,True,False,False,False,False,True,True,False,False
507,0.21568627450980393,0.10413879418238314,0.6785714285714285,0.08785509306795145,0.6666666666666666,1,False,False,True,False,False,True,False,False,True
508,0.4901960784313726,0.06024772344741272,0.8571428571428571,0.03947818761024669,0.16666666666666666,0,False,True,False,False,False,True,False,False,True
509,0.2941176470588236,0.14030469120883862,0.5,0.020667140562883393,0.5,1,False,True,False,False,True,False,False,True,False
510,0.9803921568627451,0.019722929523973934,0.6071428571428571,0.20643445752046968,0.1111111111111111,1,True,False,False,False,True,False,True,False,False
511,0.7058823529411765,0.10953346855983773,0.07142857142857142,0.054419082220993606,0.22222222222222224,0,False,True,False,False,False,True,False,False,True
512,0.4117647058823529,0.02654179793707652,0.6071428571428571,0.05353710870652661,0.16666666666666666,0,False,True,False,False,True,False,True,False,False
513,0.5490196078431373,0.042294247119243886,0.03571428571428571,0.019614037859042203,1.0,0,True,False,False,False,False,True,False,False,True
514,0.2549019607843137,0.031936472314531096,0.3214285714285714,0.05086486059552958,0.7777777777777777,0,True,False,False,False,False,True,False,False,True
515,0.5294117647058824,0.026153381381899786,0.35714285714285715,0.2161756575310007,0.33333333333333326,0,True,False,False,False,False,True,False,True,False
516,0.07843137254901966,0.2261879072979155,0.9285714285714285,0.047521259510833795,0.1111111111111111,1,False,True,False,False,True,False,False,True,False
517,0.9019607843137255,0.043545811574813346,0.8214285714285714,0.318918990074507,0.8333333333333333,1,True,False,False,False,False,True,False,True,False
518,0.9411764705882354,0.33908765266928487,0.07142857142857142,0.30797988573835666,0.7777777777777777,0,False,True,False,False,False,True,False,True,False
519,0.5686274509803921,0.45367053644642014,0.2142857142857143,0.016481057315114657,0.9444444444444444,1,False,True,False,False,False,True,False,False,True
520,0.8823529411764707,0.10966294074489664,0.25,0.020548666508701262,0.1111111111111111,0,True,False,False,False,False,True,False,False,True
521,1.0,0.019981873894091753,0.6428571428571428,0.2090803780638707,0.7222222222222221,0,False,True,False,False,False,True,False,True,False
522,0.07843137254901966,0.06076561218764835,0.6071428571428571,0.052536661137877465,0.0,0,False,True,False,False,True,False,True,False,False
523,0.21568627450980393,0.20689655172413793,0.42857142857142855,0.0004607324329305215,0.33333333333333326,1,True,False,False,False,False,True,True,False,False
524,0.2941176470588236,0.05929826075698071,0.42857142857142855,0.03369928652291815,0.05555555555555555,0,False,True,False,False,False,True,False,True,False
525,0.4901960784313726,0.011781968840360795,0.8214285714285714,0.09587183740094253,0.5,1,False,False,True,False,True,False,True,False,False
526,0.4901960784313726,0.10534720124293298,0.6428571428571428,0.16910196666929944,0.8333333333333333,0,True,False,False,False,True,False,False,False,True
527,0.9215686274509803,0.24146562513486688,0.7857142857142857,0.015072532448727062,0.611111111111111,1,False,False,True,False,True,False,False,True,False
528,0.3921568627450981,0.20577445945362738,0.39285714285714285,0.012334465418739962,0.9444444444444444,1,False,True,False,False,False,True,False,True,False
529,0.7450980392156864,0.024944974321349966,0.5714285714285714,0.2687781375878683,0.2777777777777778,0,True,False,False,False,False,True,False,True,False
530,0.6862745098039217,0.1446204307108023,0.9642857142857143,0.1464734223205118,0.8888888888888888,1,False,True,False,False,True,False,False,True,False
531,0.6274509803921569,0.08596953087911614,0.5,0.0,0.38888888888888884,1,True,False,False,False,False,True,False,True,False
532,0.5686274509803921,0.03185015752449182,0.39285714285714285,0.15439802016691678,0.4444444444444444,1,False,True,False,False,False,True,True,False,False
533,0.7058823529411765,0.26826636744206117,0.9642857142857143,0.058986915198904775,1.0,1,False,True,False,False,True,False,True,False,False
534,0.43137254901960786,0.03720167450692676,0.42857142857142855,0.14961956664823736,0.05555555555555555,0,False,False,True,False,True,False,False,False,True
535,0.17647058823529416,0.03957533123300677,0.8571428571428571,0.048956111944817415,0.33333333333333326,1,False,True,False,False,True,False,False,True,False
536,0.07843137254901966,8.631479003927323e-05,0.39285714285714285,0.029473711923755367,0.5555555555555555,1,False,True,False,False,False,True,False,True,False
537,0.6862745098039217,0.26481377584049026,0.6428571428571428,0.13749572177026564,0.6666666666666666,1,False,True,False,False,True,False,False,False,True
538,0.6470588235294118,0.20365974709766518,0.4642857142857143,0.05730195087275887,0.5,1,True,False,False,False,False,True,False,False,True
539,1.0,0.127789046653144,0.2142857142857143,0.4194902982913409,0.7777777777777777,1,False,True,False,False,False,True,False,True,False
540,0.5882352941176471,0.17962107807172759,0.42857142857142855,0.04528341626517126,0.33333333333333326,1,False,True,False,False,False,True,False,True,False
541,0.17647058823529416,0.021362910534720125,0.17857142857142855,0.2682779138035437,0.2777777777777778,0,False,True,False,False,True,False,False,False,True
542,0.3529411764705882,0.07936644944111174,0.8214285714285714,0.28460100571308217,0.611111111111111,1,True,False,False,False,False,True,False,True,False
543,0.607843137254902,0.05601829873548833,0.6428571428571428,0.029157781112603004,0.1111111111111111,1,True,False,False,False,False,True,False,True,False
544,0.0,0.012731431530792802,0.6428571428571428,0.16856225153358084,0.8333333333333333,0,False,True,False,False,True,False,True,False,False
545,0.07843137254901966,0.08618531785421431,0.10714285714285714,0.05976357844298765,0.4444444444444444,0,False,True,False,False,True,False,False,True,False
546,0.8627450980392156,0.32821198912433647,0.6428571428571428,0.2627754521759735,0.5,1,False,True,False,False,False,True,False,True,False
547,0.05882352941176472,0.005308359587415303,0.2857142857142857,0.0629887054735013,0.6666666666666666,0,False,True,False,False,False,True,True,False,False
548,0.2941176470588236,0.04462474645030426,0.5357142857142857,0.14361688123634256,0.38888888888888884,1,False,True,False,False,True,False,False,False,True
549,0.4509803921568628,0.03012386172370636,0.9285714285714285,0.066253323855409,0.2777777777777778,0,False,True,False,False,False,True,False,False,True
550,0.2941176470588236,0.03521643433602348,0.10714285714285714,0.027222704894294816,0.1111111111111111,1,True,False,False,False,False,True,False,False,True
551,0.019607843137254943,0.3095248370808338,0.17857142857142855,0.02341837137666851,0.611111111111111,0,False,False,True,False,False,True,False,True,False
552,0.9411764705882354,0.08174010616719175,0.25,0.058355053576600056,0.4444444444444444,0,False,True,False,False,True,False,False,True,False
553,0.5294117647058824,0.08130853221699538,0.9285714285714285,0.14832951583603193,0.4444444444444444,1,True,False,False,False,False,True,False,False,True
554,0.607843137254902,0.18510206723922143,0.9999999999999999,0.0,0.5555555555555555,0,True,False,False,False,True,False,True,False,False
555,0.5098039215686275,0.021708169694877218,0.8214285714285714,0.1228707579706711,0.2777777777777778,0,True,False,False,False,False,True,False,True,False
556,0.37254901960784315,0.08648741961935177,0.5357142857142857,0.03493668219993155,0.05555555555555555,1,False,False,True,False,False,True,False,True,False
557,0.4509803921568628,0.07276336800310733,0.14285714285714285,0.06916252007477029,0.33333333333333326,0,False,True,False,False,True,False,False,True,False
558,0.21568627450980393,0.11764705882352942,0.7142857142857143,0.0047784535186794095,0.4444444444444444,0,False,True,False,False,False,True,True,False,False
559,0.9607843137254902,1.0,0.75,0.1791459337071848,1.0,1,True,False,False,False,True,False,False,True,False
560,0.6666666666666666,0.1899788528764404,0.3214285714285714,0.4838480372798357,0.9444444444444444,1,False,True,False,False,False,True,False,False,True
561,0.6274509803921569,0.06568555521988693,0.7857142857142857,0.05501145249190427,0.611111111111111,0,False,True,False,False,True,False,False,True,False
562,0.6274509803921569,0.22756894393854385,0.42857142857142855,0.0011584129742253113,0.5555555555555555,0,False,True,False,False,False,True,False,False,True
563,0.9803921568627451,0.024254456001035776,0.9999999999999999,0.01960087407524419,0.5,0,False,True,False,False,True,False,False,False,True
564,0.823529411764706,0.0040136377368262055,0.8928571428571428,0.11132611957981202,0.1111111111111111,0,True,False,False,False,False,True,True,False,False
565,0.7058823529411765,0.02960597298347072,0.4642857142857143,0.0997288260537609,0.611111111111111,1,False,True,False,False,False,True,True,False,False
566,0.21568627450980393,0.0538604289845065,0.2142857142857143,0.16328357423057685,0.16666666666666666,0,False,True,False,False,False,True,True,False,False
567,0.03921568627450983,0.0925294549221009,0.9999999999999999,0.030842745438748913,0.5,1,False,True,False,False,True,False,False,True,False
568,0.0,0.1236459367312589,0.6785714285714285,0.15189690124529395,0.05555555555555555,1,False,True,False,False,False,True,False,True,False
569,0.6274509803921569,0.31263216952224765,0.17857142857142855,0.12266013742990287,0.611111111111111,1,False,False,True,False,True,False,True,False,False
570,0.7647058823529412,0.09231366794700271,0.2142857142857143,0.041044677882210466,0.5555555555555555,1,False,True,False,False,False,True,True,False,False
571,0.17647058823529416,0.09006948340598162,0.14285714285714285,0.083037148197878,0.7222222222222221,1,False,False,True,False,False,True,True,False,False
572,0.823529411764706,0.006689396228043675,0.7142857142857143,0.016783824342469,0.7777777777777777,1,True,False,False,False,False,True,True,False,False
573,0.8431372549019608,0.004617841267101118,0.6071428571428571,0.06344943790643183,0.7222222222222221,1,True,False,False,False,False,True,True,False,False
574,0.5490196078431373,0.10370722023218679,0.7857142857142857,0.22433720348576994,0.611111111111111,1,False,True,False,False,True,False,True,False,False
575,0.23529411764705888,0.07466229338397135,0.39285714285714285,0.05757839033251718,0.05555555555555555,0,False,True,False,False,False,True,True,False,False
576,0.21568627450980393,0.23658883949764792,0.17857142857142855,0.19270463101914012,0.05555555555555555,1,False,False,True,False,True,False,True,False,False
577,0.5882352941176471,0.022657632385309222,0.9285714285714285,0.09396308875023036,0.0,1,False,False,True,False,False,True,False,False,True
578,0.8823529411764707,0.003279962021492383,0.0,0.022431087591817393,0.7777777777777777,1,False,True,False,False,False,True,True,False,False
579,0.019607843137254943,0.07716542229511027,0.10714285714285714,0.09163309901798172,0.5,0,False,True,False,False,False,True,True,False,False
580,0.9803921568627451,0.035086962150964573,0.6428571428571428,0.07425690440460206,0.0,1,False,True,False,False,False,True,True,False,False
581,0.9607843137254902,0.006603081438004402,0.39285714285714285,0.05356343627412263,0.0,0,False,False,True,False,True,False,True,False,False
582,0.6666666666666666,0.16697596133097406,0.5,0.013413895690177185,0.0,0,False,True,False,False,False,True,True,False,False
583,0.43137254901960786,0.015320875231970997,0.07142857142857142,0.05677539952083827,0.5555555555555555,0,True,False,False,False,True,False,False,True,False
584,0.3137254901960784,0.12135859479521817,0.7857142857142857,0.007950925414001001,0.611111111111111,0,True,False,False,False,False,True,False,False,True
585,0.4901960784313726,0.04272582106944025,0.9285714285714285,0.010952268119948398,0.7777777777777777,0,True,False,False,False,False,True,False,True,False
586,0.13725490196078433,0.024686029951232143,0.9642857142857143,0.05663059789906011,0.7222222222222221,0,True,False,False,False,True,False,False,True,False
587,0.5490196078431373,0.06184454706313927,0.8928571428571428,0.03837242977121343,0.0,1,False,True,False,False,True,False,False,True,False
588,0.4901960784313726,0.20931336584523758,0.6785714285714285,0.27354342732274967,0.0,1,False,False,True,False,True,False,False,True,False
589,0.17647058823529416,0.06443399076431747,0.9642857142857143,0.04961430113471816,0.2777777777777778,0,True,False,False,False,False,True,False,False,True
590,0.4901960784313726,0.08596953087911614,0.5,0.0,0.1111111111111111,0,False,False,False,True,True,False,True,False,False
591,0.6470588235294118,0.017349272797893917,0.35714285714285715,0.07956190927520206,0.7222222222222221,0,False,True,False,False,False,True,False,False,True
592,0.9803921568627451,0.19183462086228475,0.5357142857142857,0.12822841797646314,0.2777777777777778,0,True,False,False,False,False,True,False,True,False
593,0.7843137254901961,0.03500064736092529,0.2857142857142857,0.031724718953215915,0.38888888888888884,0,False,True,False,False,True,False,False,True,False
594,0.11764705882352944,0.14647619869664666,0.07142857142857142,0.29967353816180925,0.7777777777777777,1,False,True,False,False,False,True,False,True,False
595,0.05882352941176472,0.10802295973415045,0.14285714285714285,0.07953558170760604,0.8888888888888888,1,True,False,False,False,False,True,True,False,False
596,0.9607843137254902,0.34271287385093435,0.6785714285714285,0.18742595371613616,0.4444444444444444,1,True,False,False,False,True,False,False,False,True
597,0.8627450980392156,0.06344137067886582,0.4642857142857143,0.047837190321986155,0.8333333333333333,0,True,False,False,False,False,True,True,False,False
598,0.1960784313725491,0.008847265979025505,0.9642857142857143,0.01112339730932259,0.0,0,False,True,False,False,True,False,False,True,False
599,0.5490196078431373,0.0025031289111389233,0.8928571428571428,0.1179475028302135,0.8333333333333333,0,True,False,False,False,True,False,False,False,True
600,0.6862745098039217,0.22705105519830823,0.5,0.0008161545954769239,1.0,0,False,True,False,False,False,True,False,True,False
601,0.47058823529411764,0.09632730568382893,0.17857142857142855,0.06791196061395888,0.4444444444444444,1,True,False,False,False,False,True,True,False,False
602,0.3921568627450981,0.19325881489793276,0.9285714285714285,0.022549561645999524,0.8888888888888888,1,False,True,False,False,False,True,True,False,False
603,0.6862745098039217,0.03456907341072893,0.8928571428571428,0.10395440065292368,0.2777777777777778,1,True,False,False,False,False,True,False,True,False
604,0.17647058823529416,0.0548098916749385,0.10714285714285714,0.40895927125292897,0.7222222222222221,0,True,False,False,False,False,True,False,True,False
605,0.7058823529411765,0.0039704803418065685,0.25,0.06575310007108444,0.9444444444444444,0,False,True,False,False,True,False,False,True,False
606,0.1568627450980392,0.4216909067368693,0.6428571428571428,0.1791327699233868,0.7222222222222221,1,False,True,False,False,True,False,False,False,True
607,0.4509803921568628,0.1427215053299383,0.9285714285714285,0.07465181791854252,0.33333333333333326,0,True,False,False,False,True,False,True,False,False
608,0.6666666666666666,0.35035173276941006,0.14285714285714285,0.07212437142932364,0.5,1,True,False,False,False,False,True,False,False,True
609,0.9411764705882354,0.039963747788183505,0.42857142857142855,0.2806913619250717,0.8333333333333333,1,True,False,False,False,False,True,True,False,False
610,0.6666666666666666,0.12239437227568943,0.5357142857142857,0.2324197667377511,0.33333333333333326,1,True,False,False,False,True,False,True,False,False
611,0.9215686274509803,0.14690777264684304,0.0,0.1622699628781297,0.2777777777777778,1,False,True,False,False,True,False,True,False,False
612,0.6862745098039217,0.04945837469250356,0.42857142857142855,0.037003396256219886,0.2777777777777778,0,False,True,False,False,False,True,False,False,True
613,0.33333333333333337,0.2440119114410254,0.75,0.08293183792749388,0.33333333333333326,1,False,True,False,False,True,False,False,True,False
614,0.9411764705882354,0.3807345388632342,0.35714285714285715,0.026696153542374222,0.8888888888888888,1,False,True,False,False,False,True,False,True,False
615,0.7450980392156864,0.2798757067023434,0.7142857142857143,0.061803964931679965,0.38888888888888884,1,True,False,False,False,False,True,True,False,False
616,0.607843137254902,0.17392430192913555,0.25,0.06971539899428691,0.05555555555555555,1,False,True,False,False,False,True,False,False,True
617,0.4509803921568628,0.0420784601441457,0.8571428571428571,0.1876234104731064,1.0,1,False,False,True,False,True,False,False,False,True
618,0.43137254901960786,0.04281213585947952,0.25,0.23838296079825186,0.33333333333333326,0,True,False,False,False,False,True,True,False,False
619,0.607843137254902,0.4281213585947952,0.8214285714285714,0.056393649790695846,0.611111111111111,1,False,False,True,False,True,False,False,True,False
620,0.7058823529411765,0.001337879245608735,0.9642857142857143,0.001882421083116131,0.1111111111111111,0,False,False,True,False,False,True,False,True,False
621,0.21568627450980393,0.1630054809891675,0.4642857142857143,0.20839586130637391,0.16666666666666666,1,False,True,False,False,True,False,False,False,True
622,0.9411764705882354,0.15860342669716457,0.42857142857142855,0.02016691677855883,0.5555555555555555,1,True,False,False,False,False,True,True,False,False
623,0.23529411764705888,0.12619222303741745,0.07142857142857142,0.10241423794855593,0.611111111111111,0,False,True,False,False,False,True,False,True,False
624,0.43137254901960786,0.5976436062319278,0.10714285714285714,0.00265908432719901,1.0,1,False,True,False,False,True,False,False,False,True
625,0.47058823529411764,0.04837943981701265,0.9285714285714285,0.0537082378959008,1.0,1,True,False,False,False,False,True,False,True,False
626,0.6666666666666666,0.053774114194467225,0.6785714285714285,0.44924044967485455,0.5555555555555555,1,False,True,False,False,False,True,True,False,False
627,0.7843137254901961,0.010659876569850246,0.5,0.0,0.6666666666666666,0,False,False,True,False,True,False,True,False,False
628,0.5686274509803921,0.07569807086444262,0.5,0.058039122765447704,0.0,0,True,False,False,False,True,False,False,True,False
629,0.3137254901960784,0.039186914677830045,0.9285714285714285,0.03864886923097175,0.2777777777777778,0,True,False,False,False,False,True,False,True,False
630,0.9411764705882354,0.054464632514781404,0.7142857142857143,0.2479793591870047,0.8333333333333333,1,False,True,False,False,False,True,False,True,False
631,0.37254901960784315,0.23296361831599843,0.42857142857142855,0.2143195640154806,0.05555555555555555,1,True,False,False,False,False,True,True,False,False
632,0.9215686274509803,0.3548832592464719,0.2857142857142857,0.028578574625490353,0.7222222222222221,1,False,True,False,False,False,True,True,False,False
633,0.47058823529411764,0.026584955332096157,0.9642857142857143,0.008911881631256087,0.9444444444444444,0,True,False,False,False,False,True,False,True,False
634,0.4117647058823529,0.08596953087911614,0.8571428571428571,0.0,0.8888888888888888,0,False,True,False,False,False,True,False,False,True
635,0.23529411764705888,0.341806568555522,0.3214285714285714,0.04317721085748887,0.9444444444444444,1,True,False,False,False,False,True,False,True,False
636,0.3529411764705882,0.008243062448750593,0.9999999999999999,0.11742095147829293,1.0,1,False,True,False,False,True,False,False,True,False
637,0.9411764705882354,0.012558801950714255,0.39285714285714285,0.0034357475712818893,0.7777777777777777,1,False,True,False,False,False,True,False,True,False
638,0.6862745098039217,0.023002891545466315,0.4642857142857143,0.015072532448727062,0.05555555555555555,0,False,True,False,False,True,False,False,True,False
639,0.21568627450980393,0.11708601268827414,0.0,0.12210725851038623,0.16666666666666666,0,False,True,False,False,True,False,False,False,True
640,0.7843137254901961,0.021103966164602302,0.4642857142857143,0.025142827054208464,0.0,1,True,False,False,False,False,True,False,True,False
641,0.3529411764705882,0.44594536273790514,0.4642857142857143,0.20524971697864833,0.38888888888888884,1,False,True,False,False,False,True,True,False,False
642,0.21568627450980393,0.07664753355487464,0.25,0.006358107574441198,0.7222222222222221,0,False,True,False,False,True,False,False,False,True
643,0.1568627450980392,0.08596953087911614,0.5,0.0,0.5555555555555555,1,False,False,False,True,True,False,True,False,False
644,0.11764705882352944,0.036683785766691124,0.4642857142857143,0.6890714266908881,0.7222222222222221,1,False,True,False,False,False,True,False,True,False
645,0.5294117647058824,0.08243062448750595,0.0,0.05976357844298765,0.8333333333333333,0,False,True,False,False,False,True,False,False,True
646,0.2549019607843137,0.1403910059988779,0.5357142857142857,0.1278335044625227,0.5,1,True,False,False,False,False,True,True,False,False
647,0.5882352941176471,0.1800958094169436,0.6071428571428571,0.02124634704999605,0.33333333333333326,1,False,True,False,False,False,True,False,True,False
648,1.0,0.18152000345259162,0.2142857142857143,0.0991232919990522,0.8333333333333333,1,False,True,False,False,True,False,True,False,False
649,0.3529411764705882,0.11164818091579992,0.5,0.13637680014743436,0.16666666666666666,0,False,True,False,False,True,False,False,False,True
650,0.9019607843137255,0.3038712183332614,0.8214285714285714,0.03976779085380302,0.611111111111111,1,False,True,False,False,True,False,True,False,False
651,0.2941176470588236,0.22018902939018603,0.5714285714285714,0.18592528236316247,0.611111111111111,1,True,False,False,False,True,False,True,False,False
652,0.07843137254901966,0.18320314185835745,0.6428571428571428,0.09739883632151225,0.05555555555555555,1,False,True,False,False,False,True,False,False,True
653,0.6666666666666666,0.0074230719433774975,0.7857142857142857,0.05190479951557276,0.2777777777777778,0,True,False,False,False,True,False,True,False,False
654,0.21568627450980393,0.08596953087911614,0.42857142857142855,0.0,0.7777777777777777,1,False,True,False,False,True,False,False,True,False
655,0.47058823529411764,0.030900694834059817,0.2857142857142857,0.09055366874654451,0.7777777777777777,1,False,True,False,False,False,True,False,True,False
656,1.0,0.08596953087911614,0.5,0.0,0.8333333333333333,1,False,False,False,True,True,False,True,False,False
657,0.3921568627450981,0.06857710068620258,0.8214285714285714,0.054274280599215435,0.1111111111111111,0,True,False,False,False,False,True,False,True,False
658,0.6862745098039217,0.06667817530533857,0.5,0.0,0.0,1,False,False,True,False,False,True,False,False,True
659,0.43137254901960786,0.279573604937206,0.8571428571428571,0.05395834978806308,0.611111111111111,0,True,False,False,False,True,False,True,False,False
660,0.2941176470588236,0.292520823443097,0.8928571428571428,0.1507779796224627,0.7777777777777777,1,False,False,True,False,False,True,True,False,False
661,0.7450980392156864,0.31056061456130507,0.07142857142857142,0.06938630439933655,1.0,1,False,True,False,False,True,False,True,False,False
662,0.8627450980392156,0.048767856372189375,0.8214285714285714,0.29684332464523605,0.2777777777777778,1,False,True,False,False,False,True,True,False,False
663,0.8039215686274509,0.15208666004919943,0.0,0.03660848274227944,1.0,0,False,True,False,False,False,True,False,True,False
664,0.7450980392156864,0.04104268266367442,0.5357142857142857,0.05659110654766607,0.8888888888888888,0,False,True,False,False,False,True,False,True,False
665,0.2549019607843137,0.027361788442449613,0.25,0.16283600558144434,0.4444444444444444,0,False,True,False,False,False,True,True,False,False
666,0.5882352941176471,0.02641232575201761,0.9999999999999999,0.08316878603585814,0.6666666666666666,1,False,True,False,False,False,True,False,False,True
667,0.07843137254901966,0.05420568814466359,0.7857142857142857,0.0833925703604244,0.7777777777777777,0,False,True,False,False,False,True,True,False,False
668,0.6666666666666666,0.07276336800310733,0.42857142857142855,0.0057789010873285414,0.8333333333333333,0,False,True,False,False,True,False,False,True,False
669,0.43137254901960786,0.23015838763972205,0.25,0.05355027249032462,0.6666666666666666,1,False,True,False,False,False,True,False,True,False
670,0.5490196078431373,0.016529282292520823,0.5714285714285714,0.03325171787378564,0.05555555555555555,0,False,True,False,False,True,False,False,False,True
671,0.823529411764706,0.17189590436321264,0.75,0.7704367743464181,0.05555555555555555,1,False,False,True,False,False,True,False,False,True
672,0.1960784313725491,0.09813991627465365,0.7857142857142857,0.03881999842034594,0.5555555555555555,1,False,True,False,False,True,False,False,True,False
673,0.33333333333333337,0.04397738552500971,0.4642857142857143,0.22731221862412132,0.8333333333333333,1,True,False,False,False,True,False,True,False,False
674,0.9019607843137255,0.08791161365499979,0.9285714285714285,0.11876365742569044,0.8888888888888888,1,True,False,False,False,False,True,True,False,False
675,0.21568627450980393,0.04617841267101117,0.7142857142857143,0.0439012189663797,0.1111111111111111,0,False,True,False,False,True,False,True,False,False
676,0.1568627450980392,0.11738811445341159,0.7142857142857143,0.08258957954874549,0.0,1,False,True,False,False,False,True,False,False,True
677,0.17647058823529416,0.0736696732985197,0.2142857142857143,0.0,0.9444444444444444,0,False,True,False,False,True,False,False,True,False
678,0.8431372549019608,0.023261835915584134,0.9285714285714285,0.22628544348787616,0.7222222222222221,0,True,False,False,False,False,True,True,False,False
679,0.3137254901960784,0.016054550947304822,0.5,0.01841613353342285,0.4444444444444444,0,False,True,False,False,False,True,False,True,False
680,0.7254901960784313,0.10245565577661732,0.5357142857142857,0.04369059842561145,0.4444444444444444,1,False,True,False,False,False,True,False,True,False
681,0.11764705882352944,0.3012817746320832,0.6428571428571428,0.04299291788431667,0.611111111111111,0,False,True,False,False,True,False,True,False,False
682,0.8823529411764707,0.08596953087911614,0.5,0.0,0.1111111111111111,0,False,False,True,False,True,False,False,True,False
683,0.23529411764705888,0.17098959906780026,0.7857142857142857,0.09602980280651871,0.05555555555555555,1,False,True,False,False,False,True,True,False,False
684,0.7647058823529412,0.13918259893832807,0.0,0.20322249427375405,0.0,0,True,False,False,False,True,False,False,True,False
685,0.8039215686274509,0.34720124293297655,0.39285714285714285,0.0506147487033673,0.4444444444444444,1,False,True,False,False,True,False,True,False,False
686,0.1568627450980392,0.22273531569634455,0.6071428571428571,0.14187926177500462,0.6666666666666666,1,False,False,True,False,False,True,False,True,False
687,0.9607843137254902,0.10823874670924863,0.5357142857142857,0.1040465471395098,0.8333333333333333,1,True,False,False,False,False,True,True,False,False
688,0.5098039215686275,0.13853523801303355,0.39285714285714285,0.04960113735092015,1.0,0,False,True,False,False,True,False,True,False,False
689,0.019607843137254943,0.29605972983470713,0.6785714285714285,0.01600716109838612,0.5,1,False,False,True,False,True,False,False,False,True
690,0.07843137254901966,0.06603081438004402,0.42857142857142855,0.1301108390595793,0.22222222222222224,0,True,False,False,False,True,False,False,False,True
691,0.5490196078431373,0.05122782788830866,0.25,0.20303820130058187,0.7222222222222221,1,False,True,False,False,False,True,False,True,False
692,0.7058823529411765,0.08596953087911614,0.9285714285714285,0.0,0.7777777777777777,0,False,True,False,False,True,False,False,True,False
693,0.7254901960784313,0.22683526822321007,0.9999999999999999,0.0018955848669141458,0.1111111111111111,1,True,False,False,False,False,True,True,False,False
694,0.3529411764705882,0.20901126408010012,0.8928571428571428,0.02565621462233104,0.4444444444444444,0,True,False,False,False,True,False,True,False,False
695,0.13725490196078433,0.01428509775149972,0.75,0.007582339467656583,0.0,0,True,False,False,False,True,False,False,True,False
696,0.9215686274509803,0.11134607915066247,0.0,0.08897401469078273,0.0,1,True,False,False,False,False,True,False,True,False
697,0.8627450980392156,0.08074748608174011,0.8928571428571428,0.1487507569175684,1.0,0,True,False,False,False,True,False,True,False,False
698,0.0,0.016356652712442278,0.7142857142857143,0.012334465418739962,0.2777777777777778,1,False,True,False,False,False,True,False,False,True
699,0.4117647058823529,0.5102498813171638,0.2142857142857143,0.19190164020746123,0.5555555555555555,1,True,False,False,False,False,True,False,False,True
700,1.0,0.03128911138923655,0.5,0.08539346549772267,0.9444444444444444,0,False,True,False,False,True,False,False,True,False
701,0.3137254901960784,0.009019895559104051,0.9999999999999999,0.12333149040360161,0.7222222222222221,0,False,False,True,False,False,True,False,True,False
702,0.11764705882352944,0.11695654050321523,0.75,0.37431219229655377,0.8333333333333333,1,True,False,False,False,True,False,False,True,False
703,0.47058823529411764,0.1738379871390963,0.42857142857142855,0.009201484874812416,0.0,0,True,False,False,False,True,False,True,False,False
704,0.8627450980392156,0.004272582106944024,0.42857142857142855,0.24378011215543796,0.5,1,False,True,False,False,True,False,False,False,True
705,0.05882352941176472,0.13918259893832807,0.9642857142857143,0.014190558934260062,0.5,0,False,True,False,False,False,True,False,False,True
706,0.6862745098039217,0.08596953087911614,0.5,0.0,0.6666666666666666,0,False,False,False,True,True,False,True,False,False
707,0.09803921568627455,0.014112468171421174,0.8214285714285714,0.2008003580549193,0.0,1,True,False,False,False,False,True,False,True,False
708,0.5882352941176471,0.024513400371153595,0.5,0.2492825737830082,0.1111111111111111,1,True,False,False,False,False,True,False,True,False
709,0.3529411764705882,0.108670320659445,0.10714285714285714,0.07434905089118816,0.7222222222222221,1,False,True,False,False,True,False,False,False,True
710,0.8431372549019608,0.045487894350696986,0.42857142857142855,0.09495037253508148,0.8333333333333333,1,True,False,False,False,False,True,False,True,False
711,0.7450980392156864,0.36066635017910315,0.9285714285714285,0.1296895979780428,0.2777777777777778,1,True,False,False,False,False,True,False,True,False
712,0.5098039215686275,0.08596953087911614,0.5,0.0,0.0,0,False,False,False,True,True,False,True,False,False
713,0.17647058823529416,0.5319148936170213,0.14285714285714285,0.013637680014743437,0.22222222222222224,0,False,True,False,False,False,True,True,False,False
714,0.4901960784313726,0.03892797030771222,0.2142857142857143,0.17493352289182001,0.38888888888888884,0,True,False,False,False,False,True,False,False,True
715,0.3529411764705882,0.45280738854602737,0.25,0.06912302872337625,0.611111111111111,1,True,False,False,False,True,False,False,True,False
716,0.7450980392156864,0.07306546976824478,0.14285714285714285,0.0630808519600874,0.0,0,True,False,False,False,False,True,True,False,False
717,0.03921568627450983,0.05528462302015451,0.2857142857142857,0.058078614116841745,0.6666666666666666,0,True,False,False,False,False,True,True,False,False
718,0.8627450980392156,0.006689396228043675,0.4642857142857143,0.07495458494589685,0.4444444444444444,1,False,False,True,False,False,True,False,False,True
719,0.23529411764705888,0.0070346553882007674,0.8928571428571428,0.3055445857357239,0.38888888888888884,1,False,True,False,False,False,True,False,False,True
720,0.9607843137254902,0.15247507660437615,0.39285714285714285,0.08366900982018272,0.6666666666666666,1,False,True,False,False,False,True,False,False,True
721,0.5294117647058824,0.07928013465107246,0.10714285714285714,0.32239422899718295,0.05555555555555555,0,False,True,False,False,False,True,False,True,False
722,0.37254901960784315,0.03327435156013983,0.6785714285714285,0.020930416238843695,0.7777777777777777,0,False,True,False,False,False,True,False,False,True
723,0.5294117647058824,0.12325752017608217,0.9999999999999999,0.13562646447094753,0.7222222222222221,0,False,True,False,False,True,False,True,False,False
724,0.13725490196078433,0.037762720642182036,0.25,0.1761445910012374,1.0,0,False,True,False,False,False,True,False,True,False
725,0.7843137254901961,0.11160502352078028,0.5714285714285714,0.11971144985914751,0.4444444444444444,1,False,False,True,False,True,False,False,True,False
726,0.7450980392156864,0.05761512235121488,0.25,0.09833346497117132,1.0,1,False,False,True,False,False,True,True,False,False
727,0.0,0.22459108368218894,0.7142857142857143,0.08761814495958718,0.7222222222222221,1,False,True,False,False,True,False,False,True,False
728,0.03921568627450983,0.2225195287212464,0.9999999999999999,0.20775083590027116,0.38888888888888884,1,True,False,False,False,True,False,False,False,True
729,0.23529411764705888,0.08402744810323248,0.9285714285714285,0.1815549061422215,0.22222222222222224,1,True,False,False,False,True,False,True,False,False
730,0.5294117647058824,0.05593198394544906,0.0,0.013742990285127557,0.33333333333333326,1,True,False,False,False,False,True,False,True,False
731,0.9411764705882354,0.05830564067152907,0.6785714285714285,0.19879946291762104,0.16666666666666666,0,True,False,False,False,True,False,True,False,False
732,0.47058823529411764,0.21211859652151396,0.03571428571428571,0.0,0.38888888888888884,1,False,True,False,False,False,True,False,True,False
733,0.6274509803921569,0.05148677225842648,0.10714285714285714,0.030816417871152885,0.16666666666666666,1,True,False,False,False,True,False,True,False,False
734,0.7254901960784313,0.08596953087911614,0.8214285714285714,0.0,0.0,1,True,False,False,False,False,True,True,False,False
735,0.09803921568627455,0.011436709680203702,0.7142857142857143,0.05956612168601743,0.38888888888888884,1,True,False,False,False,True,False,False,False,True
736,0.8431372549019608,0.08139484700703466,0.0,0.17398573045836294,0.33333333333333326,1,False,False,True,False,True,False,True,False,False
737,0.8627450980392156,0.08519269776876268,0.2142857142857143,0.03219861516994445,0.5555555555555555,0,False,False,True,False,False,True,False,False,True
738,0.607843137254902,0.23801303353329592,0.0,0.00040807729773846194,0.8333333333333333,1,True,False,False,False,False,True,False,False,True
739,0.8627450980392156,0.03236804626472746,0.2857142857142857,0.07204538872653556,0.8888888888888888,1,True,False,False,False,True,False,True,False,False
740,0.9019607843137255,0.062103491433257094,0.07142857142857142,0.01112339730932259,0.22222222222222224,0,False,False,True,False,False,True,True,False,False
741,0.3921568627450981,0.2139312071123387,0.39285714285714285,0.14785561961930338,0.33333333333333326,1,False,True,False,False,False,True,True,False,False
742,0.2941176470588236,0.22463424107720856,0.6428571428571428,0.034028381117868524,0.5,1,False,True,False,False,True,False,False,True,False
743,0.3921568627450981,0.08596953087911614,0.5,0.0,0.6666666666666666,1,False,False,False,True,True,False,False,False,True
744,0.1960784313725491,0.07958223641620993,0.75,0.009583234604954848,0.7777777777777777,0,False,False,True,False,False,True,False,False,True
745,0.7058823529411765,0.04678261620128609,0.5357142857142857,0.035568543822236266,0.2777777777777778,0,True,False,False,False,True,False,False,True,False
746,0.6862745098039217,0.34910016831384055,0.3214285714285714,0.1601637574704473,0.05555555555555555,1,False,True,False,False,False,True,False,False,True
747,0.6666666666666666,0.016356652712442278,0.75,0.017310375694389597,0.16666666666666666,1,False,False,True,False,False,True,False,True,False
748,0.3529411764705882,0.351430667644901,0.9999999999999999,0.1097069741726562,0.7222222222222221,0,True,False,False,False,False,True,False,False,True
749,0.37254901960784315,0.1491087997928445,0.9285714285714285,0.26264381433799333,0.7777777777777777,1,False,False,True,False,False,True,False,True,False
750,0.33333333333333337,0.0981830736696733,0.9285714285714285,0.11993523418371377,0.7222222222222221,1,False,True,False,False,False,True,False,False,True
751,0.9019607843137255,0.0043157395019636615,0.17857142857142855,0.1754600742437406,0.16666666666666666,1,True,False,False,False,True,False,True,False,False
752,0.7843137254901961,0.08355271675801648,0.9999999999999999,0.012150172445567755,0.2777777777777778,0,True,False,False,False,False,True,True,False,False
753,0.9411764705882354,0.06780026757584913,0.5714285714285714,0.030395176789616406,0.33333333333333326,0,True,False,False,False,False,True,False,True,False
754,0.2549019607843137,0.022743947175348493,0.7142857142857143,0.23688228944527814,0.6666666666666666,1,True,False,False,False,True,False,False,True,False
755,0.27450980392156865,0.13831945103793533,0.9642857142857143,0.1322302082510597,0.8888888888888888,1,True,False,False,False,False,True,False,True,False
756,0.5882352941176471,0.4590652108238747,0.75,0.10745596714319564,0.8888888888888888,0,False,True,False,False,True,False,False,False,True
757,0.0,0.10694402485865953,0.8214285714285714,0.11478819471868995,0.16666666666666666,0,True,False,False,False,True,False,False,True,False
758,0.03921568627450983,0.1624012774588926,0.9999999999999999,0.05631466708790775,1.0,0,False,True,False,False,False,True,True,False,False
759,0.2941176470588236,0.009192525139182598,0.5714285714285714,0.004804781086275439,0.6666666666666666,0,False,True,False,False,False,True,False,False,True
760,0.43137254901960786,0.07000129472185058,0.7142857142857143,0.16159860990443095,0.4444444444444444,1,False,True,False,False,False,True,False,False,True
761,0.1960784313725491,0.016011393552285185,0.6428571428571428,0.11956664823736934,0.05555555555555555,0,False,True,False,False,True,False,False,True,False
762,0.21568627450980393,0.12282594622588582,0.6071428571428571,0.0674117368296343,0.9444444444444444,1,False,True,False,False,False,True,False,False,True
763,0.17647058823529416,0.3610116093392603,0.35714285714285715,0.24222678566727218,0.8888888888888888,1,True,False,False,False,True,False,False,True,False
764,0.607843137254902,0.08596953087911614,0.5,0.0,0.33333333333333326,0,False,False,False,True,True,False,True,False,False
765,0.2941176470588236,0.08596953087911614,0.2142857142857143,0.0,0.8888888888888888,1,False,True,False,False,False,True,True,False,False
766,0.13725490196078433,0.05670881705580252,0.3214285714285714,0.21714977753205383,0.5,0,True,False,False,False,False,True,False,True,False
767,0.7254901960784313,0.10357774804712788,0.2142857142857143,0.1679172261274781,0.7222222222222221,1,False,True,False,False,False,True,False,True,False
768,0.21568627450980393,0.06685080488541711,0.14285714285714285,0.07620514440670827,0.611111111111111,1,False,True,False,False,False,True,True,False,False
769,0.4509803921568628,0.23222994260066462,0.39285714285714285,0.014756601637574706,0.611111111111111,0,True,False,False,False,False,True,True,False,False
770,0.5294117647058824,0.21824694661430236,0.5357142857142857,0.025498249216754865,0.8888888888888888,0,True,False,False,False,False,True,False,False,True
771,0.13725490196078433,0.12252384446074835,0.9999999999999999,0.11244504120264329,1.0,1,True,False,False,False,False,True,False,True,False
772,0.5294117647058824,0.06054982521255017,0.8571428571428571,0.05120711897427797,0.7222222222222221,0,False,True,False,False,False,True,False,False,True
773,0.6862745098039217,0.03815113719735877,0.7142857142857143,0.19069057209804388,0.8888888888888888,1,True,False,False,False,False,True,True,False,False
774,0.4901960784313726,0.014500884726597902,0.6071428571428571,0.315391096016639,0.7777777777777777,1,True,False,False,False,False,True,False,False,True
775,0.13725490196078433,0.05675197445082215,0.07142857142857142,0.17249822288918726,0.2777777777777778,0,False,False,True,False,True,False,True,False,False
776,0.9607843137254902,0.06900867463639895,0.6785714285714285,0.04993023194587052,1.0,1,False,True,False,False,True,False,False,False,True
777,0.5294117647058824,0.1458288377713521,0.5,0.1636916515283153,0.2777777777777778,1,True,False,False,False,False,True,False,True,False
778,0.5294117647058824,0.1389668119632299,0.14285714285714285,0.04559934707632362,0.2777777777777778,1,True,False,False,False,False,True,True,False,False
779,0.7058823529411765,0.009408312114280783,0.42857142857142855,0.019258615696495802,0.16666666666666666,1,False,False,True,False,False,True,False,True,False
780,0.7843137254901961,0.06512450908463165,0.6428571428571428,0.0035805491930600533,0.0,1,False,True,False,False,True,False,False,True,False
781,0.6862745098039217,0.02598075180182124,0.39285714285714285,0.05131242924466208,1.0,0,True,False,False,False,True,False,True,False,False
782,0.5098039215686275,0.022096586250053948,0.7857142857142857,0.24630755864465684,0.5555555555555555,1,False,True,False,False,False,True,True,False,False
783,0.3137254901960784,0.2273963143584653,0.7142857142857143,0.02876286759866256,0.33333333333333326,1,True,False,False,False,False,True,False,True,False
784,0.1568627450980392,0.005524146562513487,0.14285714285714285,0.024366163810125584,0.05555555555555555,0,False,True,False,False,True,False,True,False,False
785,0.6274509803921569,0.07034655388200768,0.17857142857142855,0.3686517652634073,0.16666666666666666,1,False,True,False,False,False,True,True,False,False
786,0.37254901960784315,0.02386603944585905,0.2142857142857143,0.002672248110997025,0.2777777777777778,0,True,False,False,False,False,True,False,True,False
787,0.23529411764705888,0.27379051400457466,0.8928571428571428,0.1622567990943317,0.22222222222222224,1,False,True,False,False,True,False,True,False,False
788,0.5294117647058824,0.10543351603297225,0.3214285714285714,0.04082089355764421,0.4444444444444444,1,False,True,False,False,True,False,True,False,False
789,0.9215686274509803,0.03405118467049329,0.5357142857142857,0.00402811784219256,0.5555555555555555,1,False,True,False,False,True,False,False,True,False
790,0.5490196078431373,0.09037158517111908,0.25,0.26313087433851984,0.9444444444444444,1,False,True,False,False,True,False,False,False,True
791,0.23529411764705888,0.17025592335246645,0.2857142857142857,0.015836031909011925,0.8888888888888888,0,False,False,True,False,False,True,True,False,False
792,0.8823529411764707,0.4108152431919209,0.9285714285714285,0.08451149198325567,0.6666666666666666,1,True,False,False,False,True,False,False,False,True
793,0.6666666666666666,0.03223857407966855,0.10714285714285714,0.03372561409051418,0.8888888888888888,0,True,False,False,False,True,False,False,True,False
794,0.09803921568627455,0.2813430581330111,0.7142857142857143,0.007095279467130031,0.5,1,False,True,False,False,False,True,False,False,True
795,0.33333333333333337,0.08596953087911614,0.5,0.0,0.9444444444444444,0,False,False,False,True,True,False,False,True,False
796,0.9803921568627451,0.3213499633162142,0.25,0.012926835689650635,0.8888888888888888,0,False,True,False,False,False,True,True,False,False
797,0.07843137254901966,0.13063743472444003,0.8571428571428571,0.007792960008424821,0.611111111111111,0,True,False,False,False,True,False,False,True,False
798,0.9019607843137255,0.12865219455353674,0.2142857142857143,0.15054103151409842,0.7777777777777777,0,False,True,False,False,False,True,False,False,True
799,0.47058823529411764,0.06685080488541711,0.5,0.07000500223784324,1.0,1,True,False,False,False,False,True,True,False,False
800,0.019607843137254943,0.18074317034223816,0.7142857142857143,0.04421714977753206,0.7777777777777777,0,True,False,False,False,False,True,False,True,False
801,0.17647058823529416,0.09809675887963402,0.07142857142857142,0.0570650027643946,0.6666666666666666,0,False,True,False,False,False,True,False,True,False
802,0.5686274509803921,0.14647619869664666,0.5714285714285714,0.2784798462470053,0.33333333333333326,1,False,True,False,False,False,True,False,True,False
803,0.9607843137254902,0.07241810884295025,0.35714285714285715,0.25446910459942607,0.5555555555555555,1,True,False,False,False,False,True,False,True,False
804,0.8627450980392156,0.17025592335246645,0.2857142857142857,0.13244082879182792,0.38888888888888884,1,False,True,False,False,False,True,True,False,False
805,0.07843137254901966,0.22528160200250313,0.14285714285714285,0.22748334781349552,0.8333333333333333,0,False,True,False,False,True,False,True,False,False
806,0.6274509803921569,0.02049976263432739,0.8571428571428571,0.04055761788168391,0.5555555555555555,1,False,True,False,False,True,False,False,False,True
807,0.0,0.23166889646540934,0.3214285714285714,0.050535766000579206,0.22222222222222224,1,True,False,False,False,True,False,False,False,True
808,0.33333333333333337,0.10064304518579259,0.5,0.10016323091909539,0.33333333333333326,1,True,False,False,False,True,False,True,False,False
809,0.607843137254902,0.24112036597470976,0.9642857142857143,0.10290129794908248,0.8333333333333333,1,False,True,False,False,True,False,False,True,False
810,0.9019607843137255,0.07306546976824478,0.9999999999999999,0.06921517520996236,0.8333333333333333,0,False,True,False,False,False,True,False,True,False
811,0.9411764705882354,0.061671917483060716,0.4642857142857143,0.053905694652871025,0.8888888888888888,0,True,False,False,False,True,False,True,False,False
812,0.1960784313725491,0.319235250960252,0.10714285714285714,0.4508990864334044,1.0,1,True,False,False,False,False,True,True,False,False
813,0.3921568627450981,0.03746061887704458,0.7142857142857143,0.18123897533106917,0.7777777777777777,1,False,True,False,False,False,True,True,False,False
814,0.4901960784313726,0.24073194941953305,0.6785714285714285,0.06011900060553406,0.7777777777777777,1,True,False,False,False,True,False,False,False,True
815,0.47058823529411764,0.08566742911397869,0.03571428571428571,0.1368375325803649,0.7777777777777777,0,False,True,False,False,False,True,False,False,True
816,0.4117647058823529,0.09343576021751326,0.39285714285714285,0.033080588684411445,0.1111111111111111,1,False,True,False,False,True,False,False,True,False
817,0.5098039215686275,0.047775236286737736,0.0,0.011110233525524576,0.611111111111111,1,False,False,True,False,False,True,False,True,False
818,0.9411764705882354,0.11018082948513228,0.8214285714285714,0.04575731248189979,0.2777777777777778,1,False,False,True,False,False,True,False,False,True
819,0.23529411764705888,0.05092572612317121,0.6785714285714285,0.054313771950609484,0.22222222222222224,0,False,True,False,False,True,False,False,False,True
820,0.6274509803921569,0.005178887402356394,0.14285714285714285,0.001750783245135982,0.5555555555555555,0,False,True,False,False,False,True,False,True,False
821,0.6470588235294118,0.041085840058694055,0.17857142857142855,0.17757944343522103,0.611111111111111,0,False,True,False,False,False,True,True,False,False
822,0.7843137254901961,0.0008199905053730957,0.8214285714285714,0.04686307032093305,0.33333333333333326,0,False,True,False,False,True,False,True,False,False
823,0.6666666666666666,0.49626688533080143,0.35714285714285715,0.09146196982860755,0.4444444444444444,1,False,True,False,False,False,True,True,False,False
824,0.0,0.4368391523887618,0.25,0.008095727035779165,0.9444444444444444,1,False,True,False,False,False,True,False,True,False
825,0.3921568627450981,0.06508135168961202,0.2142857142857143,0.020259063265144935,0.7222222222222221,0,False,False,True,False,True,False,False,False,True
826,0.9215686274509803,0.16874541452677916,0.10714285714285714,0.23215649106179082,0.16666666666666666,1,False,False,True,False,False,True,True,False,False
827,0.09803921568627455,0.05493936385999741,0.17857142857142855,0.09880736118789986,0.38888888888888884,0,True,False,False,False,True,False,False,True,False
828,0.5294117647058824,0.14397306978550775,0.5357142857142857,0.3160756127741358,0.8333333333333333,1,True,False,False,False,False,True,True,False,False
829,0.3137254901960784,0.21194596694143542,0.6785714285714285,0.7039596661664429,0.16666666666666666,1,False,True,False,False,True,False,True,False,False
830,0.07843137254901966,0.08596953087911614,0.5,0.0,1.0,1,False,True,False,False,False,True,False,False,True
831,0.5882352941176471,0.06620344396012257,0.4642857142857143,0.03738514598636232,0.2777777777777778,1,False,True,False,False,False,True,False,True,False
832,0.07843137254901966,0.1980061283500928,0.7857142857142857,0.205828923465761,1.0,1,True,False,False,False,True,False,False,False,True
833,0.7254901960784313,0.04000690518320314,0.39285714285714285,0.6928889239923124,0.7777777777777777,1,False,True,False,False,True,False,False,True,False
834,0.03921568627450983,0.6006214664882827,0.9999999999999999,0.1045994260590264,0.611111111111111,1,False,False,True,False,True,False,True,False,False
835,0.43137254901960786,0.003366276811531656,0.39285714285714285,0.166956269910223,0.611111111111111,1,True,False,False,False,False,True,True,False,False
836,0.7058823529411765,0.1197617711794916,0.5357142857142857,0.16029539530842746,0.05555555555555555,1,False,True,False,False,True,False,True,False,False
837,0.7058823529411765,0.13948470070346555,0.5,0.04623120869862833,0.4444444444444444,1,False,True,False,False,False,True,True,False,False
838,0.17647058823529416,0.15083509559362998,0.9999999999999999,0.0899349709080378,0.1111111111111111,1,True,False,False,False,False,True,False,False,True
839,0.17647058823529416,0.08596953087911614,0.5,0.0,0.0,0,False,False,False,True,True,False,True,False,False
840,0.3529411764705882,0.36114108152431923,0.35714285714285715,0.1226996287812969,0.7222222222222221,1,True,False,False,False,True,False,True,False,False
841,0.3137254901960784,0.02589443701178197,0.5714285714285714,0.0022510070294605483,0.6666666666666666,1,False,True,False,False,True,False,False,True,False
842,0.3921568627450981,0.08596953087911614,0.5,0.0,0.22222222222222224,1,True,False,False,False,False,True,False,True,False
843,0.2549019607843137,0.03262699063484528,0.5,0.0164284021799226,0.33333333333333326,0,False,True,False,False,False,True,False,True,False
844,0.1568627450980392,0.047516291916619914,0.4642857142857143,0.02793354921938762,0.7222222222222221,0,False,False,True,False,False,True,False,False,True
845,0.8823529411764707,0.10236934098657804,0.3214285714285714,0.24842692783613723,0.8333333333333333,1,True,False,False,False,False,True,False,False,True
846,0.0,0.06991497993181131,0.39285714285714285,0.003962298923202485,0.9444444444444444,0,True,False,False,False,True,False,False,False,True
847,0.9803921568627451,0.022614474990289585,0.5357142857142857,0.026143274622857593,0.7222222222222221,0,False,True,False,False,False,True,False,True,False
848,0.8627450980392156,0.024254456001035776,0.5,0.03901745517731617,0.0,0,True,False,False,False,True,False,True,False,False
849,0.23529411764705888,0.0701307669069095,0.3214285714285714,0.10103204064976437,0.2777777777777778,1,False,True,False,False,False,True,False,True,False
850,0.05882352941176472,0.18333261404341633,0.10714285714285714,0.08043071900587105,0.5,0,False,True,False,False,False,True,False,False,True
851,0.0,0.29549868369945187,0.9285714285714285,0.025932654082089356,0.2777777777777778,0,False,True,False,False,True,False,False,True,False
852,0.9411764705882354,0.011393552285184067,0.7857142857142857,0.018890029750151385,0.05555555555555555,0,False,False,True,False,False,True,False,True,False
853,0.7647058823529412,0.06464977773941565,0.9999999999999999,0.028460100571308218,0.33333333333333326,0,True,False,False,False,False,True,True,False,False
854,0.607843137254902,0.013680894221224807,0.2857142857142857,0.07353289629571123,0.8888888888888888,0,False,True,False,False,False,True,False,True,False
855,0.6470588235294118,0.0021578697509818307,0.7142857142857143,0.033317536792775715,0.7222222222222221,0,False,False,True,False,True,False,True,False,False
856,0.5294117647058824,0.1403478486038583,0.6785714285714285,0.31054682357896957,0.33333333333333326,1,False,True,False,False,True,False,True,False,False
857,0.5882352941176471,0.11941651201933452,0.2857142857142857,0.06564778980070031,0.4444444444444444,0,False,True,False,False,True,False,True,False,False
858,0.13725490196078433,0.023046048940485953,0.7142857142857143,0.0063844351420372265,1.0,0,False,True,False,False,True,False,False,False,True
859,0.7450980392156864,0.034482758620689655,0.8571428571428571,0.13760103204064977,0.5555555555555555,1,True,False,False,False,False,True,False,True,False
860,0.4901960784313726,0.003107332441413836,0.8214285714285714,0.04199247031566754,0.1111111111111111,1,True,False,False,False,False,True,True,False,False
861,0.6470588235294118,0.23322256268611627,0.6785714285714285,0.11161572282336836,0.16666666666666666,1,False,True,False,False,True,False,False,False,True
862,0.03921568627450983,0.47602606706659184,0.35714285714285715,0.0345417686859911,0.22222222222222224,0,True,False,False,False,False,True,True,False,False
863,0.9607843137254902,0.0188597816235812,0.35714285714285715,0.08906616117736882,0.16666666666666666,0,False,True,False,False,False,True,False,True,False
864,0.21568627450980393,0.03409434206551293,0.2142857142857143,0.15576705368191032,0.6666666666666666,1,True,False,False,False,True,False,False,False,True
865,0.0,0.26256959129946916,0.7142857142857143,0.2770976489482137,0.4444444444444444,1,False,True,False,False,True,False,False,True,False
866,0.8431372549019608,0.3379224030037547,0.3214285714285714,0.03186952057499408,0.7222222222222221,0,True,False,False,False,True,False,False,True,False
867,0.07843137254901966,0.07043286867204696,0.10714285714285714,0.0429402627491246,0.8333333333333333,1,True,False,False,False,False,True,False,True,False
868,0.5686274509803921,0.006732553623063312,0.14285714285714285,0.0657267725034884,0.2777777777777778,1,True,False,False,False,False,True,False,True,False
869,0.5686274509803921,0.00522204479737603,0.14285714285714285,0.2758865808387963,0.5,0,False,True,False,False,False,True,False,True,False
870,0.3137254901960784,0.11048293125026974,0.35714285714285715,0.24395124134481214,0.6666666666666666,0,True,False,False,False,True,False,False,True,False
871,0.9215686274509803,0.06460662034439602,0.2857142857142857,0.009912329199905222,0.1111111111111111,0,False,True,False,False,False,True,True,False,False
872,0.9019607843137255,0.0037546933667083854,0.9642857142857143,0.01490140325935287,0.5555555555555555,0,False,False,True,False,True,False,False,True,False
873,0.43137254901960786,0.11333131932156576,0.5357142857142857,0.07205855251033358,0.1111111111111111,1,False,True,False,False,False,True,False,True,False
874,0.27450980392156865,0.001467351430667645,0.2857142857142857,0.01187373298580944,0.33333333333333326,1,False,True,False,False,False,True,True,False,False
875,0.7058823529411765,0.20046609986621208,0.75,0.04465155464286655,0.5,0,True,False,False,False,True,False,False,True,False
876,0.3921568627450981,0.047386819731561,0.10714285714285714,0.016915462180449148,0.0,0,True,False,False,False,False,True,False,True,False
877,0.2549019607843137,0.005308359587415303,0.03571428571428571,0.1064423557907485,0.16666666666666666,0,False,True,False,False,False,True,True,False,False
878,0.019607843137254943,0.1149281429372923,0.4642857142857143,0.0,0.38888888888888884,1,False,False,True,False,False,True,False,True,False
879,0.1960784313725491,0.06564239782486729,0.07142857142857142,0.6028091514624964,0.8888888888888888,0,False,False,True,False,True,False,False,True,False
880,0.9803921568627451,0.4715376979845497,0.6071428571428571,0.04953531843193008,0.22222222222222224,1,True,False,False,False,False,True,True,False,False
881,0.7450980392156864,0.1017219800612835,0.7142857142857143,0.09624042334728694,0.8888888888888888,1,False,True,False,False,False,True,True,False,False
882,0.7254901960784313,0.041690043588968974,0.17857142857142855,0.20427559697759526,0.4444444444444444,1,True,False,False,False,False,True,True,False,False
883,0.6470588235294118,0.16002762073281257,0.35714285714285715,0.013163783798014903,0.38888888888888884,1,False,True,False,False,True,False,False,False,True
884,0.7254901960784313,0.04099952526865478,0.7142857142857143,0.12318668878182344,0.33333333333333326,0,False,True,False,False,False,True,True,False,False
885,0.9607843137254902,0.3037417461482025,0.6071428571428571,0.055353710870652655,0.22222222222222224,1,False,False,True,False,True,False,True,False,False
886,0.6470588235294118,0.06080876958266799,0.39285714285714285,0.024313508674933523,0.16666666666666666,0,False,False,True,False,False,True,False,True,False
887,0.33333333333333337,0.10336196107202969,0.14285714285714285,0.054274280599215435,0.1111111111111111,0,False,False,True,False,True,False,False,False,True
888,0.5686274509803921,0.006732553623063312,0.2857142857142857,0.008319511360345418,0.38888888888888884,0,False,True,False,False,True,False,False,True,False
889,0.27450980392156865,0.0719002201027146,0.6785714285714285,0.12518758391912171,0.22222222222222224,1,False,True,False,False,False,True,True,False,False
890,0.5098039215686275,0.23123732251521298,0.9642857142857143,0.030684780033172734,0.22222222222222224,0,False,True,False,False,False,True,True,False,False
891,0.9803921568627451,0.21207543912649432,0.8928571428571428,0.039293894637074486,0.8888888888888888,1,False,True,False,False,False,True,True,False,False
892,0.6470588235294118,0.0328859350049631,0.6071428571428571,0.013598188663349393,0.7777777777777777,1,False,True,False,False,False,True,False,False,True
893,1.0,0.03318803677010056,0.6428571428571428,0.21062054076823844,0.38888888888888884,1,False,True,False,False,True,False,False,False,True
894,0.7254901960784313,0.22010271460014674,0.07142857142857142,0.07162414764499908,0.33333333333333326,1,True,False,False,False,True,False,False,True,False
895,0.6274509803921569,0.34504337318199474,0.2857142857142857,0.08940841955611721,0.8888888888888888,1,True,False,False,False,False,True,False,True,False
896,0.4509803921568628,0.01299037590091062,0.10714285714285714,0.08873706658241845,0.611111111111111,0,True,False,False,False,True,False,False,False,True
897,0.27450980392156865,0.07742436666522809,0.5714285714285714,0.055656477898007005,0.16666666666666666,1,True,False,False,False,False,True,True,False,False
898,0.5686274509803921,0.05329938284925122,0.5714285714285714,0.022523234078403495,0.9444444444444444,0,False,True,False,False,False,True,True,False,False
899,0.8039215686274509,0.2648569332355099,0.7857142857142857,0.14395913961509096,0.16666666666666666,1,False,True,False,False,False,True,True,False,False
900,0.9803921568627451,0.011307237495144793,0.7857142857142857,0.014309032988442197,0.5,1,True,False,False,False,False,True,True,False,False
901,0.3137254901960784,0.030684907858961635,0.03571428571428571,0.011544638390859068,0.1111111111111111,0,True,False,False,False,True,False,False,False,True
902,0.07843137254901966,0.18078632773725778,0.2857142857142857,0.13041360608693361,0.22222222222222224,1,True,False,False,False,False,True,True,False,False
903,0.5490196078431373,0.006818868413102586,0.2857142857142857,0.024668930837479924,0.611111111111111,0,False,True,False,False,False,True,True,False,False
904,0.05882352941176472,0.08782529886496052,0.14285714285714285,0.03858305031198168,0.22222222222222224,0,False,True,False,False,False,True,True,False,False
905,0.17647058823529416,0.07556859867938372,0.5,0.06789879683016085,0.22222222222222224,1,True,False,False,False,False,True,False,False,True
906,0.3137254901960784,0.05269517931897631,0.5,0.06283074006792512,0.16666666666666666,0,False,False,True,False,False,True,True,False,False
907,0.17647058823529416,0.06495187950455311,0.07142857142857142,0.129847563383619,0.2777777777777778,0,False,False,True,False,False,True,True,False,False
908,0.3137254901960784,0.09775149971947693,0.6428571428571428,0.10284864281389042,0.5,1,True,False,False,False,True,False,False,False,True
909,0.37254901960784315,0.022787104570368134,0.9642857142857143,0.10889081957717926,0.2777777777777778,0,True,False,False,False,False,True,True,False,False
910,0.4509803921568628,0.10987872771999482,0.07142857142857142,0.13184845852091726,0.0,0,True,False,False,False,True,False,False,True,False
911,0.07843137254901966,0.21194596694143542,0.17857142857142855,0.036450517336703264,0.8333333333333333,0,True,False,False,False,True,False,True,False,False
912,0.6470588235294118,0.08596953087911614,0.10714285714285714,0.0,0.5555555555555555,1,True,False,False,False,True,False,True,False,False
913,0.09803921568627455,0.021621854904837944,0.8214285714285714,0.0606850433088487,0.2777777777777778,0,False,False,True,False,True,False,False,True,False
914,0.019607843137254943,0.020931336584523758,0.42857142857142855,0.0386883605823658,0.9444444444444444,0,True,False,False,False,True,False,True,False,False
915,0.23529411764705888,0.040438479133399506,0.9285714285714285,0.44184240318037016,0.2777777777777778,1,False,False,True,False,False,True,True,False,False
916,0.823529411764706,0.08596953087911614,0.5,0.0,0.8888888888888888,0,False,False,False,True,True,False,True,False,False
917,0.823529411764706,0.06797289715592766,0.9285714285714285,0.018942684885343446,0.611111111111111,0,True,False,False,False,False,True,False,False,True
918,0.9215686274509803,0.14738250399205904,0.35714285714285715,0.0005923702709106706,0.8888888888888888,0,True,False,False,False,True,False,True,False,False
919,0.1960784313725491,0.007552544128436408,0.14285714285714285,0.004607324329305215,0.9444444444444444,0,False,True,False,False,False,True,False,False,True
920,0.9803921568627451,0.004574683872081481,0.0,0.029460548139957347,0.5,0,True,False,False,False,True,False,False,True,False
921,0.9019607843137255,0.06439083336929782,0.2857142857142857,0.012782034067872471,0.611111111111111,0,False,True,False,False,True,False,False,True,False
922,0.43137254901960786,0.15467610375037763,0.5714285714285714,0.08025958981649685,0.16666666666666666,1,True,False,False,False,True,False,True,False,False
923,0.2941176470588236,0.027836519787665617,0.75,0.2055524840060027,0.5,0,True,False,False,False,False,True,True,False,False
924,0.5882352941176471,0.13283846187044152,0.0,0.1405497196114051,0.22222222222222224,1,False,True,False,False,False,True,False,True,False
925,0.1960784313725491,0.03897112770273186,0.07142857142857142,0.025577231919542955,0.16666666666666666,0,False,True,False,False,True,False,False,True,False
926,0.2941176470588236,0.28125674334297185,0.5,0.053668746544506755,0.8333333333333333,1,True,False,False,False,True,False,True,False,False
927,0.13725490196078433,0.08596953087911614,0.5,0.0,0.22222222222222224,1,False,False,False,True,True,False,False,True,False
928,0.05882352941176472,0.04566052393077554,0.7142857142857143,0.1750125055946081,1.0,0,False,True,False,False,False,True,True,False,False
929,0.7647058823529412,0.033835397695395106,0.8928571428571428,0.1924150277755838,0.2777777777777778,1,False,False,True,False,False,True,False,False,True
930,0.05882352941176472,0.06862025808122221,0.7857142857142857,0.25325803649000866,0.33333333333333326,0,True,False,False,False,True,False,False,False,True
931,0.47058823529411764,0.035604850891200204,0.3214285714285714,0.07495458494589685,0.5,1,True,False,False,False,True,False,False,True,False
932,0.03921568627450983,0.08596953087911614,0.5,0.0,0.33333333333333326,0,False,False,False,True,True,False,True,False,False
933,0.607843137254902,0.2264468516680333,0.39285714285714285,0.012479267040518128,0.7222222222222221,1,False,False,True,False,True,False,True,False,False
934,0.03921568627450983,0.1447499028958612,0.8571428571428571,0.08773661901376932,0.5,1,False,True,False,False,False,True,False,False,True
935,0.5098039215686275,0.22519528721246385,0.75,0.030118737329858095,0.5555555555555555,1,True,False,False,False,True,False,False,False,True
936,0.5490196078431373,0.06546976824478874,0.5,0.05951346655082537,0.7222222222222221,0,True,False,False,False,False,True,False,True,False
937,0.607843137254902,0.022010271460014674,0.9285714285714285,0.10586314930363584,0.611111111111111,1,False,True,False,False,False,True,False,True,False
938,0.9607843137254902,0.1734064131888999,0.2857142857142857,0.03127715030408341,0.16666666666666666,1,True,False,False,False,False,True,False,True,False
939,0.9803921568627451,0.057874066721332704,0.8214285714285714,0.005647263249348393,0.6666666666666666,0,False,True,False,False,False,True,False,True,False
940,0.3529411764705882,0.14405938457554704,0.8571428571428571,0.0010794302714372218,0.1111111111111111,1,True,False,False,False,False,True,True,False,False
941,0.3921568627450981,0.04087005308359588,0.3214285714285714,0.0023563172998446675,0.6666666666666666,0,True,False,False,False,False,True,True,False,False
942,0.07843137254901966,0.0109619783349877,0.6785714285714285,0.0008819735144669985,1.0,0,False,False,True,False,True,False,False,True,False
943,0.33333333333333337,0.6348884381338743,0.2857142857142857,0.012308137851143933,0.7777777777777777,1,False,False,True,False,False,True,True,False,False
944,0.5294117647058824,0.022010271460014674,0.5,0.028828686517652632,1.0,0,True,False,False,False,False,True,False,False,True
945,0.8039215686274509,0.5772733157826593,0.7857142857142857,0.026327567596029805,0.16666666666666666,0,True,False,False,False,False,True,True,False,False
946,0.4117647058823529,0.49000906305295416,0.7142857142857143,0.4557038675196799,0.2777777777777778,1,True,False,False,False,True,False,False,True,False
947,0.3921568627450981,0.20443658020801864,0.7142857142857143,0.03846457625779954,0.7777777777777777,0,False,True,False,False,False,True,True,False,False
948,0.09803921568627455,0.1394415433084459,0.0,0.014348524339836244,0.16666666666666666,1,True,False,False,False,False,True,True,False,False
949,0.0,0.11164818091579992,0.03571428571428571,0.08306347576547403,0.2777777777777778,1,False,False,True,False,False,True,False,False,True
950,0.07843137254901966,0.26032540675844806,0.8928571428571428,0.20552615643840666,0.05555555555555555,1,False,True,False,False,True,False,False,True,False
951,0.7843137254901961,0.04423632989512753,0.6428571428571428,0.11935602769660111,0.16666666666666666,1,False,True,False,False,True,False,True,False,False
952,0.21568627450980393,0.08165379137715248,0.4642857142857143,0.03697706868862386,0.9444444444444444,0,False,True,False,False,True,False,True,False,False
953,0.4901960784313726,0.1250701307669069,0.25,0.0868414817155043,0.7777777777777777,1,False,True,False,False,False,True,True,False,False
954,0.8823529411764707,0.06857710068620258,0.17857142857142855,0.13213806176447357,0.611111111111111,0,False,True,False,False,False,True,True,False,False
955,0.6470588235294118,0.07220232186785205,0.39285714285714285,0.13715346339151727,0.38888888888888884,0,False,True,False,False,False,True,False,True,False
956,0.9411764705882354,0.051918346208622845,0.8928571428571428,0.11565700444935892,0.611111111111111,1,False,True,False,False,False,True,True,False,False
957,0.2549019607843137,0.10754822838893445,0.9285714285714285,0.21551746834109997,0.4444444444444444,1,True,False,False,False,False,True,False,True,False
958,0.4901960784313726,0.24612662379698763,0.9999999999999999,0.21493826185398732,0.33333333333333326,1,False,True,False,False,False,True,False,True,False
959,0.8627450980392156,0.029131241638254715,0.5,0.09109338388226312,0.38888888888888884,0,True,False,False,False,False,True,True,False,False
960,0.5098039215686275,0.3527685468905097,0.4642857142857143,0.05917120817207699,0.5,0,False,False,True,False,False,True,False,True,False
961,0.1568627450980392,0.1512666695438263,0.7142857142857143,0.10804833741410631,0.5555555555555555,1,False,False,True,False,False,True,False,True,False
962,0.4901960784313726,0.22437529670709078,0.9999999999999999,0.17954084722112523,0.05555555555555555,1,True,False,False,False,False,True,True,False,False
963,0.9019607843137255,0.10517457166285443,0.0,0.0005923702709106706,0.16666666666666666,0,False,True,False,False,True,False,True,False,False
964,0.4117647058823529,0.1957619438090717,0.9642857142857143,0.5084379854145276,0.4444444444444444,1,False,False,True,False,True,False,False,True,False
965,0.9019607843137255,0.08596953087911614,0.5,0.0,0.38888888888888884,0,False,False,False,True,True,False,True,False,False
966,0.5686274509803921,0.2208795477105002,0.9642857142857143,0.06691151304530975,0.22222222222222224,1,False,True,False,False,False,True,False,True,False
967,0.823529411764706,0.005308359587415303,0.8571428571428571,0.2165179159097491,0.7222222222222221,1,False,True,False,False,False,True,False,True,False
968,0.9215686274509803,0.28565879763497476,0.07142857142857142,0.0268541189479504,0.05555555555555555,0,False,True,False,False,True,False,True,False,False
969,0.3137254901960784,0.6245306633291615,0.6428571428571428,0.06821472764131323,0.8888888888888888,1,False,True,False,False,False,True,False,True,False
970,0.4901960784313726,0.08596953087911614,0.6071428571428571,0.0,0.38888888888888884,1,False,True,False,False,False,True,False,False,True
971,0.6862745098039217,0.030555435673902724,0.6785714285714285,0.05293157465181792,0.05555555555555555,1,False,False,True,False,False,True,False,True,False
972,0.0,0.18769151094039965,0.9642857142857143,0.020535502724903246,0.7777777777777777,0,True,False,False,False,False,True,False,False,True
973,0.13725490196078433,0.037762720642182036,0.03571428571428571,0.04760024221362188,0.05555555555555555,0,True,False,False,False,False,True,False,False,True
974,0.9411764705882354,0.25980751801821245,0.9999999999999999,0.04923255140457573,0.5555555555555555,1,True,False,False,False,False,True,False,False,True
975,0.6666666666666666,0.014069310776401535,0.8571428571428571,0.5251296632704104,0.7222222222222221,1,True,False,False,False,False,True,True,False,False
976,1.0,0.017435587587933194,0.9642857142857143,0.5541031514098412,0.5,0,False,False,True,False,True,False,False,False,True
977,0.27450980392156865,0.5011005135730008,0.8928571428571428,0.012834689203064529,0.33333333333333326,0,False,False,True,False,True,False,False,False,True
978,0.9019607843137255,0.14505200466099866,0.2142857142857143,0.13632414501224233,0.7222222222222221,1,False,True,False,False,True,False,False,True,False
979,0.4117647058823529,0.24297613396055412,0.25,0.005594608114156333,0.6666666666666666,0,False,False,True,False,True,False,True,False,False
980,0.2549019607843137,0.05075309654309266,0.6428571428571428,0.003225127030513651,0.05555555555555555,1,True,False,False,False,True,False,False,True,False
981,0.4901960784313726,0.14613093953648956,0.75,0.011715767580233263,0.5,1,False,True,False,False,True,False,True,False,False
982,0.5294117647058824,0.11678391092313667,0.5,0.35451386146433933,0.0,0,True,False,False,False,True,False,True,False,False
983,0.43137254901960786,0.11967545638945233,0.3214285714285714,0.2978042808624911,0.0,0,True,False,False,False,True,False,False,True,False
984,0.2549019607843137,0.14854775365758924,0.75,0.022707527051575704,0.1111111111111111,0,False,False,True,False,True,False,False,False,True
985,0.4509803921568628,0.1109145052004661,0.9999999999999999,0.018574098938999025,0.5555555555555555,1,False,True,False,False,True,False,False,True,False
986,0.019607843137254943,0.07254758102800915,0.0,0.0289734881394308,1.0,1,True,False,False,False,False,True,False,False,True
987,0.8627450980392156,0.04181951577402788,0.17857142857142855,0.07632361846089039,0.4444444444444444,1,False,True,False,False,False,True,False,True,False
988,0.4901960784313726,0.18950412153122437,0.42857142857142855,0.08880288550140852,0.6666666666666666,1,False,True,False,False,True,False,True,False,False
989,0.2549019607843137,0.033231194165120194,0.4642857142857143,0.026380222731221863,0.16666666666666666,1,False,True,False,False,False,True,False,True,False
990,0.9803921568627451,0.15260454878943508,0.07142857142857142,0.14881657583655847,0.2777777777777778,1,True,False,False,False,False,True,False,True,False
991,0.11764705882352944,0.03439644383065038,0.35714285714285715,0.03900429139351815,0.05555555555555555,0,True,False,False,False,False,True,True,False,False
992,0.03921568627450983,0.12709852833282984,0.07142857142857142,0.2688307927230603,0.4444444444444444,1,False,True,False,False,True,False,False,True,False
993,0.9019607843137255,0.17798109706098142,0.6428571428571428,0.11260300660821948,0.9444444444444444,0,True,False,False,False,False,True,True,False,False
994,0.43137254901960786,0.031936472314531096,0.3214285714285714,0.06038227628149435,0.16666666666666666,0,False,True,False,False,True,False,False,False,True
995,0.8823529411764707,0.007984118078632774,0.9285714285714285,0.16431034936682198,0.0,0,False,True,False,False,True,False,False,True,False
996,0.823529411764706,0.018169263303267014,0.5,0.17936971803175103,0.0,1,True,False,False,False,True,False,False,False,True
997,0.9019607843137255,0.1205817616848647,0.35714285714285715,0.036134586525550905,0.8888888888888888,1,False,True,False,False,True,False,False,True,False
998,0.8627450980392156,0.24513400371153596,0.5,0.04371692599320749,1.0,1,True,False,False,False,False,True,False,True,False
999,0.33333333333333337,0.005955720512709852,0.8928571428571428,0.2894057867993576,0.1111111111111111,1,False,True,False,False,False,True,False,True,False
1000,0.7254901960784313,0.08596953087911614,0.9285714285714285,0.0,0.8888888888888888,0,False,True,False,False,False,True,False,False,True
1001,0.6666666666666666,0.05407621595960468,0.8214285714285714,0.004541505410315142,0.1111111111111111,0,True,False,False,False,True,False,False,True,False
1002,0.9803921568627451,0.08596953087911614,0.5,0.0,0.16666666666666666,0,False,False,False,True,True,False,False,False,True
1003,0.27450980392156865,0.34219498511069874,0.14285714285714285,0.1701287418055446,0.6666666666666666,1,False,True,False,False,True,False,False,False,True
1004,0.47058823529411764,0.052220447973760305,0.10714285714285714,0.15554326935734408,0.7777777777777777,0,True,False,False,False,True,False,False,True,False
1005,0.7058823529411765,0.08104958784687756,0.42857142857142855,0.2653687175841824,0.611111111111111,1,True,False,False,False,False,True,True,False,False
1006,0.5294117647058824,0.0017694531958051011,0.2857142857142857,0.08023326224890083,0.1111111111111111,1,True,False,False,False,False,True,False,False,True
1007,0.17647058823529416,0.011005135730007337,0.8571428571428571,0.011097069741726561,0.38888888888888884,0,False,True,False,False,False,True,False,True,False
1008,0.7450980392156864,0.03875534072763368,0.5714285714285714,0.0935550114524919,0.0,1,True,False,False,False,False,True,False,True,False
1009,0.3137254901960784,0.003668378576669112,0.03571428571428571,0.15868941368506964,0.9444444444444444,0,True,False,False,False,False,True,True,False,False
1010,0.7450980392156864,0.12921324068879203,0.8214285714285714,0.010320406497643682,0.6666666666666666,1,False,True,False,False,True,False,False,False,True
1011,0.4117647058823529,0.07194337749773425,0.14285714285714285,0.01995629623779059,0.33333333333333326,1,False,False,True,False,False,True,False,False,True
1012,0.4901960784313726,0.10284407233179405,0.5357142857142857,0.0013032145960034753,0.6666666666666666,1,False,False,True,False,False,True,False,True,False
1013,0.8431372549019608,0.024858659531310688,0.2142857142857143,0.09483189848089936,0.8888888888888888,1,False,False,True,False,False,True,False,True,False
1014,0.47058823529411764,0.04544473695567735,0.0,0.22936576889661167,0.6666666666666666,0,True,False,False,False,False,True,False,False,True
1015,0.3137254901960784,0.14112468171421175,0.9642857142857143,0.1169602190453624,0.6666666666666666,0,True,False,False,False,True,False,False,True,False
1016,0.23529411764705888,0.43515601398299597,0.8928571428571428,0.42330779559276516,0.5555555555555555,0,True,False,False,False,False,True,True,False,False
1017,0.37254901960784315,0.006689396228043675,0.39285714285714285,0.006858331358765764,0.7222222222222221,1,True,False,False,False,False,True,False,True,False
1018,0.47058823529411764,0.28621984377023,0.7142857142857143,0.2456888608061501,0.5,1,True,False,False,False,False,True,False,False,True
1019,0.05882352941176472,0.11134607915066247,0.35714285714285715,0.17717136613748258,0.38888888888888884,0,True,False,False,False,False,True,False,False,True
1020,0.17647058823529416,0.10746191359889516,0.39285714285714285,0.03972829950240897,0.2777777777777778,0,False,True,False,False,True,False,False,True,False
1021,0.03921568627450983,0.08596953087911614,0.6428571428571428,0.0,1.0,1,False,True,False,False,False,True,False,True,False
1022,0.7843137254901961,0.009321997324241509,0.8928571428571428,0.03576600057920649,1.0,0,False,False,True,False,True,False,True,False,False
1023,0.8627450980392156,0.012213542790557162,0.39285714285714285,0.2317879051154464,0.611111111111111,1,False,True,False,False,True,False,False,True,False
1024,0.33333333333333337,0.11894178067411851,0.39285714285714285,0.22394228997182952,0.33333333333333326,0,True,False,False,False,False,True,True,False,False
1025,0.9019607843137255,0.0539899011695654,0.4642857142857143,0.14926414448569097,0.9444444444444444,1,False,False,True,False,True,False,True,False,False
1026,0.6862745098039217,0.32264468516680334,0.03571428571428571,0.08728905036463681,0.9444444444444444,0,True,False,False,False,False,True,False,True,False
1027,0.9019607843137255,0.06758448060075094,0.03571428571428571,0.013466550825369244,0.1111111111111111,1,False,False,True,False,False,True,False,True,False
1028,0.4117647058823529,0.020025031289111386,0.8571428571428571,0.07995682278914251,0.4444444444444444,1,True,False,False,False,True,False,False,False,True
1029,0.6470588235294118,0.1624012774588926,0.9999999999999999,0.0464681568069926,0.2777777777777778,1,False,True,False,False,False,True,True,False,False
1030,0.9019607843137255,0.044970005610461355,0.10714285714285714,0.16546876234104732,0.0,1,True,False,False,False,False,True,False,True,False
1031,0.13725490196078433,0.09649993526390747,0.6785714285714285,0.1494747650264592,0.5,1,False,True,False,False,True,False,True,False,False
1032,0.7647058823529412,0.15493504812049544,0.7857142857142857,0.2542979754100519,0.38888888888888884,1,False,True,False,False,False,True,False,False,True
1033,0.9411764705882354,0.2984765439558068,0.8928571428571428,0.0015796540557617882,0.8888888888888888,1,False,True,False,False,False,True,True,False,False
1034,0.8431372549019608,0.20340080272754738,0.5357142857142857,0.17439380775610142,0.1111111111111111,1,False,True,False,False,False,True,False,True,False
1035,0.3529411764705882,0.14604462474645033,0.3214285714285714,0.2936181976147224,0.1111111111111111,1,False,True,False,False,False,True,False,True,False
1036,0.8039215686274509,0.14738250399205904,0.42857142857142855,0.16400758233946766,0.1111111111111111,1,False,True,False,False,False,True,False,False,True
1037,0.7843137254901961,0.37771352121185964,0.03571428571428571,0.01469078271858463,0.33333333333333326,0,True,False,False,False,False,True,False,False,True
1038,0.7058823529411765,0.04540157956065772,0.07142857142857142,0.008925045415054103,0.5555555555555555,1,True,False,False,False,False,True,True,False,False
1039,0.09803921568627455,0.00012947218505890984,0.6428571428571428,0.0022246794618645182,0.9444444444444444,0,False,True,False,False,True,False,False,True,False
1040,1.0,0.041085840058694055,0.17857142857142855,0.10434931416686412,0.22222222222222224,0,False,True,False,False,False,True,True,False,False
1041,0.4901960784313726,0.031807000129472185,0.6428571428571428,0.10461258984282443,0.05555555555555555,0,True,False,False,False,True,False,False,False,True
1042,0.6470588235294118,0.1403910059988779,0.9285714285714285,0.4566516599531369,0.7222222222222221,1,True,False,False,False,False,True,False,True,False
1043,0.8627450980392156,0.13003323119416513,0.7142857142857143,0.05345812600373852,0.0,1,False,False,True,False,False,True,False,True,False
1044,0.09803921568627455,0.11652496655301886,0.6785714285714285,0.04247953031619409,0.16666666666666666,0,False,True,False,False,False,True,True,False,False
1045,0.7058823529411765,0.002114712355962194,0.6428571428571428,0.10312508227364875,0.7222222222222221,1,False,False,True,False,True,False,False,False,True
1046,0.6274509803921569,0.1689180441068577,0.25,0.1839243872258642,0.7777777777777777,0,True,False,False,False,False,True,False,True,False
1047,0.4117647058823529,0.05062362435803375,0.4642857142857143,0.29076165653055314,0.8888888888888888,1,True,False,False,False,True,False,True,False,False
1048,0.3921568627450981,0.14159941305942775,0.3214285714285714,0.17114235315799173,0.1111111111111111,1,False,True,False,False,False,True,True,False,False
1049,0.09803921568627455,0.10530404384791334,0.07142857142857142,0.05857883790116631,0.16666666666666666,0,False,True,False,False,False,True,True,False,False
1050,0.09803921568627455,0.0543351603297225,0.17857142857142855,0.10611326119579813,0.9444444444444444,0,False,True,False,False,False,True,True,False,False
1051,0.9215686274509803,0.01873030943852229,0.9999999999999999,0.20430192454519125,0.0,1,False,True,False,False,True,False,True,False,False
1052,0.05882352941176472,0.012860903715851711,0.5,0.0710317773740884,0.22222222222222224,1,True,False,False,False,False,True,False,True,False
1053,0.5686274509803921,0.08596953087911614,0.5,0.0,0.9444444444444444,0,True,False,False,False,False,True,False,True,False
1054,0.1960784313725491,0.3244572957576281,0.7857142857142857,0.019587710291446174,0.6666666666666666,1,True,False,False,False,False,True,True,False,False
1055,0.5686274509803921,0.13585947952181607,0.6071428571428571,1.3163783798014903e-05,0.7222222222222221,1,True,False,False,False,False,True,False,True,False
1056,0.5882352941176471,0.08596953087911614,0.5,0.0,0.1111111111111111,1,False,False,False,True,True,False,True,False,False
1057,0.4509803921568628,0.06659186051529929,0.6428571428571428,0.012400284337730038,0.2777777777777778,0,False,True,False,False,False,True,True,False,False
1058,0.1568627450980392,0.08596953087911614,0.5,0.0,0.5555555555555555,0,False,False,False,True,True,False,False,True,False
1059,0.03921568627450983,0.1959345733891502,0.8928571428571428,0.037240344364584156,0.4444444444444444,0,True,False,False,False,False,True,True,False,False
1060,0.9803921568627451,0.016270337922403004,0.3214285714285714,0.08655187847194798,1.0,1,False,True,False,False,False,True,True,False,False
1061,0.5882352941176471,0.0,0.5,0.05343179843614249,0.33333333333333326,1,False,True,False,False,True,False,False,True,False
1062,0.7647058823529412,0.16123602779336238,0.10714285714285714,0.11825026985756786,0.5,1,True,False,False,False,False,True,True,False,False
1063,0.7058823529411765,0.057097233610979244,0.7857142857142857,0.006029012979490825,0.33333333333333326,1,True,False,False,False,True,False,False,False,True
1064,0.6862745098039217,0.03802166501229986,0.03571428571428571,0.01394044704209778,0.22222222222222224,0,False,True,False,False,False,True,True,False,False
1065,0.4509803921568628,0.001683138405765828,0.07142857142857142,0.07283521575441645,0.16666666666666666,0,True,False,False,False,False,True,True,False,False
1066,0.5882352941176471,0.10064304518579259,0.2142857142857143,0.04326935734407498,0.8888888888888888,1,True,False,False,False,False,True,False,True,False
1067,0.09803921568627455,0.24660135514220363,0.7857142857142857,0.03693757733722981,0.22222222222222224,0,True,False,False,False,False,True,False,True,False
1068,0.019607843137254943,0.40930473436623366,0.5357142857142857,0.00730590000789827,0.8888888888888888,0,False,True,False,False,True,False,False,True,False
1069,0.37254901960784315,0.1079798023391308,0.3214285714285714,0.2380670299870995,0.8888888888888888,0,False,True,False,False,True,False,False,False,True
1070,0.5294117647058824,0.09352207500755255,0.6428571428571428,0.12396335202590633,0.8888888888888888,1,False,False,True,False,True,False,False,True,False
1071,0.1960784313725491,0.011523024470242976,0.9642857142857143,0.013650843798541453,0.0,0,False,False,True,False,True,False,False,True,False
1072,0.05882352941176472,0.10305985930689224,0.5714285714285714,0.007082115683332017,0.05555555555555555,1,False,True,False,False,False,True,True,False,False
1073,0.27450980392156865,0.0618877044581589,0.9642857142857143,0.3879367085274991,1.0,0,False,True,False,False,True,False,False,True,False
1074,0.09803921568627455,0.08596953087911614,0.5,0.0,0.4444444444444444,0,False,False,False,True,True,False,False,True,False
1075,0.9411764705882354,0.06374347244400327,0.14285714285714285,0.05690703735881841,0.7777777777777777,0,False,True,False,False,False,True,True,False,False
1076,0.5686274509803921,0.035561693496180574,0.7857142857142857,0.12739909959718823,1.0,1,True,False,False,False,False,True,False,True,False
1077,0.7254901960784313,0.012904061110871348,0.6785714285714285,0.14869810178237633,0.22222222222222224,1,False,False,True,False,False,True,True,False,False
1078,0.9803921568627451,0.04898364334728755,0.42857142857142855,0.1594397493615565,0.6666666666666666,0,False,True,False,False,True,False,False,True,False
1079,0.019607843137254943,0.013163005480989167,0.42857142857142855,0.06843851196587948,0.16666666666666666,0,False,True,False,False,True,False,False,True,False
1080,0.27450980392156865,0.02520391869146778,0.35714285714285715,0.05917120817207699,0.6666666666666666,0,False,False,True,False,True,False,False,False,True
1081,0.1960784313725491,0.5656639765223771,0.35714285714285715,0.0011715767580233263,0.2777777777777778,1,False,True,False,False,False,True,False,False,True
1082,0.13725490196078433,0.07604333002459972,0.5357142857142857,0.2749914435405313,0.611111111111111,1,False,False,True,False,False,True,False,False,True
1083,0.4901960784313726,0.09826938845971257,0.5,0.09737250875391623,0.4444444444444444,1,True,False,False,False,True,False,False,False,True
1084,0.9803921568627451,0.2677916360968452,0.5714285714285714,0.023918595160993077,0.7777777777777777,0,False,False,True,False,False,True,True,False,False
1085,0.8627450980392156,0.08596953087911614,0.5,0.0,0.7777777777777777,0,False,False,False,True,True,False,True,False,False
1086,0.8431372549019608,0.1131586897414872,0.6071428571428571,0.25951083379406575,0.8888888888888888,1,False,True,False,False,False,True,True,False,False
1087,0.07843137254901966,0.21673643778861507,0.9642857142857143,0.4767132664613116,0.22222222222222224,1,False,True,False,False,False,True,False,False,True
1088,0.09803921568627455,0.0512709852833283,0.6428571428571428,0.218189716452097,0.22222222222222224,1,False,True,False,False,False,True,True,False,False
1089,0.4901960784313726,0.04725734754650209,0.10714285714285714,0.6436827001553327,0.22222222222222224,1,False,True,False,False,False,True,False,True,False
1090,0.05882352941176472,0.06672133270035821,0.75,0.029552694626543453,0.7222222222222221,1,False,False,True,False,False,True,False,False,True
1091,0.3529411764705882,0.08596953087911614,0.5,0.0,0.05555555555555555,1,False,False,False,True,True,False,False,False,True
1092,0.37254901960784315,0.14841828147253033,0.7857142857142857,0.18237106073769843,0.4444444444444444,1,True,False,False,False,True,False,False,False,True
1093,0.6274509803921569,0.04902680074230719,0.14285714285714285,0.02765710975962931,0.7222222222222221,0,False,True,False,False,False,True,False,True,False
1094,0.37254901960784315,0.018514522463424107,0.2142857142857143,0.010912776768554353,0.7777777777777777,0,True,False,False,False,False,True,False,True,False
1095,0.9411764705882354,0.12955849984894913,0.03571428571428571,0.408972435036727,0.16666666666666666,1,True,False,False,False,True,False,False,True,False
1096,0.21568627450980393,0.017780846748090287,0.0,0.036963904904825845,0.2777777777777778,0,False,True,False,False,False,True,True,False,False
1097,0.9019607843137255,0.08596953087911614,0.5,0.0,0.7222222222222221,1,False,False,True,False,True,False,False,True,False
1098,0.0,0.15307928013465108,0.3214285714285714,0.0004344048653344918,0.22222222222222224,0,False,True,False,False,True,False,False,True,False
1099,0.4901960784313726,0.15614345518104528,0.25,0.002237843245662533,0.5555555555555555,0,False,True,False,False,False,True,False,True,False
1100,0.2549019607843137,0.1813042164774934,0.0,0.06604270331464077,0.7222222222222221,1,False,True,False,False,False,True,False,True,False
1101,0.7254901960784313,0.2670148029864917,0.39285714285714285,0.028723376247268517,0.33333333333333326,1,True,False,False,False,True,False,True,False,False
1102,0.7058823529411765,0.08972422424582452,0.03571428571428571,0.12327883526840956,0.7222222222222221,1,True,False,False,False,False,True,False,False,True
1103,0.1960784313725491,0.16965171982219154,0.9285714285714285,0.0878024379327594,0.6666666666666666,1,False,True,False,False,False,True,False,True,False
1104,0.6862745098039217,0.08596953087911614,0.5,0.0,0.9444444444444444,1,False,False,False,True,True,False,True,False,False
1105,0.23529411764705888,0.0267575849121747,0.3214285714285714,0.01869257299318116,0.05555555555555555,0,False,True,False,False,False,True,False,True,False
1106,0.823529411764706,0.003366276811531656,0.75,0.05172050654240055,0.4444444444444444,0,False,True,False,False,False,True,False,True,False
1107,0.03921568627450983,0.043330024599715154,0.5714285714285714,0.021614932996340472,0.5555555555555555,0,False,True,False,False,True,False,True,False,False
1108,0.6274509803921569,0.0757843856544819,0.8928571428571428,0.16546876234104732,0.5555555555555555,1,False,True,False,False,False,True,True,False,False
1109,0.09803921568627455,0.12429329765655345,0.07142857142857142,0.056656925466656134,0.2777777777777778,1,False,True,False,False,True,False,False,False,True
1110,0.9607843137254902,0.24560873505675196,0.2142857142857143,0.010333570281441697,0.0,1,False,False,True,False,False,True,True,False,False
1111,0.17647058823529416,0.02826809373786198,0.39285714285714285,0.06975489034568097,0.22222222222222224,0,True,False,False,False,False,True,False,False,True
1112,0.07843137254901966,0.017349272797893917,0.25,0.010030803254087355,0.7222222222222221,1,True,False,False,False,True,False,False,True,False
1113,0.43137254901960786,0.42855293254499155,0.6785714285714285,0.01453281731300845,0.8333333333333333,0,False,True,False,False,False,True,False,True,False
1114,0.17647058823529416,0.01480298649173536,0.39285714285714285,0.02884185030145065,0.4444444444444444,0,False,True,False,False,False,True,False,True,False
1115,0.8431372549019608,0.08428639247335032,0.07142857142857142,0.20669773319643,1.0,1,False,True,False,False,True,False,False,False,True
1116,0.019607843137254943,0.11406499503689957,0.5714285714285714,0.2722402127267462,0.38888888888888884,1,False,True,False,False,False,True,False,True,False
1117,0.23529411764705888,0.10094514695093004,0.9642857142857143,0.18430613695600662,0.38888888888888884,1,False,True,False,False,True,False,False,True,False
1118,0.7647058823529412,0.08596953087911614,0.5,0.0,0.8333333333333333,0,False,False,False,True,True,False,True,False,False
1119,0.019607843137254943,0.007595701523456044,0.3214285714285714,0.03350182976594793,0.9444444444444444,0,False,False,True,False,False,True,False,True,False
1120,0.37254901960784315,0.014414569936558628,0.75,0.08389279414474897,0.38888888888888884,1,False,True,False,False,False,True,False,True,False
1121,0.0,0.11406499503689957,0.17857142857142855,0.13475765474027857,0.4444444444444444,0,False,True,False,False,False,True,False,True,False
1122,0.7058823529411765,0.10176513745630313,0.8571428571428571,0.528302135165732,0.22222222222222224,1,False,False,True,False,False,True,False,True,False
1123,0.1568627450980392,0.034482758620689655,0.0,0.014861911907958823,0.05555555555555555,0,False,True,False,False,False,True,True,False,False
1124,0.3137254901960784,0.13145742522981313,0.75,0.00531816865439802,0.7222222222222221,1,True,False,False,False,False,True,True,False,False
1125,0.1568627450980392,0.22208795477105003,0.39285714285714285,0.12483216175657531,0.9444444444444444,0,False,False,True,False,False,True,False,True,False
1126,0.1960784313725491,0.00548098916749385,0.14285714285714285,0.1879919964194508,0.6666666666666666,1,False,False,True,False,False,True,False,True,False
1127,0.27450980392156865,0.08924949290060852,0.42857142857142855,0.1972593002132533,0.611111111111111,1,False,True,False,False,True,False,False,False,True
1128,0.4509803921568628,0.1513529843338656,0.9285714285714285,0.11948766553458126,0.7777777777777777,1,False,True,False,False,False,True,True,False,False
1129,0.7254901960784313,0.08596953087911614,0.5,0.0,0.7777777777777777,0,False,True,False,False,False,True,True,False,False
1130,0.6666666666666666,0.04764576410167882,0.75,0.07533633467603927,0.0,1,False,False,True,False,False,True,True,False,False
1131,0.5686274509803921,0.12312804799102327,0.35714285714285715,0.2581418002790722,0.33333333333333326,1,False,False,True,False,False,True,False,True,False
1132,0.5882352941176471,0.2954555263044322,0.25,0.3618592528236316,0.6666666666666666,0,True,False,False,False,True,False,False,False,True
1133,0.9411764705882354,0.21496698459281,0.14285714285714285,0.19781217913276994,0.9444444444444444,0,True,False,False,False,False,True,True,False,False
1134,0.07843137254901966,0.11328816192654612,0.03571428571428571,0.0390437827449122,0.0,0,True,False,False,False,True,False,False,True,False
1135,0.8431372549019608,0.16960856242717187,0.39285714285714285,0.02299713029513203,0.5555555555555555,0,True,False,False,False,False,True,True,False,False
1136,0.9607843137254902,0.05878037201674507,0.9642857142857143,0.08365584603638469,0.6666666666666666,0,True,False,False,False,False,True,False,True,False
1137,0.2549019607843137,0.13262267489534332,0.03571428571428571,0.06354158439301794,0.4444444444444444,1,True,False,False,False,False,True,False,True,False
1138,0.1960784313725491,0.08126537482197574,0.8928571428571428,0.22133586077982254,0.8333333333333333,1,True,False,False,False,False,True,False,False,True
1139,0.1568627450980392,0.027275473652410342,0.5357142857142857,0.011097069741726561,0.5555555555555555,0,False,True,False,False,False,True,False,False,True
1140,0.6470588235294118,0.15661818652626128,0.7142857142857143,0.03138246057446752,0.1111111111111111,0,True,False,False,False,False,True,False,True,False
1141,0.21568627450980393,0.1052608864528937,0.07142857142857142,0.14674986178027014,0.8888888888888888,0,False,True,False,False,False,True,False,True,False
1142,0.6666666666666666,0.05748565016615597,0.3214285714285714,0.010504699470815893,0.05555555555555555,0,False,True,False,False,True,False,False,False,True
1143,0.6666666666666666,0.3137111043977385,0.6428571428571428,0.040728747071058106,0.4444444444444444,1,True,False,False,False,False,True,False,True,False
1144,0.0,0.002718915886237107,0.25,0.051562541136824375,0.4444444444444444,0,True,False,False,False,False,True,True,False,False
1145,0.7647058823529412,0.08596953087911614,0.5,0.0,0.8333333333333333,0,False,False,False,True,True,False,True,False,False
1146,0.4117647058823529,0.007595701523456044,0.0,0.018126530289866518,0.0,0,False,True,False,False,False,True,True,False,False
1147,0.5490196078431373,0.1883388718656942,0.39285714285714285,0.20751388779190688,0.8888888888888888,1,True,False,False,False,False,True,True,False,False
1148,0.13725490196078433,0.15679081610633983,0.9999999999999999,0.062488481689176735,0.5,1,False,True,False,False,True,False,True,False,False
1149,0.1960784313725491,0.052090975788701394,0.9642857142857143,0.26213042676987075,0.22222222222222224,0,False,False,True,False,True,False,False,False,True
1150,0.7843137254901961,0.1457856803763325,0.14285714285714285,0.06643761682858121,0.38888888888888884,0,False,True,False,False,False,True,False,True,False
1151,0.7058823529411765,0.06525398126969056,0.5357142857142857,0.033870415712292344,0.6666666666666666,0,True,False,False,False,True,False,False,False,True
1152,0.2549019607843137,0.18277156790816107,0.8571428571428571,0.01611247136877024,0.22222222222222224,1,True,False,False,False,True,False,False,True,False
1153,0.5686274509803921,0.07837382935566009,0.10714285714285714,0.00039491351394044705,0.16666666666666666,0,False,True,False,False,False,True,False,True,False
1154,0.6666666666666666,0.06883604505632039,0.5714285714285714,0.07999631414053657,0.38888888888888884,1,False,False,True,False,False,True,False,True,False
1155,0.3921568627450981,0.3533727504207846,0.8214285714285714,0.011939551904799516,0.33333333333333326,1,False,False,True,False,False,True,True,False,False
1156,0.7058823529411765,0.03741746148202495,0.7142857142857143,0.05235236816470527,0.22222222222222224,0,False,True,False,False,True,False,False,True,False
1157,0.07843137254901966,0.016615597082560097,0.03571428571428571,0.09371297685806808,0.5,0,False,True,False,False,False,True,False,False,True
1158,0.3529411764705882,0.11371973587674249,0.39285714285714285,0.03396256219887845,0.8888888888888888,0,False,True,False,False,False,True,True,False,False
1159,0.2549019607843137,0.45112425014026153,0.0,0.020285390832740963,0.2777777777777778,0,False,True,False,False,True,False,False,True,False
1160,0.4901960784313726,0.06145613050796254,0.39285714285714285,0.15695179422373168,0.5,0,False,False,True,False,False,True,True,False,False
1161,0.05882352941176472,0.00828621984377023,0.39285714285714285,0.3089276781718137,0.8333333333333333,1,False,False,True,False,False,True,False,False,True
1162,0.47058823529411764,0.053644642009408314,0.39285714285714285,0.011149724876918623,0.5,0,False,True,False,False,False,True,True,False,False
1163,0.8627450980392156,0.09127789046653144,0.6428571428571428,0.017810599478714162,0.16666666666666666,0,False,True,False,False,True,False,False,True,False
1164,0.8039215686274509,0.022873419360407404,0.8571428571428571,0.3390200879340758,0.05555555555555555,0,True,False,False,False,False,True,False,False,True
1165,0.47058823529411764,0.1389668119632299,0.5714285714285714,0.00405444540978859,0.0,0,False,True,False,False,True,False,True,False,False
1166,0.33333333333333337,0.7893487549091537,0.6785714285714285,0.400192191243451,0.1111111111111111,1,False,True,False,False,True,False,False,True,False
1167,0.7647058823529412,0.07781278322040482,0.8214285714285714,0.00048706000052655134,0.6666666666666666,0,False,True,False,False,False,True,False,True,False
1168,0.13725490196078433,0.05670881705580252,0.8214285714285714,0.21787378564094462,0.611111111111111,1,True,False,False,False,False,True,True,False,False
1169,0.7450980392156864,0.06628975875016184,0.8928571428571428,0.038675196798567776,0.0,0,True,False,False,False,False,True,False,False,True
1170,0.7647058823529412,0.015838763972206637,0.9642857142857143,0.2938288181554906,0.5,1,True,False,False,False,False,True,False,True,False
1171,0.2549019607843137,0.27810625350653834,0.35714285714285715,0.0,0.2777777777777778,1,False,True,False,False,True,False,False,True,False
1172,0.607843137254902,0.06939709119157567,0.42857142857142855,0.11186583471553065,0.4444444444444444,1,True,False,False,False,False,True,False,False,True
1173,0.9803921568627451,0.06344137067886582,0.9285714285714285,0.00878024379327594,0.0,0,True,False,False,False,True,False,False,True,False
1174,0.7254901960784313,0.1395710154935048,0.25,0.02922360003159308,0.611111111111111,1,False,False,True,False,False,True,False,False,True
1175,0.6274509803921569,0.07552544128436407,0.3214285714285714,0.15646473422320512,0.22222222222222224,1,False,True,False,False,False,True,False,True,False
1176,0.43137254901960786,0.13525527599154116,0.25,0.07921965089645368,0.0,1,False,False,True,False,False,True,True,False,False
1177,0.27450980392156865,0.008199905053730956,0.6785714285714285,0.2770318300292236,0.05555555555555555,0,False,False,True,False,False,True,False,True,False
1178,0.6274509803921569,0.2175995856890078,0.25,0.05896058763130874,0.7222222222222221,1,False,True,False,False,False,True,False,False,True
1179,0.47058823529411764,0.36537050623624356,0.2857142857142857,0.21470131374562304,0.05555555555555555,1,False,True,False,False,False,True,True,False,False
1180,0.3137254901960784,0.13547106296663933,0.2142857142857143,0.06276492114893505,0.22222222222222224,1,False,False,True,False,False,True,False,False,True
1181,0.6274509803921569,0.4002416814121099,0.4642857142857143,0.40809046152226,0.5,1,True,False,False,False,False,True,True,False,False
1182,0.9019607843137255,0.02127659574468085,0.9642857142857143,0.33854619171734723,0.2777777777777778,1,False,False,True,False,False,True,False,True,False
1183,0.019607843137254943,0.08402744810323248,0.03571428571428571,0.042045125450859595,0.22222222222222224,0,True,False,False,False,False,True,False,True,False
1184,0.2549019607843137,0.11920072504423633,0.8571428571428571,0.2286154332201248,0.05555555555555555,1,True,False,False,False,False,True,True,False,False
1185,0.7647058823529412,0.11285658797634975,0.35714285714285715,0.19812810994392227,0.4444444444444444,1,False,True,False,False,True,False,True,False,False
1186,0.7647058823529412,0.06646238833024039,0.25,0.02491904272964221,0.5,0,False,True,False,False,True,False,False,False,True
1187,0.9803921568627451,0.053428855034310135,0.42857142857142855,0.1030987547060527,0.38888888888888884,1,False,False,True,False,False,True,False,True,False
1188,0.7450980392156864,0.017565059772992102,0.7142857142857143,0.007950925414001001,0.2777777777777778,0,False,True,False,False,False,True,True,False,False
1189,0.9803921568627451,0.06434767597427819,0.5,0.19084853750362002,0.22222222222222224,1,False,True,False,False,False,True,False,False,True
1190,0.09803921568627455,0.023002891545466315,0.9642857142857143,0.020206408129952873,0.9444444444444444,0,True,False,False,False,False,True,False,True,False
1191,0.09803921568627455,0.17163695999309483,0.07142857142857142,0.007740304873232762,0.9444444444444444,0,True,False,False,False,True,False,False,False,True
1192,0.03921568627450983,0.030339648698804542,0.7857142857142857,0.053839875733880944,0.05555555555555555,1,False,True,False,False,False,True,True,False,False
1193,0.11764705882352944,0.0078114884985542275,0.4642857142857143,0.09059316009793854,0.611111111111111,1,False,True,False,False,False,True,True,False,False
1194,0.9803921568627451,0.10405247939234387,0.5,0.20330147697654213,0.38888888888888884,1,False,True,False,False,False,True,False,True,False
1195,0.13725490196078433,0.11708601268827414,0.03571428571428571,0.38533027933549224,0.16666666666666666,0,False,True,False,False,False,True,False,True,False
1196,0.8039215686274509,0.2660653402960597,0.9999999999999999,0.060961482768607016,0.16666666666666666,0,True,False,False,False,True,False,False,True,False
1197,1.0,0.1113892365456821,0.6428571428571428,0.006568728115209436,0.4444444444444444,0,False,True,False,False,True,False,False,False,True
1198,0.27450980392156865,0.054896206464977775,0.39285714285714285,0.14561777637364084,0.4444444444444444,1,False,False,True,False,False,True,False,False,True
1199,0.9019607843137255,0.21034914332570886,0.8571428571428571,0.08769712766237528,0.611111111111111,1,True,False,False,False,False,True,False,True,False
1200,0.5490196078431373,0.10059988779077295,0.6785714285714285,0.06255430060816682,0.7222222222222221,1,True,False,False,False,False,True,False,False,True
1201,0.6274509803921569,0.01070303396486988,0.10714285714285714,0.03896480004212411,0.1111111111111111,0,False,True,False,False,False,True,True,False,False
1202,1.0,0.10802295973415045,0.07142857142857142,0.07350656872811522,0.2777777777777778,0,True,False,False,False,True,False,False,False,True
1203,0.5686274509803921,0.3089637909455785,0.14285714285714285,0.04354579680383329,0.7777777777777777,0,False,True,False,False,False,True,False,True,False
1204,0.7450980392156864,0.06534029605972984,0.07142857142857142,0.14898770502593267,1.0,0,False,True,False,False,False,True,False,True,False
1205,0.5098039215686275,0.045487894350696986,0.8571428571428571,0.08266856225153357,0.16666666666666666,1,True,False,False,False,False,True,True,False,False
1206,0.6862745098039217,0.020068188684131027,0.5,0.2205591975357397,0.0,1,False,True,False,False,False,True,False,True,False
1207,0.5490196078431373,0.02127659574468085,0.6428571428571428,0.08258957954874549,0.4444444444444444,1,True,False,False,False,False,True,True,False,False
1208,0.7254901960784313,0.07341072892840189,0.03571428571428571,0.02865755732827844,0.8333333333333333,0,False,True,False,False,False,True,True,False,False
1209,0.6274509803921569,0.11725864226835268,0.39285714285714285,0.20055024616275702,0.4444444444444444,1,False,True,False,False,True,False,False,True,False
1210,0.7058823529411765,0.010875663544948427,0.14285714285714285,0.08578837901166311,0.611111111111111,1,False,False,True,False,True,False,False,True,False
1211,0.5098039215686275,0.36334210867032063,0.75,0.0,0.7222222222222221,1,True,False,False,False,False,True,False,False,True
1212,0.6274509803921569,0.18216736437788617,0.5714285714285714,0.10287497038148646,0.7777777777777777,1,True,False,False,False,False,True,False,True,False
1213,0.05882352941176472,0.11436709680203704,0.4642857142857143,0.04662612221256878,0.8333333333333333,0,True,False,False,False,False,True,False,True,False
1214,0.4117647058823529,0.22821630486383843,0.9642857142857143,0.1959297580496538,0.38888888888888884,1,False,True,False,False,False,True,True,False,False
1215,0.019607843137254943,0.010832506149928789,0.9285714285714285,0.06359423952820999,0.5,0,True,False,False,False,False,True,True,False,False
1216,0.17647058823529416,0.08389797591817358,0.75,0.13650843798541454,0.7222222222222221,1,False,True,False,False,False,True,True,False,False
1217,0.07843137254901966,0.12878166673859565,0.3214285714285714,0.010570518389805965,0.8888888888888888,0,True,False,False,False,True,False,False,False,True
1218,0.17647058823529416,0.22838893444391697,0.07142857142857142,0.05310270384119212,0.1111111111111111,1,True,False,False,False,True,False,False,True,False
1219,0.6274509803921569,0.19809244314013205,0.10714285714285714,0.4306005318168655,0.16666666666666666,0,False,False,True,False,True,False,False,True,False
1220,0.7254901960784313,0.041992145354106426,0.17857142857142855,0.17403838559355503,0.8333333333333333,1,True,False,False,False,False,True,False,False,True
1221,0.23529411764705888,0.36619049674161663,0.8214285714285714,0.01835031461443277,0.7222222222222221,0,False,True,False,False,True,False,False,False,True
1222,0.5882352941176471,0.017176643217815372,0.8571428571428571,0.034265329226232794,0.7222222222222221,0,True,False,False,False,False,True,True,False,False
1223,0.9019607843137255,0.26938845971257175,0.75,0.04215043572124372,0.8333333333333333,1,False,True,False,False,True,False,False,True,False
1224,0.6862745098039217,0.4581157481334427,0.5357142857142857,0.11066793038991127,0.38888888888888884,1,False,True,False,False,False,True,False,True,False
1225,0.8627450980392156,0.025247076086487418,0.2142857142857143,0.14897454124213463,0.9444444444444444,1,False,True,False,False,False,True,False,True,False
1226,0.4509803921568628,0.16576755427042422,0.5,0.14578890556301505,0.33333333333333326,1,True,False,False,False,False,True,True,False,False
1227,1.0,0.005308359587415303,0.7142857142857143,0.07509938656767501,0.1111111111111111,1,False,True,False,False,True,False,False,True,False
1228,0.27450980392156865,0.06732553623063312,0.9642857142857143,0.17534160018955847,0.2777777777777778,0,False,True,False,False,True,False,False,True,False
1229,0.5490196078431373,0.09403996374778818,0.8571428571428571,0.0605139141194745,0.8333333333333333,1,False,False,True,False,False,True,True,False,False
1230,0.13725490196078433,0.11251132881619265,0.6785714285714285,0.013927283258299766,0.16666666666666666,0,True,False,False,False,False,True,True,False,False
1231,0.07843137254901966,0.35578956454188426,0.8928571428571428,0.08752599847300108,1.0,1,False,True,False,False,False,True,True,False,False
1232,0.5490196078431373,0.14444780113072375,0.35714285714285715,0.0,0.05555555555555555,1,False,True,False,False,False,True,True,False,False
1233,0.9019607843137255,0.0849769107936645,0.75,0.16586367585498776,0.16666666666666666,0,True,False,False,False,True,False,True,False,False
1234,0.05882352941176472,0.21479435501273145,0.7142857142857143,0.09102756496327305,0.05555555555555555,1,False,False,True,False,True,False,False,True,False
1235,0.21568627450980393,0.38923654568210264,0.0,0.10960166390227208,0.33333333333333326,1,False,True,False,False,False,True,True,False,False
1236,0.8627450980392156,0.0028915454663156533,0.14285714285714285,0.28090198246583997,0.7777777777777777,0,True,False,False,False,False,True,False,True,False
1237,0.019607843137254943,0.5239307755383885,0.42857142857142855,0.05889476871231867,0.8888888888888888,1,True,False,False,False,True,False,False,True,False
1238,0.5098039215686275,0.011652496655301887,0.7142857142857143,0.04238738382960799,0.7222222222222221,0,True,False,False,False,False,True,True,False,False
1239,0.5882352941176471,0.2180311596392042,0.4642857142857143,0.39837558907932497,0.5555555555555555,1,False,False,True,False,False,True,True,False,False
1240,0.9803921568627451,0.04259634888438134,0.2857142857142857,0.20967274833478136,0.8888888888888888,1,True,False,False,False,False,True,True,False,False
1241,0.9803921568627451,0.018341892883345562,0.5714285714285714,0.04108416923360451,0.22222222222222224,1,False,False,True,False,True,False,True,False,False
1242,0.6862745098039217,0.07505070993914807,0.5,0.0656346260169023,0.7222222222222221,0,False,True,False,False,True,False,False,False,True
1243,0.6862745098039217,0.13370160977083423,0.7142857142857143,0.05647263249348393,0.8888888888888888,1,True,False,False,False,False,True,True,False,False
1244,0.4901960784313726,0.062103491433257094,0.2142857142857143,0.017007608667035254,0.05555555555555555,0,True,False,False,False,True,False,True,False,False
1245,0.823529411764706,0.007250442363298951,0.9285714285714285,0.3333859884685254,0.33333333333333326,1,False,True,False,False,True,False,True,False,False
1246,0.5098039215686275,0.11846704932890251,0.75,0.054550720058973746,0.16666666666666666,1,True,False,False,False,False,True,False,True,False
1247,0.07843137254901966,0.3012817746320832,0.75,0.2192691467235342,0.38888888888888884,1,False,True,False,False,True,False,False,True,False
1248,0.37254901960784315,0.0625782227784731,0.39285714285714285,0.02210199299686702,0.0,1,False,True,False,False,False,True,True,False,False
1249,0.1960784313725491,0.03154805575935436,0.7857142857142857,0.08359002711739462,0.5,0,False,True,False,False,False,True,False,True,False
1250,0.17647058823529416,0.07565491346942299,0.17857142857142855,0.002553774056814891,0.0,0,True,False,False,False,False,True,True,False,False
1251,0.7647058823529412,0.006430451857925856,0.7142857142857143,0.15216017692125425,0.0,1,False,False,True,False,True,False,True,False,False
1252,0.7254901960784313,0.22239005653618749,0.5357142857142857,0.09158044388278966,0.16666666666666666,1,False,True,False,False,False,True,False,False,True
1253,0.09803921568627455,0.22666263864313152,0.8928571428571428,0.10345417686859912,0.8888888888888888,0,True,False,False,False,False,True,False,False,True
1254,0.13725490196078433,0.1147986707522334,0.14285714285714285,0.005594608114156333,0.22222222222222224,0,False,True,False,False,False,True,False,True,False
1255,0.43137254901960786,0.05640671529066506,0.2857142857142857,0.024958534081036255,0.7222222222222221,0,False,False,True,False,True,False,True,False,False
1256,0.9019607843137255,0.08596953087911614,0.4642857142857143,0.0,0.2777777777777778,1,True,False,False,False,True,False,False,True,False
1257,0.4901960784313726,0.10474299771265806,0.25,0.03591080220098465,0.33333333333333326,1,True,False,False,False,False,True,False,True,False
1258,0.8823529411764707,0.22636053687799407,0.4642857142857143,0.10398072822051971,0.38888888888888884,1,True,False,False,False,False,True,False,False,True
1259,0.823529411764706,0.12925639808381165,0.39285714285714285,0.08794723955453757,0.9444444444444444,1,False,True,False,False,False,True,False,True,False
1260,0.21568627450980393,0.19865348927538734,0.3214285714285714,0.0997419898375589,0.16666666666666666,1,True,False,False,False,False,True,False,True,False
1261,0.4901960784313726,0.11816494756376504,0.6785714285714285,0.083919121712345,0.1111111111111111,1,False,False,True,False,False,True,False,False,True
1262,0.23529411764705888,0.06922446161149713,0.6785714285714285,0.0,0.16666666666666666,1,False,True,False,False,False,True,False,False,True
1263,0.7647058823529412,0.41025419705666566,0.8928571428571428,0.029526367058947425,0.8333333333333333,1,True,False,False,False,False,True,False,False,True
1264,0.33333333333333337,0.10085883216089077,0.7142857142857143,0.015520101097859567,0.6666666666666666,1,False,False,True,False,False,True,False,False,True
1265,0.47058823529411764,0.12027965991972725,0.42857142857142855,0.19914172129636942,0.5555555555555555,1,False,True,False,False,True,False,True,False,False
1266,0.6274509803921569,0.03223857407966855,0.9999999999999999,0.10092673037938026,0.5555555555555555,1,False,False,True,False,False,True,False,True,False
1267,0.9019607843137255,0.12722800051788874,0.6428571428571428,0.021733407050522603,0.22222222222222224,1,False,False,True,False,False,True,True,False,False
1268,0.7647058823529412,0.1097492555349359,0.5,0.020535502724903246,0.0,0,True,False,False,False,False,True,True,False,False
1269,0.823529411764706,0.026455483147037245,0.25,0.21734723428902405,0.7222222222222221,1,False,True,False,False,False,True,False,True,False
1270,0.21568627450980393,0.007940960683613137,0.7857142857142857,0.14297185583023986,1.0,0,False,True,False,False,False,True,False,False,True
1271,0.8431372549019608,0.12006387294462906,0.7142857142857143,0.11341916120369638,0.22222222222222224,0,False,True,False,False,True,False,True,False,False
1272,0.6862745098039217,0.18678520564498727,0.3214285714285714,0.05501145249190427,0.2777777777777778,1,True,False,False,False,True,False,False,True,False
1273,0.9215686274509803,0.0959388891286522,0.07142857142857142,0.03198799462917621,1.0,1,True,False,False,False,False,True,False,True,False
1274,0.05882352941176472,0.03331750895515947,0.7142857142857143,0.40911723665850513,0.611111111111111,0,True,False,False,False,True,False,False,True,False
1275,0.07843137254901966,0.14220361658970265,0.07142857142857142,0.16804886396545823,0.7222222222222221,1,False,True,False,False,False,True,False,False,True
1276,0.7058823529411765,0.010789348754909153,0.8928571428571428,0.03783271463549483,0.8888888888888888,1,False,True,False,False,True,False,True,False,False
1277,0.13725490196078433,0.07548228388934443,0.14285714285714285,0.19808861859252822,0.33333333333333326,1,True,False,False,False,True,False,True,False,False
1278,0.8039215686274509,0.023089206335505586,0.5357142857142857,0.1498170234052076,0.0,0,True,False,False,False,True,False,True,False,False
1279,0.9411764705882354,0.02641232575201761,0.5714285714285714,0.037121870310402025,0.8888888888888888,0,False,False,True,False,False,True,True,False,False
1280,0.5294117647058824,0.029260713823313626,0.17857142857142855,0.0585656741173683,0.2777777777777778,0,True,False,False,False,False,True,False,False,True
1281,0.5882352941176471,0.06331189849380692,0.8928571428571428,0.02166758813153253,0.16666666666666666,0,True,False,False,False,True,False,True,False,False
1282,0.1568627450980392,0.006818868413102586,0.6785714285714285,0.012400284337730038,0.7222222222222221,0,True,False,False,False,True,False,False,False,True
1283,0.9803921568627451,0.06564239782486729,0.6785714285714285,0.13509991311902694,0.38888888888888884,1,True,False,False,False,False,True,False,False,True
1284,0.5490196078431373,0.09283155668723836,0.5357142857142857,0.0327778216570571,0.9444444444444444,1,False,True,False,False,False,True,False,False,True
1285,0.2549019607843137,0.08549479953390013,0.8214285714285714,0.1806202774925625,0.6666666666666666,1,False,False,True,False,False,True,True,False,False
1286,0.7647058823529412,0.06249190798843382,0.03571428571428571,0.5716373114287971,0.38888888888888884,0,True,False,False,False,False,True,False,False,True
1287,0.7843137254901961,0.23658883949764792,0.6785714285714285,0.008398494063133507,0.8333333333333333,1,False,True,False,False,False,True,True,False,False
1288,0.4117647058823529,0.020327133054248846,0.5,0.06746439196482637,0.22222222222222224,0,False,True,False,False,False,True,False,False,True
1289,0.1960784313725491,0.09123473307151181,0.6071428571428571,0.1705763104546771,0.1111111111111111,1,False,True,False,False,True,False,False,False,True
1290,0.43137254901960786,0.00828621984377023,0.0,0.16382328936629545,0.6666666666666666,0,True,False,False,False,False,True,False,False,True
1291,0.0,0.009537784299339692,0.8928571428571428,0.15029091962193614,0.7777777777777777,0,False,True,False,False,False,True,False,False,True
1292,0.8823529411764707,0.1104397738552501,0.9999999999999999,0.04520443356238318,0.16666666666666666,1,False,True,False,False,False,True,True,False,False
1293,0.7058823529411765,0.10806611712917008,0.9999999999999999,0.06369954979859412,0.1111111111111111,1,True,False,False,False,True,False,False,True,False
1294,0.3921568627450981,0.27240947736394633,0.6428571428571428,0.09517415685964774,0.05555555555555555,1,False,True,False,False,False,True,False,True,False
1295,0.4901960784313726,0.10564930300807043,0.39285714285714285,0.38410604744227683,0.16666666666666666,0,True,False,False,False,False,True,False,False,True
1296,0.8823529411764707,0.08596953087911614,0.5,0.0,0.2777777777777778,0,False,False,False,True,True,False,False,True,False
1297,0.6862745098039217,0.006473609252945493,0.17857142857142855,0.2702129900218519,0.16666666666666666,1,True,False,False,False,True,False,True,False,False
1298,0.43137254901960786,0.013335635061067714,0.39285714285714285,0.03305426111681542,0.8888888888888888,0,False,True,False,False,True,False,True,False,False
1299,0.0,0.005826248327650944,0.2142857142857143,0.47564699997367244,0.33333333333333326,0,False,True,False,False,False,True,True,False,False
1300,0.9803921568627451,0.02654179793707652,0.6071428571428571,0.11684174499118027,0.9444444444444444,1,False,True,False,False,False,True,False,False,True
1301,0.7647058823529412,0.1009019895559104,0.75,0.06558197088171024,0.5,1,True,False,False,False,True,False,True,False,False
1302,0.27450980392156865,0.13430581330110916,0.4642857142857143,0.10008424821630729,0.8888888888888888,1,True,False,False,False,False,True,False,False,True
1303,0.3921568627450981,0.0060420353027491255,0.25,0.03350182976594793,0.16666666666666666,0,False,True,False,False,True,False,True,False,False
1304,0.9019607843137255,0.37784299339691857,0.8214285714285714,0.033751941658110206,1.0,1,True,False,False,False,False,True,False,False,True
1305,0.1568627450980392,0.2390488110137672,0.6785714285714285,0.012689887581286367,0.33333333333333326,1,False,True,False,False,True,False,False,True,False
1306,0.1568627450980392,0.04557420914073627,0.75,0.012755706500276439,0.6666666666666666,0,False,False,True,False,True,False,False,True,False
1307,0.17647058823529416,0.010400932199732425,0.4642857142857143,0.04499381302161493,0.1111111111111111,1,False,False,True,False,True,False,False,False,True
1308,1.0,0.02412498381597687,0.14285714285714285,0.15155464286654555,0.38888888888888884,1,True,False,False,False,True,False,True,False,False
1309,0.4901960784313726,0.017565059772992102,0.2857142857142857,0.09860990443092962,0.5555555555555555,0,True,False,False,False,True,False,True,False,False
1310,0.7843137254901961,0.017047171032756464,0.25,0.011399836769080905,0.8333333333333333,0,True,False,False,False,False,True,True,False,False
1311,0.6666666666666666,0.0946441672780631,0.03571428571428571,0.20136640075823395,1.0,1,True,False,False,False,False,True,False,True,False
1312,1.0,0.03651115618661258,0.9642857142857143,0.09685912118579365,0.4444444444444444,0,True,False,False,False,False,True,True,False,False
1313,0.47058823529411764,0.0573993353761167,0.5357142857142857,0.34125793117973835,0.5,0,False,False,True,False,True,False,False,True,False
1314,0.4901960784313726,0.5900047473134522,0.42857142857142855,0.11681541742358423,0.2777777777777778,1,True,False,False,False,True,False,True,False,False
1315,0.1960784313725491,0.14928142937292307,0.2142857142857143,0.020285390832740963,0.1111111111111111,0,True,False,False,False,False,True,True,False,False
1316,0.7254901960784313,0.38526606534029606,0.5357142857142857,0.06760919358660454,0.38888888888888884,1,True,False,False,False,False,True,True,False,False
1317,0.019607843137254943,0.019895559104052482,0.2142857142857143,0.11010188768659664,0.2777777777777778,0,True,False,False,False,True,False,True,False,False
1318,0.11764705882352944,0.06231927840835527,0.9285714285714285,0.0030145064897454123,0.38888888888888884,0,True,False,False,False,True,False,False,False,True
1319,0.33333333333333337,0.10474299771265806,0.4642857142857143,0.0015796540557617882,0.7222222222222221,0,False,True,False,False,False,True,True,False,False
1320,0.5098039215686275,0.010357774804712788,0.4642857142857143,0.014598636231998526,0.38888888888888884,0,False,True,False,False,False,True,False,False,True
1321,0.6470588235294118,0.000561046135255276,0.39285714285714285,0.030526814627596557,0.5555555555555555,0,False,True,False,False,False,True,True,False,False
1322,0.5098039215686275,0.08596953087911614,0.0,0.0,0.5,1,True,False,False,False,False,True,True,False,False
1323,0.3137254901960784,0.13292477666048078,0.0,0.07038675196798568,0.5,0,False,True,False,False,False,True,False,True,False
1324,0.823529411764706,0.06849078589616331,0.39285714285714285,0.015638575152041704,0.5555555555555555,1,False,False,True,False,False,True,False,True,False
1325,0.8431372549019608,0.08709162314962669,0.6785714285714285,0.11784219255982939,0.0,1,True,False,False,False,True,False,True,False,False
1326,0.9803921568627451,0.06952656337663458,0.7142857142857143,0.09547692388700209,0.7777777777777777,0,True,False,False,False,False,True,False,True,False
1327,0.4509803921568628,0.0031504898364334726,0.5,0.036726956796461575,0.22222222222222224,0,False,True,False,False,True,False,False,False,True
1328,0.47058823529411764,0.05291096629407449,0.10714285714285714,0.0014480162177816394,0.7222222222222221,1,True,False,False,False,False,True,True,False,False
1329,0.11764705882352944,0.025247076086487418,0.2142857142857143,0.008516968117315641,0.38888888888888884,0,True,False,False,False,False,True,False,False,True
1330,1.0,0.013421949851106986,0.5357142857142857,0.05235236816470527,0.8888888888888888,1,True,False,False,False,False,True,False,False,True
1331,0.09803921568627455,0.40654266108497694,0.07142857142857142,0.01761314272174394,0.16666666666666666,1,False,True,False,False,False,True,False,True,False
1332,0.4509803921568628,0.11842389193388288,0.2142857142857143,0.04979859410789037,0.16666666666666666,0,True,False,False,False,True,False,False,True,False
1333,0.6274509803921569,0.1688748867118381,0.9999999999999999,0.10419134876128795,0.9444444444444444,1,True,False,False,False,True,False,True,False,False
1334,0.9411764705882354,0.04906995813732683,0.8214285714285714,0.08344522549561646,1.0,0,True,False,False,False,False,True,False,True,False
1335,0.5490196078431373,0.06464977773941565,0.75,0.02768343732722534,0.1111111111111111,1,False,False,True,False,False,True,False,True,False
1336,0.823529411764706,0.08596953087911614,0.5,0.0,0.4444444444444444,0,False,False,False,True,True,False,False,False,True
1337,0.4117647058823529,0.013206162876008804,0.5357142857142857,0.10025537740568148,0.33333333333333326,0,False,False,True,False,False,True,False,False,True
1338,0.4901960784313726,0.025549177851624874,0.8214285714285714,0.20769818076507912,0.05555555555555555,0,True,False,False,False,True,False,False,False,True
1339,0.5294117647058824,0.08596953087911614,0.5,0.0,0.4444444444444444,1,False,False,False,True,True,False,True,False,False
1340,0.9607843137254902,0.14651935609166633,0.7857142857142857,0.0848932417133981,0.2777777777777778,1,True,False,False,False,True,False,True,False,False
1341,0.3921568627450981,0.10249881317163696,0.75,0.04737645788905563,0.2777777777777778,1,False,True,False,False,False,True,True,False,False
1342,0.9411764705882354,0.08346640196797721,0.17857142857142855,0.047837190321986155,0.8333333333333333,0,False,True,False,False,True,False,True,False,False
1343,0.11764705882352944,0.3310172198006128,0.3214285714285714,0.22277071321380618,0.05555555555555555,0,False,True,False,False,False,True,True,False,False
1344,0.3137254901960784,0.009796728669457511,0.5357142857142857,0.0042124108153647685,0.8333333333333333,0,False,True,False,False,True,False,False,True,False
1345,0.37254901960784315,0.04263950627940098,0.35714285714285715,0.46561619671958504,0.1111111111111111,0,False,True,False,False,True,False,False,False,True
1346,0.7843137254901961,0.05575935436537051,0.42857142857142855,0.11497248769186215,0.8333333333333333,1,False,True,False,False,False,True,False,False,True
1347,0.9411764705882354,0.19748823960985715,0.9999999999999999,0.12036963904904825,0.611111111111111,1,True,False,False,False,False,True,True,False,False
1348,0.37254901960784315,0.6337231884683441,0.17857142857142855,0.004080772977384619,0.1111111111111111,1,False,True,False,False,True,False,False,False,True
1349,0.4117647058823529,0.03564800828621984,0.8214285714285714,0.0979648790248269,0.5555555555555555,1,False,True,False,False,True,False,False,True,False
1350,0.5294117647058824,0.26852531181217903,0.0,0.06983387304846905,0.5555555555555555,0,True,False,False,False,False,True,False,True,False
1351,0.7647058823529412,0.22989944326960426,0.7142857142857143,0.011768422715425322,0.8333333333333333,0,True,False,False,False,True,False,False,False,True
1352,0.9411764705882354,0.032929092399982735,0.6428571428571428,0.03429165679382882,0.22222222222222224,0,False,False,True,False,False,True,False,False,True
1353,0.11764705882352944,0.06598765698502437,0.39285714285714285,0.23274886133270148,0.38888888888888884,0,True,False,False,False,False,True,True,False,False
1354,0.0,0.06823184152604549,0.8214285714285714,0.08409025090171919,0.5555555555555555,1,False,True,False,False,True,False,False,True,False
1355,0.607843137254902,0.4954468948254283,0.9285714285714285,0.0561830292499276,0.5555555555555555,1,False,True,False,False,False,True,False,False,True
1356,0.23529411764705888,0.025851279616762333,0.17857142857142855,0.007950925414001001,0.9444444444444444,0,False,True,False,False,False,True,False,True,False
1357,0.5686274509803921,0.20784601441456993,0.6071428571428571,0.1318747860885133,1.0,1,False,True,False,False,True,False,True,False,False
1358,0.43137254901960786,0.05265202192395667,0.42857142857142855,0.12779401311112867,0.5,1,False,True,False,False,False,True,False,True,False
1359,0.9803921568627451,0.169953821587329,0.2142857142857143,0.10025537740568148,0.16666666666666666,1,False,False,True,False,False,True,False,False,True
1360,0.3529411764705882,0.07051918346208623,0.7857142857142857,0.0751783692704631,0.5,0,False,True,False,False,False,True,True,False,False
1361,0.607843137254902,0.11182081049587847,0.42857142857142855,0.059895216280967806,0.7222222222222221,1,False,True,False,False,False,True,False,False,True
1362,0.5686274509803921,0.23140995209529153,0.7142857142857143,0.09473975199431324,0.2777777777777778,1,False,True,False,False,True,False,False,True,False
1363,0.5490196078431373,0.21108281904104267,0.25,0.027986204354579682,0.22222222222222224,0,True,False,False,False,True,False,False,True,False
1364,0.9411764705882354,0.2606275085235855,0.7142857142857143,0.29851512518758394,0.7777777777777777,1,False,True,False,False,True,False,False,False,True
1365,0.8627450980392156,0.007940960683613137,0.5714285714285714,0.09358133902008794,0.22222222222222224,0,False,True,False,False,True,False,False,True,False
1366,0.5490196078431373,0.15247507660437615,0.2857142857142857,0.03925440328568044,0.2777777777777778,1,False,True,False,False,True,False,True,False,False
1367,0.5686274509803921,0.01950714254887575,0.6785714285714285,0.06289655898691521,1.0,0,False,True,False,False,False,True,False,True,False
1368,0.2941176470588236,0.06961287816667386,0.42857142857142855,0.1725245504567833,0.8888888888888888,1,False,True,False,False,True,False,False,False,True
1369,0.7647058823529412,0.10297354451685296,0.03571428571428571,0.018560935155201012,0.7222222222222221,0,True,False,False,False,True,False,False,True,False
1370,0.3529411764705882,0.06672133270035821,0.10714285714285714,0.036490008688097306,0.5555555555555555,0,False,True,False,False,False,True,True,False,False
1371,0.33333333333333337,0.08596953087911614,0.5,0.0,0.7222222222222221,1,False,False,False,True,True,False,True,False,False
1372,0.0,0.7331578265935867,0.8571428571428571,0.03991259247558118,0.22222222222222224,0,True,False,False,False,True,False,True,False,False
1373,0.2549019607843137,0.018816624228561566,0.03571428571428571,0.16561356396282548,0.6666666666666666,1,True,False,False,False,True,False,False,True,False
1374,0.9803921568627451,0.1456993655862932,0.10714285714285714,0.01471711028618066,0.611111111111111,1,False,True,False,False,True,False,True,False,False
1375,0.9019607843137255,0.06529713866471021,0.6071428571428571,0.15147566016375746,1.0,1,False,True,False,False,False,True,True,False,False
1376,0.9607843137254902,0.08596953087911614,0.5,0.0,0.5,0,False,False,False,True,True,False,False,True,False
1377,0.019607843137254943,0.022398688015191404,0.6428571428571428,0.001329542163599505,0.6666666666666666,1,True,False,False,False,True,False,True,False,False
1378,0.5294117647058824,0.3859997410556299,0.3214285714285714,0.24063396782771243,0.7777777777777777,1,True,False,False,False,True,False,False,False,True
1379,0.9411764705882354,0.2740926157697121,0.6071428571428571,0.0916989179369718,0.6666666666666666,1,False,True,False,False,True,False,False,True,False
1380,0.9607843137254902,0.30758275430495013,0.8571428571428571,0.04566516599531369,0.16666666666666666,0,True,False,False,False,False,True,True,False,False
1381,0.5686274509803921,0.6177981097060982,0.7142857142857143,0.02788089408419556,0.4444444444444444,1,True,False,False,False,False,True,True,False,False
1382,0.7254901960784313,0.030253333908765265,0.3214285714285714,0.10103204064976437,1.0,1,True,False,False,False,False,True,False,True,False
1383,0.9803921568627451,0.05688144663588106,0.14285714285714285,0.0749150935945028,0.33333333333333326,1,False,True,False,False,True,False,False,True,False
1384,0.05882352941176472,0.14323939407017391,0.5714285714285714,0.5033041097333018,0.7777777777777777,1,True,False,False,False,True,False,True,False,False
1385,0.0,0.08562427171895905,0.75,0.4304425664112893,0.8888888888888888,0,False,True,False,False,False,True,False,False,True
1386,0.13725490196078433,0.07017392430192915,0.42857142857142855,0.10613958876339415,0.7222222222222221,1,True,False,False,False,False,True,False,True,False
1387,0.5490196078431373,0.05735617798109706,0.7857142857142857,0.06160650817470974,0.7222222222222221,0,False,True,False,False,False,True,False,False,True
1388,0.7450980392156864,0.11665443873807778,0.5714285714285714,0.07115025142827054,0.4444444444444444,1,False,True,False,False,True,False,True,False,False
1389,0.03921568627450983,0.11095766259548574,0.2857142857142857,0.12081720769818077,0.8333333333333333,1,False,False,True,False,False,True,False,True,False
1390,0.607843137254902,0.022787104570368134,0.8214285714285714,0.011281362714898772,0.05555555555555555,0,True,False,False,False,False,True,True,False,False
1391,0.17647058823529416,0.08260325406758448,0.39285714285714285,0.04191348761287945,0.7222222222222221,0,False,True,False,False,False,True,False,False,True
1392,0.17647058823529416,0.10439773855250098,0.4642857142857143,0.008240528657557328,0.16666666666666666,1,False,True,False,False,True,False,False,True,False
1393,0.3529411764705882,0.10936083897975918,0.4642857142857143,0.00802990811678909,0.1111111111111111,1,True,False,False,False,False,True,True,False,False
1394,0.8823529411764707,0.030555435673902724,0.25,0.02295763894373799,0.1111111111111111,0,False,False,True,False,True,False,True,False,False
1395,0.6470588235294118,0.17556428293988174,0.7857142857142857,0.06993918331885318,0.5555555555555555,1,True,False,False,False,False,True,False,True,False
1396,0.6274509803921569,0.0033231194165120196,0.14285714285714285,0.16176973909380513,0.22222222222222224,0,False,False,True,False,True,False,False,True,False
1397,0.43137254901960786,0.05675197445082215,0.6428571428571428,0.06997867467024721,0.8333333333333333,1,False,True,False,False,False,True,False,True,False
1398,0.5294117647058824,0.19615036036424843,0.9642857142857143,0.04303240923571071,1.0,1,True,False,False,False,False,True,False,True,False
1399,0.607843137254902,0.10746191359889516,0.4642857142857143,0.009056683253034253,0.4444444444444444,1,True,False,False,False,True,False,False,True,False
1400,0.9607843137254902,0.039186914677830045,0.2857142857142857,0.08415606982070926,0.5555555555555555,0,True,False,False,False,False,True,False,False,True
1401,0.11764705882352944,0.1537266410599456,0.2142857142857143,0.03333070057657373,0.611111111111111,1,False,True,False,False,True,False,False,False,True
1402,0.5490196078431373,0.10849769107936645,0.9285714285714285,0.10050548929784377,0.38888888888888884,1,True,False,False,False,False,True,False,True,False
1403,0.13725490196078433,0.20594708903370593,0.8928571428571428,0.3981254771871627,0.7222222222222221,1,True,False,False,False,True,False,True,False,False
1404,0.0,0.1719390617582323,0.8928571428571428,0.012426611905326066,0.8888888888888888,1,True,False,False,False,True,False,False,True,False
1405,0.03921568627450983,0.12196279832549307,0.25,0.02510333570281442,0.7777777777777777,0,True,False,False,False,False,True,False,True,False
1406,0.4509803921568628,0.08670320659444995,0.4642857142857143,0.06747755574862438,0.7777777777777777,1,True,False,False,False,True,False,False,True,False
1407,0.43137254901960786,0.08596953087911614,0.5,0.0,0.611111111111111,1,False,False,False,True,True,False,False,True,False
1408,0.13725490196078433,0.03923007207284968,0.9642857142857143,0.15560908827633416,0.4444444444444444,1,False,True,False,False,False,True,False,False,True
1409,0.9019607843137255,0.07034655388200768,0.4642857142857143,0.24063396782771243,0.611111111111111,0,False,True,False,False,False,True,False,True,False
1410,0.7058823529411765,0.11842389193388288,0.35714285714285715,0.0427559697759524,1.0,0,True,False,False,False,False,True,True,False,False
1411,0.03921568627450983,0.09334944542747399,0.4642857142857143,0.5089777005502462,0.611111111111111,1,False,False,True,False,True,False,False,True,False
1412,0.9803921568627451,0.04402054292002935,0.7142857142857143,0.011426164336676934,0.5555555555555555,0,False,True,False,False,False,True,False,True,False
1413,0.6274509803921569,0.0008199905053730957,0.25,0.005726245952136482,0.2777777777777778,0,True,False,False,False,True,False,False,False,True
1414,0.5294117647058824,0.08596953087911614,0.5,0.0,0.38888888888888884,1,False,False,False,True,True,False,False,True,False
1415,0.9019607843137255,0.043545811574813346,0.9642857142857143,0.27600505489297844,0.5555555555555555,1,False,True,False,False,False,True,False,False,True
1416,0.13725490196078433,0.1717664321781537,0.9999999999999999,0.010004475686491324,0.1111111111111111,0,True,False,False,False,False,True,False,True,False
1417,0.6470588235294118,0.0031504898364334726,0.9999999999999999,0.01267672379748835,0.8333333333333333,0,True,False,False,False,True,False,True,False,False
1418,0.6666666666666666,0.08596953087911614,0.7857142857142857,0.0,0.2777777777777778,0,False,True,False,False,False,True,False,False,True
1419,0.607843137254902,0.3674852185922058,0.6071428571428571,0.011623621093647158,0.4444444444444444,1,True,False,False,False,False,True,False,True,False
1420,0.4509803921568628,0.08596953087911614,0.5,0.0,0.4444444444444444,0,True,False,False,False,False,True,True,False,False
1421,0.2549019607843137,0.08260325406758448,0.42857142857142855,0.36954690256167233,0.2777777777777778,0,False,False,True,False,True,False,False,False,True
1422,0.607843137254902,0.012429329765655344,0.39285714285714285,0.11607824553089541,0.22222222222222224,1,False,True,False,False,False,True,False,True,False
1423,0.8823529411764707,0.12722800051788874,0.5,0.15876839638785772,0.0,0,True,False,False,False,True,False,True,False,False
1424,0.823529411764706,0.10353459065210824,0.6071428571428571,0.15762314719743042,0.1111111111111111,1,False,True,False,False,False,True,False,True,False
1425,0.2941176470588236,0.06775711018082949,0.14285714285714285,0.0,0.1111111111111111,1,False,True,False,False,False,True,False,True,False
1426,0.05882352941176472,0.09542100038841655,0.2142857142857143,0.16818050180343838,0.611111111111111,1,True,False,False,False,True,False,False,True,False
1427,1.0,0.2937723878986664,0.35714285714285715,0.09539794118421399,0.16666666666666666,1,True,False,False,False,True,False,False,False,True
1428,0.7058823529411765,0.028311251132881618,0.8928571428571428,0.03976779085380302,0.8333333333333333,0,False,True,False,False,False,True,False,True,False
1429,0.3921568627450981,0.00293470286133529,0.9285714285714285,0.08672300766132217,0.5555555555555555,0,False,False,True,False,True,False,False,True,False
1430,0.2549019607843137,0.2560959820465237,0.35714285714285715,0.0802990811678909,0.38888888888888884,1,True,False,False,False,True,False,True,False,False
1431,0.5882352941176471,0.11143239394070174,0.9285714285714285,0.18262117262986072,0.4444444444444444,1,True,False,False,False,False,True,False,True,False
1432,0.9215686274509803,0.28656510293038717,0.5,0.4214911934286391,0.7222222222222221,1,True,False,False,False,False,True,True,False,False
1433,0.33333333333333337,0.11764705882352942,0.3214285714285714,0.05574862438459311,0.7777777777777777,0,False,True,False,False,False,True,False,True,False
1434,0.11764705882352944,0.21513961417288854,0.5,0.15179159097490982,1.0,1,True,False,False,False,True,False,True,False,False
1435,0.17647058823529416,0.0727202106080877,0.42857142857142855,0.011070742174130533,0.4444444444444444,0,False,True,False,False,True,False,True,False,False
1436,0.11764705882352944,0.17940529109662942,0.4642857142857143,0.1579522417923808,0.8888888888888888,1,False,False,True,False,False,True,False,True,False
1437,0.6274509803921569,0.31621423330887743,0.5714285714285714,0.04889029302582735,0.4444444444444444,1,False,True,False,False,False,True,False,True,False
1438,0.43137254901960786,0.10992188511501445,0.42857142857142855,0.004225574599162784,0.1111111111111111,1,False,True,False,False,False,True,True,False,False
1439,0.3921568627450981,0.025808122221742696,0.3214285714285714,0.04753442329463181,0.8333333333333333,0,True,False,False,False,False,True,False,False,True
1440,0.3529411764705882,0.04052479392343878,0.8571428571428571,0.09933391253982043,0.6666666666666666,1,False,True,False,False,False,True,False,True,False
1441,0.9215686274509803,0.02865651029303871,0.0,0.01337440433878314,0.8888888888888888,0,False,True,False,False,True,False,False,True,False
1442,0.3529411764705882,0.03672694316171076,0.0,0.27143722191506725,0.16666666666666666,0,False,True,False,False,False,True,False,True,False
1443,0.6862745098039217,0.047386819731561,0.5,0.008516968117315641,0.4444444444444444,0,False,False,True,False,False,True,True,False,False
1444,0.5490196078431373,0.10487246989771698,0.5357142857142857,0.28005950030276705,0.4444444444444444,1,True,False,False,False,False,True,False,False,True
1445,0.33333333333333337,0.1147986707522334,0.39285714285714285,0.12932101203169838,0.9444444444444444,1,False,True,False,False,False,True,False,True,False
1446,0.019607843137254943,0.07198653489275388,0.8928571428571428,0.042124108153647685,0.7222222222222221,1,False,True,False,False,False,True,False,True,False
1447,0.0,0.12373225152129819,0.8214285714285714,0.05218123897533107,0.1111111111111111,1,False,True,False,False,False,True,False,True,False
1448,0.9019607843137255,0.011005135730007337,0.17857142857142855,0.14219519258615695,0.16666666666666666,0,True,False,False,False,True,False,False,True,False
1449,0.07843137254901966,0.011911441025419705,0.17857142857142855,0.09688544875338967,0.0,1,True,False,False,False,False,True,True,False,False
1450,0.37254901960784315,0.024427085581114324,0.39285714285714285,0.11727614985651476,0.9444444444444444,0,False,True,False,False,False,True,False,False,True
1451,0.1960784313725491,0.09451469509300418,0.8571428571428571,0.05190479951557276,0.16666666666666666,1,False,True,False,False,False,True,False,True,False
1452,0.8039215686274509,0.031159639204177636,0.5,0.07046573467077377,0.5,0,False,True,False,False,False,True,False,False,True
1453,0.019607843137254943,0.043114237624616976,0.10714285714285714,0.4835847616038754,0.16666666666666666,0,False,True,False,False,False,True,False,True,False
1454,0.03921568627450983,0.06620344396012257,0.8214285714285714,0.0253534475949767,0.8888888888888888,0,False,True,False,False,False,True,False,False,True
1455,0.43137254901960786,0.2163048638384187,0.10714285714285714,0.056972856277808494,0.38888888888888884,0,True,False,False,False,False,True,True,False,False
1456,0.21568627450980393,0.0018126105908247377,0.03571428571428571,0.03633204328252113,1.0,0,False,True,False,False,False,True,False,True,False
1457,0.37254901960784315,0.13568684994173752,0.9285714285714285,0.1525550904351947,0.4444444444444444,0,True,False,False,False,False,True,False,False,True
1458,0.07843137254901966,0.143109921885115,0.8214285714285714,0.15206803043466813,0.8333333333333333,1,True,False,False,False,False,True,False,True,False
1459,0.7058823529411765,0.20750075525441283,0.39285714285714285,0.03643735355290525,0.7777777777777777,0,False,True,False,False,False,True,True,False,False
1460,0.7254901960784313,0.34948858486901735,0.2142857142857143,0.008938209198852118,0.8333333333333333,0,True,False,False,False,False,True,False,False,True
1461,0.5686274509803921,0.0026326010961978336,0.6785714285714285,0.001211068109417371,0.611111111111111,0,True,False,False,False,True,False,False,True,False
1462,0.1568627450980392,0.021621854904837944,0.2857142857142857,0.058723639522944474,0.9444444444444444,0,False,True,False,False,True,False,True,False,False
1463,0.6470588235294118,0.2813430581330111,0.2857142857142857,0.05563015033041097,0.33333333333333326,1,True,False,False,False,False,True,False,False,True
1464,0.8431372549019608,0.07940960683613137,0.25,0.46924940104783724,0.8333333333333333,0,False,True,False,False,False,True,False,False,True
1465,0.6666666666666666,0.10763454317897372,0.4642857142857143,0.06681936655872364,1.0,1,False,False,True,False,True,False,True,False,False
1466,1.0,0.1408225799490743,0.0,0.031198167601295314,0.2777777777777778,0,True,False,False,False,True,False,False,True,False
1467,0.4117647058823529,0.14716671701696085,0.7857142857142857,0.23363083484716846,0.2777777777777778,1,True,False,False,False,True,False,True,False,False
1468,0.8431372549019608,0.34754650209313365,0.7142857142857143,0.07113708764447253,0.2777777777777778,1,False,False,True,False,False,True,True,False,False
1469,0.4509803921568628,0.7499460532562255,0.7857142857142857,0.096279914698681,0.7777777777777777,1,True,False,False,False,False,True,True,False,False
1470,0.3137254901960784,0.1649044063700315,0.39285714285714285,0.01058368217360398,0.05555555555555555,1,True,False,False,False,True,False,False,False,True
1471,0.17647058823529416,0.0438479133399508,0.8571428571428571,0.05083853302793355,0.4444444444444444,0,True,False,False,False,False,True,False,True,False
1472,0.5686274509803921,0.2742652453497907,0.03571428571428571,0.3039649316799621,0.38888888888888884,0,False,True,False,False,True,False,False,True,False
1473,0.8823529411764707,0.006516766647965129,0.42857142857142855,0.09376563199326014,0.33333333333333326,1,True,False,False,False,False,True,True,False,False
1474,0.43137254901960786,0.034008027275473654,0.9285714285714285,0.04448042545349235,0.8333333333333333,0,False,True,False,False,False,True,False,False,True
1475,0.607843137254902,0.2947650079841181,0.10714285714285714,0.10348050443619514,0.7777777777777777,1,False,True,False,False,False,True,True,False,False
1476,0.3137254901960784,0.03832376677743732,0.6785714285714285,0.2540610273016876,0.4444444444444444,1,True,False,False,False,True,False,False,False,True
1477,0.9607843137254902,0.03228173147468819,0.6071428571428571,0.03372561409051418,0.7777777777777777,0,False,True,False,False,True,False,False,False,True
1478,0.9803921568627451,0.01924819817875793,0.6428571428571428,0.07407261143142986,0.05555555555555555,0,False,True,False,False,False,True,False,False,True
1479,0.3137254901960784,0.25372232532044364,0.5357142857142857,0.3355843403627939,0.7222222222222221,0,True,False,False,False,True,False,False,False,True
1480,0.2549019607843137,0.08976738164084416,0.9285714285714285,0.019929968670194562,0.5555555555555555,0,False,True,False,False,False,True,False,False,True
1481,0.1568627450980392,0.14548357861119504,0.4642857142857143,0.1339283363610036,0.1111111111111111,0,False,True,False,False,False,True,False,False,True
1482,0.7647058823529412,0.03538906391610202,0.9999999999999999,0.10037385145986362,0.05555555555555555,1,True,False,False,False,False,True,True,False,False
1483,0.019607843137254943,0.18372103059859307,0.25,0.1198825790485217,0.9444444444444444,1,True,False,False,False,False,True,False,True,False
1484,0.8627450980392156,0.18475680807906436,0.39285714285714285,0.0,0.7222222222222221,0,True,False,False,False,True,False,False,True,False
1485,0.47058823529411764,0.04855206939709119,0.2857142857142857,0.03967564436721691,0.22222222222222224,0,True,False,False,False,False,True,False,True,False
1486,0.7450980392156864,0.06844762850114366,0.17857142857142855,0.0,0.611111111111111,1,True,False,False,False,False,True,False,True,False
1487,0.1568627450980392,0.030469120883863447,0.8928571428571428,0.025564068135744942,0.7222222222222221,0,True,False,False,False,True,False,False,True,False
1488,0.4117647058823529,0.48595226792110824,0.6071428571428571,0.05730195087275887,0.2777777777777778,1,False,True,False,False,False,True,False,False,True
1489,0.823529411764706,0.13430581330110916,0.03571428571428571,0.021957191375088857,0.38888888888888884,0,True,False,False,False,False,True,True,False,False
1490,0.8823529411764707,0.3529843338656079,0.7857142857142857,0.0008819735144669985,0.33333333333333326,1,False,False,True,False,False,True,False,True,False
1491,0.05882352941176472,0.04682577359630573,0.25,0.3694810836426823,0.33333333333333326,0,False,True,False,False,True,False,False,False,True
1492,0.4901960784313726,0.19714298044970005,0.8214285714285714,0.0,0.611111111111111,0,False,True,False,False,False,True,True,False,False
1493,0.5490196078431373,0.18795045531051743,0.4642857142857143,0.36701945607245345,0.33333333333333326,0,False,True,False,False,False,True,False,True,False
1494,0.8627450980392156,0.15234560441931724,0.17857142857142855,0.01592817839559803,0.611111111111111,1,True,False,False,False,True,False,False,False,True
1495,0.6470588235294118,0.4364075784385655,0.3214285714285714,0.09322591685754153,0.8333333333333333,0,False,True,False,False,False,True,False,True,False
1496,0.43137254901960786,0.06473609252945492,0.25,0.023628991917436747,0.33333333333333326,0,True,False,False,False,False,True,True,False,False
1497,0.7058823529411765,0.01812610590824738,0.5714285714285714,0.1643893320696101,0.38888888888888884,1,True,False,False,False,False,True,False,True,False
1498,0.1960784313725491,0.1442320141556256,0.8571428571428571,0.16124318774188454,0.0,1,True,False,False,False,False,True,True,False,False
1499,0.09803921568627455,0.16917698847697554,0.9999999999999999,0.012584577310902246,0.6666666666666666,0,False,True,False,False,False,True,False,False,True
1500,0.33333333333333337,0.1107850330154072,0.39285714285714285,0.2560224310875918,1.0,1,True,False,False,False,True,False,False,True,False
1501,0.3921568627450981,0.02999438953864745,0.5714285714285714,0.02279967353816181,0.0,1,False,True,False,False,False,True,False,False,True
1502,0.8039215686274509,0.08596953087911614,0.5,0.0,0.9444444444444444,1,False,False,False,True,True,False,False,True,False
1503,0.6862745098039217,0.04846575460705192,0.6428571428571428,0.4468183134560198,0.33333333333333326,1,True,False,False,False,True,False,True,False,False
1504,0.7843137254901961,0.07220232186785205,0.39285714285714285,0.22540346997340915,0.8888888888888888,1,False,True,False,False,False,True,False,False,True
1505,0.7254901960784313,0.13417634111605023,0.5357142857142857,0.3303056630597899,0.7777777777777777,1,False,False,True,False,False,True,False,False,True
1506,0.6470588235294118,0.17703163437054942,0.8571428571428571,0.044177658426138015,1.0,1,False,True,False,False,False,True,False,True,False
1507,0.3137254901960784,0.03422381425057183,0.9285714285714285,0.011755258931627308,0.16666666666666666,1,False,False,True,False,False,True,False,True,False
1508,0.7058823529411765,0.06728237883561348,0.14285714285714285,0.021970355158886873,0.8888888888888888,1,False,True,False,False,False,True,True,False,False
1509,0.47058823529411764,0.040611108713478054,0.8571428571428571,0.07309849143037675,0.33333333333333326,0,False,True,False,False,True,False,False,True,False
1510,0.7254901960784313,0.02865651029303871,0.5357142857142857,0.1659821499091699,0.8333333333333333,1,False,True,False,False,False,True,True,False,False
1511,0.21568627450980393,0.19804928574511244,0.8571428571428571,0.0171392465050154,0.8888888888888888,1,False,True,False,False,False,True,False,False,True
1512,0.43137254901960786,0.31069008674636395,0.17857142857142855,0.1135244714740805,0.7777777777777777,0,True,False,False,False,True,False,True,False,False
1513,0.8039215686274509,0.05985930689223598,0.35714285714285715,0.041176315720190614,0.4444444444444444,0,True,False,False,False,True,False,False,True,False
1514,0.4117647058823529,0.18013896681196323,0.5714285714285714,0.043953874101571755,0.6666666666666666,0,True,False,False,False,False,True,True,False,False
1515,0.3921568627450981,0.29429027663890206,0.8928571428571428,0.1142089882315773,0.33333333333333326,1,False,True,False,False,False,True,False,False,True
1516,0.5098039215686275,0.2423287730352596,0.7857142857142857,0.06626648763920702,1.0,1,False,True,False,False,True,False,True,False,False
1517,0.5882352941176471,0.026153381381899786,0.4642857142857143,0.17602611694705525,0.5555555555555555,0,True,False,False,False,True,False,True,False,False
1518,0.09803921568627455,0.40529109662940743,0.17857142857142855,0.017850090830108207,0.38888888888888884,1,False,True,False,False,True,False,False,True,False
1519,0.5098039215686275,0.061197186137844715,0.8571428571428571,0.16432351315062002,0.8888888888888888,1,True,False,False,False,False,True,False,True,False
1520,0.7647058823529412,0.053644642009408314,0.7857142857142857,0.0069899691967459125,0.16666666666666666,0,True,False,False,False,True,False,False,True,False
1521,0.6470588235294118,0.008329377238789867,0.9642857142857143,0.022720690835373723,0.16666666666666666,0,False,True,False,False,False,True,True,False,False
1522,0.21568627450980393,0.08622847524923395,0.35714285714285715,0.11241871363504727,0.9444444444444444,0,True,False,False,False,True,False,False,True,False
1523,0.8627450980392156,0.014932458676794269,0.39285714285714285,0.20330147697654213,0.8888888888888888,1,True,False,False,False,False,True,True,False,False
1524,0.11764705882352944,0.03698588753182858,0.42857142857142855,0.03067161624937472,0.1111111111111111,0,True,False,False,False,False,True,True,False,False
1525,0.17647058823529416,0.04937205990246429,0.10714285714285714,0.041729194639707236,0.4444444444444444,0,False,True,False,False,False,True,True,False,False
1526,0.8627450980392156,0.21423330887747616,0.2142857142857143,0.08111523576336782,0.2777777777777778,1,False,True,False,False,False,True,False,True,False
1527,0.3137254901960784,0.26973371887272884,0.03571428571428571,0.02503751678382434,0.05555555555555555,0,False,True,False,False,True,False,False,False,True
1528,0.4901960784313726,0.04665314401622718,0.17857142857142855,0.17553905694652872,0.611111111111111,0,False,True,False,False,False,True,True,False,False
1529,0.3921568627450981,0.25337706616028655,0.17857142857142855,0.1564515704394071,0.7777777777777777,1,False,True,False,False,True,False,False,True,False
1530,0.5294117647058824,0.2520391869146778,0.6071428571428571,0.016533712450306718,0.4444444444444444,0,True,False,False,False,False,True,False,True,False
1531,0.8823529411764707,0.1873030943852229,0.6785714285714285,0.0656346260169023,0.05555555555555555,1,True,False,False,False,True,False,True,False,False
1532,0.019607843137254943,0.020542920029347028,0.25,0.15700444935892371,0.611111111111111,0,True,False,False,False,False,True,False,True,False
1533,0.823529411764706,0.15178455828406198,0.25,0.04333517626306506,0.8333333333333333,1,False,True,False,False,False,True,False,True,False
1534,0.0,0.37559880885589747,0.9999999999999999,0.10558670984387752,0.33333333333333326,1,False,False,True,False,False,True,False,True,False
1535,0.9803921568627451,0.14854775365758924,0.25,0.0054234789247821396,0.0,1,False,True,False,False,False,True,False,True,False
1536,0.6862745098039217,0.05217729057874067,0.25,0.09880736118789986,0.33333333333333326,0,True,False,False,False,False,True,False,False,True
1537,0.9803921568627451,0.08989685382590307,0.0,0.017442013532369745,0.1111111111111111,0,False,False,True,False,False,True,True,False,False
1538,0.4901960784313726,0.13434897069612878,0.03571428571428571,0.18696522128320564,0.22222222222222224,1,True,False,False,False,False,True,True,False,False
1539,0.5490196078431373,0.0925294549221009,0.39285714285714285,0.046257536266224364,0.1111111111111111,0,False,False,True,False,True,False,False,False,True
1540,0.3921568627450981,0.016529282292520823,0.5,0.034818208145749416,0.7777777777777777,1,True,False,False,False,False,True,True,False,False
1541,0.1960784313725491,0.048422597212032285,0.10714285714285714,0.19357344074980914,0.2777777777777778,1,False,True,False,False,False,True,True,False,False
1542,0.7647058823529412,0.2099175693755125,0.9642857142857143,0.0054234789247821396,0.7777777777777777,0,False,True,False,False,True,False,False,True,False
1543,0.1960784313725491,0.2558801950714255,0.8571428571428571,0.05320801411157623,0.1111111111111111,1,False,True,False,False,False,True,True,False,False
1544,0.6862745098039217,0.01911872599369902,0.07142857142857142,0.04865334491746308,0.0,1,False,True,False,False,False,True,False,True,False
1545,0.9411764705882354,0.39419964610936087,0.4642857142857143,0.035305268146275964,0.05555555555555555,0,True,False,False,False,False,True,True,False,False
1546,0.7450980392156864,0.05161624444348539,0.75,0.2556538451412474,0.16666666666666666,1,False,True,False,False,False,True,False,True,False
1547,0.7647058823529412,0.14056363557895646,0.7857142857142857,0.1463812758339257,0.7222222222222221,1,True,False,False,False,False,True,False,True,False
1548,0.6666666666666666,0.18044106857710068,0.25,0.006950477845351868,0.7222222222222221,1,False,True,False,False,True,False,False,True,False
1549,0.6470588235294118,0.21634802123343835,0.42857142857142855,0.1320722428454835,0.5,1,False,True,False,False,True,False,False,True,False
1550,0.9019607843137255,0.3772819472616633,0.7857142857142857,0.07890372008530132,0.5555555555555555,1,False,False,True,False,False,True,False,False,True
1551,0.4509803921568628,0.04859522679211083,0.6428571428571428,0.24339836242529553,0.16666666666666666,1,False,True,False,False,False,True,False,True,False
1552,0.4117647058823529,0.253204436580208,0.75,0.03953084274543875,0.7777777777777777,1,True,False,False,False,False,True,False,False,True
1553,0.07843137254901966,0.018298735488325925,0.14285714285714285,0.08990864334044177,0.16666666666666666,0,True,False,False,False,False,True,True,False,False
1554,0.6274509803921569,0.08596953087911614,0.5,0.0,0.8333333333333333,0,False,False,False,True,True,False,True,False,False
1555,0.6862745098039217,0.1753916533598032,0.9642857142857143,0.07082115683332017,0.05555555555555555,1,True,False,False,False,False,True,False,True,False
1556,0.9019607843137255,0.14660567088170556,0.8928571428571428,0.0641339546639286,0.6666666666666666,0,False,True,False,False,True,False,False,False,True
1557,0.37254901960784315,0.03763324845712313,0.6785714285714285,0.02424768975594345,0.38888888888888884,0,True,False,False,False,True,False,False,True,False
1558,0.3529411764705882,0.26723058996158994,0.0,0.14842166232261803,0.6666666666666666,1,True,False,False,False,False,True,True,False,False
1559,0.6666666666666666,0.02395235423589832,0.5357142857142857,0.06321248979806757,0.38888888888888884,0,False,True,False,False,True,False,True,False,False
1560,1.0,0.007120970178240041,0.9999999999999999,0.33514993549745936,0.16666666666666666,0,True,False,False,False,False,True,True,False,False
1561,0.823529411764706,0.16365284191446205,0.7857142857142857,0.03183002922360003,0.22222222222222224,0,False,True,False,False,True,False,False,True,False
1562,0.3137254901960784,0.08355271675801648,0.8214285714285714,0.12089619040096886,0.2777777777777778,1,True,False,False,False,True,False,True,False,False
1563,0.8627450980392156,0.2448319019463985,0.03571428571428571,0.2975410051865308,1.0,1,False,False,True,False,False,True,False,False,True
1564,0.823529411764706,0.06262138017349272,0.2142857142857143,0.11468288444830584,0.5,1,False,False,True,False,False,True,False,False,True
1565,0.6470588235294118,0.02386603944585905,0.17857142857142855,0.2158860542874444,0.1111111111111111,0,True,False,False,False,True,False,False,False,True
1566,0.1568627450980392,0.23443096974666608,0.14285714285714285,0.1850564726324935,0.6666666666666666,1,False,True,False,False,False,True,False,True,False
1567,0.4901960784313726,0.10305985930689224,0.9999999999999999,0.04702103572650923,0.4444444444444444,1,False,False,True,False,False,True,False,True,False
1568,0.019607843137254943,0.02714600146735143,0.10714285714285714,0.09653002659084327,0.8888888888888888,1,False,True,False,False,False,True,False,True,False
1569,0.1568627450980392,0.16499072116007077,0.03571428571428571,0.017889582181502252,0.5,1,True,False,False,False,True,False,False,False,True
1570,0.1568627450980392,0.09265892710715981,0.3214285714285714,0.08075981360082142,0.611111111111111,1,False,True,False,False,False,True,False,True,False
1571,0.7647058823529412,0.12002071554960941,0.75,0.027578127056841217,0.6666666666666666,1,False,False,True,False,False,True,True,False,False
1572,0.3137254901960784,0.08001381036640628,0.14285714285714285,0.1433799331279783,0.5,0,True,False,False,False,True,False,False,False,True
1573,0.0,0.2284320918389366,0.6071428571428571,0.07907484927467552,1.0,1,True,False,False,False,True,False,True,False,False
1574,0.47058823529411764,0.22907945276423114,0.3214285714285714,0.05578811573598716,1.0,0,False,True,False,False,False,True,True,False,False
1575,0.823529411764706,0.15998446333779293,0.7857142857142857,0.03297527841402733,0.8888888888888888,1,True,False,False,False,True,False,False,True,False
1576,0.7647058823529412,0.014414569936558628,0.75,0.699707763999684,0.22222222222222224,1,True,False,False,False,True,False,True,False,False
1577,0.8039215686274509,0.23632989512753008,0.9642857142857143,0.007832451359818866,0.38888888888888884,0,True,False,False,False,True,False,False,False,True
1578,0.47058823529411764,0.1439299123904881,0.5,0.004686307032093305,0.22222222222222224,1,False,True,False,False,False,True,True,False,False
1579,0.7450980392156864,0.15458978896033834,0.9285714285714285,0.025801016244109208,0.7777777777777777,0,False,True,False,False,False,True,False,True,False
1580,0.6666666666666666,0.058391955461568334,0.2857142857142857,0.3731142879709344,0.16666666666666666,0,False,True,False,False,True,False,False,True,False
1581,0.03921568627450983,0.27374735660955507,0.35714285714285715,0.40803780638706794,0.6666666666666666,1,False,True,False,False,False,True,False,True,False
1582,0.9607843137254902,0.16732122049113116,0.8928571428571428,0.11205012768870284,0.8888888888888888,1,False,True,False,False,False,True,True,False,False
1583,0.7058823529411765,0.015450347417029909,0.7142857142857143,0.22337624726851485,0.22222222222222224,1,False,True,False,False,True,False,False,True,False
1584,0.8431372549019608,0.06784342497086876,0.8571428571428571,0.0253534475949767,0.0,0,False,True,False,False,False,True,True,False,False
1585,0.8431372549019608,0.2816020025031289,0.8571428571428571,0.37669483716399443,0.7777777777777777,1,False,True,False,False,False,True,True,False,False
1586,0.9803921568627451,0.006257822277847309,0.9999999999999999,0.016230945422952375,0.5,0,False,True,False,False,False,True,False,False,True
1587,0.5686274509803921,0.42143196236675157,0.5714285714285714,0.01122870757970671,0.5555555555555555,0,False,False,True,False,True,False,False,True,False
1588,0.7254901960784313,0.14716671701696085,0.7142857142857143,0.012531922175710185,0.9444444444444444,0,True,False,False,False,False,True,False,False,True
1589,0.6470588235294118,0.12921324068879203,0.2857142857142857,0.08964536766448147,0.6666666666666666,1,False,True,False,False,False,True,True,False,False
1590,0.21568627450980393,0.04082689568857624,0.7857142857142857,0.0,0.8333333333333333,0,True,False,False,False,False,True,False,True,False
1591,0.3529411764705882,0.08596953087911614,0.5,0.0,1.0,1,True,False,False,False,False,True,False,False,True
1592,0.7058823529411765,0.3687799404427949,0.17857142857142855,0.40144275070426244,0.611111111111111,1,False,False,True,False,True,False,False,True,False
1593,0.8431372549019608,0.04587631090587373,0.75,0.060013690335149944,0.7222222222222221,1,False,True,False,False,False,True,True,False,False
1594,0.9411764705882354,0.1934314444780113,0.35714285714285715,0.01716557407261143,0.05555555555555555,1,False,True,False,False,False,True,False,True,False
1595,0.3137254901960784,0.06464977773941565,0.7857142857142857,0.06605586709843878,0.5,1,False,False,True,False,True,False,True,False,False
1596,0.17647058823529416,0.019420827758836478,0.5714285714285714,0.11967195850775347,0.16666666666666666,0,False,True,False,False,True,False,True,False,False
1597,0.9411764705882354,0.0013810366406283717,0.10714285714285714,0.1879919964194508,0.0,1,False,True,False,False,True,False,False,True,False
1598,0.9019607843137255,0.1017219800612835,0.9999999999999999,0.06464734223205118,0.8888888888888888,1,False,True,False,False,False,True,True,False,False
1599,0.21568627450980393,0.4817228432091839,0.5,0.09481873469710134,0.5555555555555555,0,False,True,False,False,False,True,True,False,False
1600,0.2941176470588236,0.0596435199171378,0.0,0.03276465787325909,0.33333333333333326,0,False,False,True,False,False,True,False,False,True
1601,0.4509803921568628,0.08596953087911614,0.5,0.0,0.8888888888888888,1,False,False,False,True,True,False,False,True,False
1602,0.3529411764705882,0.05459410469984032,0.9999999999999999,0.4493325961614406,0.8888888888888888,1,False,False,True,False,False,True,False,True,False
1603,0.13725490196078433,0.09516205601829873,0.6785714285714285,0.00529184108680199,0.4444444444444444,0,False,False,True,False,False,True,True,False,False
1604,0.5882352941176471,0.07522333951922662,0.0,0.22918147592343943,0.5,0,True,False,False,False,True,False,False,True,False
1605,0.3921568627450981,0.27443787492986926,0.2857142857142857,0.08699944712108049,0.2777777777777778,1,False,True,False,False,True,False,True,False,False
1606,0.3137254901960784,0.09119157567649216,0.39285714285714285,0.030592633546586628,0.8888888888888888,0,False,True,False,False,True,False,False,True,False
1607,0.43137254901960786,0.09175262181174745,0.10714285714285714,0.32631703656899136,0.8333333333333333,1,False,True,False,False,False,True,False,True,False
1608,0.7058823529411765,0.019291355573777567,0.9642857142857143,0.06954426980491273,0.33333333333333326,1,False,True,False,False,False,True,False,False,True
1609,0.2941176470588236,0.5255707565491347,0.75,0.042440038964800045,1.0,0,True,False,False,False,False,True,False,False,True
1610,0.09803921568627455,0.0372448319019464,0.42857142857142855,0.02108838164441987,0.16666666666666666,1,False,True,False,False,True,False,True,False,False
1611,0.13725490196078433,0.009883043459496785,0.2142857142857143,0.029513203275149412,0.8888888888888888,0,False,False,True,False,False,True,False,False,True
1612,0.47058823529411764,0.1408657373440939,0.25,0.18838690993339127,0.4444444444444444,0,True,False,False,False,False,True,True,False,False
1613,0.33333333333333337,0.11712917008329378,0.9642857142857143,0.10036068767606561,0.5555555555555555,1,True,False,False,False,False,True,True,False,False
1614,0.47058823529411764,0.06944024858659531,0.42857142857142855,0.2574441197377774,0.0,0,False,False,True,False,True,False,False,False,True
1615,0.21568627450980393,0.07103707220232187,0.35714285714285715,0.027788747597609458,0.33333333333333326,0,False,True,False,False,False,True,True,False,False
1616,0.27450980392156865,0.08596953087911614,0.5,0.0,0.22222222222222224,0,False,False,False,True,True,False,True,False,False
1617,0.4901960784313726,0.02818177894782271,0.8571428571428571,0.0006450254061027301,0.22222222222222224,0,False,True,False,False,True,False,True,False,False
1618,0.7843137254901961,0.22221742695610894,0.8214285714285714,0.07466498170234052,0.0,1,False,True,False,False,True,False,False,False,True
1619,0.8627450980392156,0.13547106296663933,0.5357142857142857,0.6720111628886607,0.2777777777777778,1,True,False,False,False,False,True,False,True,False
1620,0.4901960784313726,0.07030339648698804,0.3214285714285714,0.12504278229734356,0.6666666666666666,1,False,True,False,False,False,True,False,True,False
1621,0.9019607843137255,0.08596953087911614,0.35714285714285715,0.0,0.7777777777777777,1,False,True,False,False,False,True,False,True,False
1622,0.607843137254902,0.038410081567476585,0.39285714285714285,0.2205591975357397,0.16666666666666666,0,False,False,True,False,True,False,False,True,False
1623,0.17647058823529416,0.18057054076215961,0.9642857142857143,0.16028223152462945,0.8888888888888888,0,False,True,False,False,False,True,False,True,False
1624,0.2941176470588236,0.09313365845237581,0.4642857142857143,0.0016323091909538478,0.6666666666666666,0,True,False,False,False,True,False,False,False,True
1625,0.11764705882352944,0.05010573561779811,0.6428571428571428,0.17876418397704238,0.5555555555555555,0,False,True,False,False,False,True,True,False,False
1626,0.3137254901960784,0.11734495705839196,0.39285714285714285,0.037635257878524606,0.16666666666666666,1,False,True,False,False,False,True,False,True,False
1627,0.43137254901960786,0.7065728712614906,0.6071428571428571,0.017073427586025328,0.33333333333333326,0,True,False,False,False,False,True,False,False,True
1628,0.4901960784313726,0.07397177506365717,0.7142857142857143,0.027025248137324594,1.0,0,False,False,True,False,True,False,True,False,False
1629,0.3921568627450981,0.3281256743342972,0.5714285714285714,0.06658241845035937,0.33333333333333326,1,False,True,False,False,False,True,True,False,False
1630,0.4117647058823529,0.05476673427991886,0.07142857142857142,0.05824974330621594,0.7222222222222221,1,False,True,False,False,False,True,False,True,False
1631,0.11764705882352944,0.007293599758318588,0.0,0.035897638417186635,0.8333333333333333,0,False,True,False,False,False,True,False,False,True
1632,0.2549019607843137,0.02956281558845108,0.9999999999999999,0.01990364110259853,0.4444444444444444,0,False,True,False,False,False,True,False,True,False
1633,0.27450980392156865,0.07021708169694878,0.6428571428571428,0.15127820340678724,0.05555555555555555,1,False,True,False,False,False,True,False,True,False
1634,0.11764705882352944,0.032109101894609644,0.9999999999999999,0.4861385356606903,0.8333333333333333,0,True,False,False,False,False,True,False,True,False
1635,0.1568627450980392,4.3157395019636617e-05,0.10714285714285714,0.0,0.22222222222222224,0,False,True,False,False,True,False,True,False,False
1636,0.9803921568627451,0.3191489361702128,0.7857142857142857,0.03695074112102783,0.611111111111111,0,False,True,False,False,False,True,True,False,False
1637,0.9215686274509803,0.2404298476543956,0.9642857142857143,0.02956585841034147,0.7777777777777777,0,True,False,False,False,True,False,False,True,False
1638,0.13725490196078433,0.17556428293988174,0.5357142857142857,0.02585367137930127,0.1111111111111111,1,False,True,False,False,False,True,False,True,False
1639,0.9607843137254902,0.023779724655819772,0.39285714285714285,0.015480609746465524,0.4444444444444444,1,False,True,False,False,False,True,True,False,False
1640,0.43137254901960786,0.016615597082560097,0.7142857142857143,0.08440618171287155,0.33333333333333326,0,False,False,True,False,True,False,True,False,False
1641,0.5490196078431373,0.00906305295412369,0.7142857142857143,0.09792538767343285,0.16666666666666666,0,False,True,False,False,False,True,False,True,False
1642,0.33333333333333337,0.1666738595658366,0.42857142857142855,0.12874180554458572,0.4444444444444444,1,True,False,False,False,False,True,False,False,True
1643,0.5882352941176471,0.34210867032065945,0.5714285714285714,0.12006687202169392,0.7777777777777777,1,False,True,False,False,False,True,False,False,True
1644,0.5686274509803921,0.07289284018816625,0.25,0.036411025985309216,0.33333333333333326,0,False,True,False,False,False,True,False,True,False
1645,1.0,0.01644296750248155,0.42857142857142855,0.0422294184240318,0.5555555555555555,1,False,True,False,False,False,True,True,False,False
1646,0.7450980392156864,0.09300418626731691,0.6785714285714285,0.12048811310323039,1.0,1,False,True,False,False,False,True,False,True,False
1647,0.6666666666666666,0.055543567390272316,0.8928571428571428,0.04527025248137325,0.5555555555555555,1,False,True,False,False,True,False,True,False,False
1648,0.33333333333333337,0.08596953087911614,0.14285714285714285,0.0,0.0,0,False,True,False,False,True,False,True,False,False
1649,0.8039215686274509,0.12571749169220145,0.6071428571428571,0.04939051681015191,0.6666666666666666,0,False,False,True,False,False,True,False,True,False
1650,0.7450980392156864,0.16421388804971732,0.5,0.03344917463075586,0.6666666666666666,1,True,False,False,False,False,True,False,False,True
1651,0.3137254901960784,0.015191403046912088,0.39285714285714285,0.009741200010531028,0.05555555555555555,1,False,True,False,False,True,False,False,False,True
1652,0.2549019607843137,0.0047041560571403915,0.9999999999999999,0.18668878182344734,0.8888888888888888,0,True,False,False,False,False,True,False,True,False
1653,0.5882352941176471,0.6697164559147211,0.5714285714285714,0.0,1.0,0,False,False,True,False,True,False,False,True,False
1654,0.4509803921568628,0.034310129040611106,0.8571428571428571,0.02613011083905958,0.7777777777777777,1,True,False,False,False,False,True,False,True,False
1655,0.6666666666666666,0.007164127573259678,0.5,0.007055788115735988,1.0,0,False,True,False,False,True,False,True,False,False
1656,0.8431372549019608,0.027275473652410342,0.03571428571428571,0.14139220177447806,0.5,0,False,False,True,False,False,True,False,False,True
1657,0.8627450980392156,0.005135730007336757,0.17857142857142855,0.02502435300002633,0.5,0,False,True,False,False,False,True,True,False,False
1658,0.6470588235294118,0.06439083336929782,0.5714285714285714,0.05265513519205961,0.4444444444444444,1,False,True,False,False,False,True,True,False,False
1659,0.03921568627450983,0.20996072677053212,0.5357142857142857,0.006976805412947897,1.0,0,True,False,False,False,False,True,False,False,True
1660,0.7058823529411765,0.05403305856458504,0.5714285714285714,0.027012084353526578,0.5555555555555555,1,False,False,True,False,False,True,True,False,False
1661,0.823529411764706,0.07604333002459972,0.8571428571428571,0.1658241845035937,0.2777777777777778,1,False,False,True,False,False,True,True,False,False
1662,0.7647058823529412,0.14574252298131285,0.6785714285714285,0.1718268699154885,0.05555555555555555,1,False,False,True,False,False,True,True,False,False
1663,0.4901960784313726,0.09205472357688489,0.2857142857142857,0.024431982729115655,0.5,0,False,True,False,False,True,False,False,False,True
1664,0.43137254901960786,0.2558801950714255,0.9285714285714285,0.043111391938498805,0.7777777777777777,0,False,False,True,False,False,True,False,True,False
1665,0.8431372549019608,0.2602822493634284,0.14285714285714285,0.01517784271911118,0.22222222222222224,0,False,True,False,False,False,True,False,True,False
1666,0.7450980392156864,0.0012947218505890985,0.7857142857142857,0.008122054603375194,0.9444444444444444,0,False,True,False,False,False,True,False,True,False
1667,0.27450980392156865,0.19489879590867892,0.0,0.5107548113629782,0.33333333333333326,1,True,False,False,False,False,True,False,False,True
1668,0.9411764705882354,0.07997065297138665,0.17857142857142855,0.11224758444567307,0.1111111111111111,1,False,True,False,False,False,True,True,False,False
1669,0.05882352941176472,0.5820206292348195,0.8214285714285714,0.08226048495379512,0.8333333333333333,1,True,False,False,False,False,True,False,True,False
1670,0.5490196078431373,0.08596953087911614,0.5,0.0,0.8888888888888888,0,False,False,False,True,True,False,False,False,True
1671,0.4117647058823529,0.08596953087911614,0.5,0.0,0.05555555555555555,0,False,False,False,True,True,False,False,False,True
1672,0.47058823529411764,0.18186526261274868,0.8571428571428571,0.17309059316009795,0.8333333333333333,1,False,True,False,False,False,True,False,False,True
1673,0.23529411764705888,0.03698588753182858,0.6428571428571428,0.001750783245135982,0.0,1,False,True,False,False,True,False,False,True,False
1674,0.33333333333333337,0.10008199905053732,0.0,0.021772898401916645,0.7222222222222221,0,False,False,True,False,True,False,False,False,True
1675,0.6274509803921569,0.6273358940054379,0.0,0.11203696390490482,0.8333333333333333,1,False,True,False,False,False,True,False,True,False
1676,0.2941176470588236,0.25229813128479567,0.42857142857142855,0.04962746491851618,0.4444444444444444,1,True,False,False,False,True,False,False,True,False
1677,0.8627450980392156,0.01324932027102844,0.4642857142857143,0.42594055235236816,0.8888888888888888,0,True,False,False,False,False,True,False,True,False
1678,0.8039215686274509,0.15864658409218418,0.9285714285714285,0.11530158228681253,0.38888888888888884,1,True,False,False,False,False,True,True,False,False
1679,0.8431372549019608,0.054896206464977775,0.17857142857142855,0.33026617170839584,0.4444444444444444,1,True,False,False,False,False,True,False,True,False
1680,0.019607843137254943,0.0009063052954123689,0.9285714285714285,0.023694810836426824,0.05555555555555555,0,False,True,False,False,True,False,True,False,False
1681,0.6666666666666666,0.06689396228043676,0.17857142857142855,0.2100676618487218,0.6666666666666666,0,False,False,True,False,True,False,False,False,True
1682,0.8039215686274509,0.034655388200768196,0.0,0.04082089355764421,0.0,0,False,True,False,False,False,True,False,True,False
1683,0.6470588235294118,0.22122480687065726,0.4642857142857143,0.48049127241134193,0.33333333333333326,0,False,True,False,False,True,False,False,True,False
1684,0.5686274509803921,0.05325622545423158,0.07142857142857142,0.01807387515467446,0.9444444444444444,0,False,True,False,False,False,True,False,True,False
1685,0.23529411764705888,0.22752578654352423,0.7857142857142857,0.0764947476502646,0.22222222222222224,1,True,False,False,False,False,True,False,False,True
1686,0.23529411764705888,8.631479003927323e-05,0.3214285714285714,0.16578469315219968,0.33333333333333326,0,True,False,False,False,False,True,False,True,False
1687,0.33333333333333337,0.04764576410167882,0.6428571428571428,0.05968459574019957,0.611111111111111,1,False,False,True,False,False,True,True,False,False
1688,0.607843137254902,0.035734323076259115,0.6428571428571428,0.06647710817997525,0.8888888888888888,1,True,False,False,False,True,False,False,True,False
1689,0.607843137254902,0.03443960122567002,0.6428571428571428,0.4522549561646,0.22222222222222224,1,True,False,False,False,False,True,False,False,True
1690,0.6666666666666666,0.009149367744162962,0.9642857142857143,0.05832872600900403,0.611111111111111,0,False,False,True,False,True,False,False,True,False
1691,0.7450980392156864,0.026843899702213972,0.7857142857142857,0.09756996551088645,1.0,1,False,True,False,False,False,True,True,False,False
1692,0.8823529411764707,0.10500194208277587,0.10714285714285714,0.005910538925308691,0.6666666666666666,0,True,False,False,False,False,True,True,False,False
1693,1.0,0.04458158905528462,0.6785714285714285,0.19445541426427612,0.8333333333333333,0,True,False,False,False,True,False,False,False,True
1694,0.5490196078431373,0.06995813732683095,0.6428571428571428,0.11000974120001053,1.0,1,False,True,False,False,True,False,False,True,False
1695,0.9411764705882354,0.06124034353286435,0.3214285714285714,0.05449806492378169,0.5,0,True,False,False,False,False,True,True,False,False
1696,0.5490196078431373,0.27016529282292523,0.9285714285714285,0.0017112918937419372,0.611111111111111,1,False,True,False,False,False,True,False,True,False
1697,0.8431372549019608,0.30516594018385046,0.8571428571428571,0.09431851091277678,0.33333333333333326,1,True,False,False,False,True,False,False,False,True
1698,0.2941176470588236,0.08791161365499979,0.03571428571428571,0.00134270594739752,0.7222222222222221,1,True,False,False,False,False,True,True,False,False
1699,0.8431372549019608,0.05187518881360321,0.10714285714285714,0.00013163783798014902,0.5,0,False,False,True,False,False,True,True,False,False
1700,0.9019607843137255,0.014630356911656813,0.8214285714285714,0.10082142010899614,0.38888888888888884,1,False,False,True,False,False,True,True,False,False
1701,0.17647058823529416,0.3970048767856372,0.17857142857142855,0.02206250164547298,0.7777777777777777,0,True,False,False,False,False,True,False,True,False
1702,0.5686274509803921,0.008027275473652411,0.2142857142857143,0.022431087591817393,0.8333333333333333,1,True,False,False,False,True,False,False,True,False
1703,0.47058823529411764,0.04574683872081481,0.5357142857142857,0.11154990390437827,0.38888888888888884,1,False,True,False,False,False,True,True,False,False
1704,0.7450980392156864,0.04583315351085408,0.9999999999999999,0.005818392438722586,0.16666666666666666,0,False,True,False,False,False,True,False,False,True
1705,0.37254901960784315,0.050019420827758836,0.2142857142857143,0.03959666166442882,0.8888888888888888,0,False,False,True,False,False,True,False,True,False
1706,0.07843137254901966,0.023218678520564497,0.6071428571428571,0.017047100018429295,0.16666666666666666,1,False,False,True,False,False,True,False,False,True
1707,0.0,0.1979198135600535,0.6785714285714285,0.09139615090961747,0.5555555555555555,1,False,False,True,False,False,True,False,True,False
1708,0.5686274509803921,0.016917698847697553,0.8928571428571428,0.11415633309638523,0.6666666666666666,1,False,True,False,False,True,False,False,False,True
1709,0.9411764705882354,0.13046480514436148,0.8928571428571428,0.13448121528052023,0.2777777777777778,1,False,False,True,False,False,True,False,True,False
1710,0.03921568627450983,0.017133485822795738,0.75,0.031027038411921122,0.7222222222222221,1,False,False,True,False,False,True,False,True,False
1711,0.8627450980392156,0.009451469509300418,0.6428571428571428,0.009846510280915146,0.33333333333333326,1,False,True,False,False,True,False,True,False,False
1712,0.2549019607843137,0.3109490311164818,0.2857142857142857,0.008635442171497774,0.611111111111111,1,True,False,False,False,False,True,True,False,False
1713,0.5686274509803921,0.027318631047429976,0.9999999999999999,0.05848669141458021,0.0,0,True,False,False,False,True,False,True,False,False
1714,0.9607843137254902,0.2229079452764231,0.6785714285714285,0.30707158465629364,0.5,0,True,False,False,False,False,True,True,False,False
1715,0.05882352941176472,0.10185145224634241,0.3214285714285714,0.02585367137930127,0.0,0,False,False,True,False,False,True,True,False,False
1716,0.33333333333333337,0.010487246989771697,0.42857142857142855,0.031250822736487376,0.8333333333333333,0,False,True,False,False,False,True,False,True,False
1717,0.7058823529411765,0.4027879677182685,0.6071428571428571,0.011202380012110682,0.33333333333333326,1,True,False,False,False,False,True,False,True,False
1718,0.47058823529411764,0.03672694316171076,0.5357142857142857,0.09797804280862492,0.2777777777777778,1,True,False,False,False,False,True,False,True,False
1719,0.9215686274509803,0.25424021406067926,0.75,0.11994839796751179,0.9444444444444444,1,False,True,False,False,False,True,True,False,False
1720,0.0,0.02395235423589832,0.5714285714285714,0.10845641471184478,0.16666666666666666,1,False,False,True,False,False,True,True,False,False
1721,0.8823529411764707,0.2490613266583229,0.75,0.20790880130584735,0.8333333333333333,1,True,False,False,False,True,False,True,False,False
1722,0.27450980392156865,0.0017262958007854647,0.42857142857142855,0.07017613142721744,0.0,1,False,True,False,False,True,False,True,False,False
1723,0.1568627450980392,0.09283155668723836,0.39285714285714285,0.015204170286707213,0.05555555555555555,1,False,True,False,False,False,True,False,True,False
1724,0.27450980392156865,0.1899788528764404,0.3214285714285714,0.035976621119974725,0.8333333333333333,1,False,True,False,False,False,True,False,False,True
1725,0.9411764705882354,0.3535022226058435,0.0,0.11436695363715346,0.4444444444444444,1,True,False,False,False,False,True,False,True,False
1726,0.4509803921568628,0.3106037719563247,0.25,0.10000526551351921,0.7777777777777777,1,False,False,True,False,False,True,True,False,False
1727,0.05882352941176472,0.22174269561089294,0.7142857142857143,0.07973303846457626,0.8333333333333333,1,False,True,False,False,False,True,False,True,False
1728,0.21568627450980393,0.28367355746407147,0.75,0.12097517310375695,0.4444444444444444,1,False,True,False,False,True,False,True,False,False
1729,0.7058823529411765,0.028785982478097622,0.6071428571428571,0.10682410552089093,0.33333333333333326,1,False,True,False,False,False,True,True,False,False
1730,0.7058823529411765,0.043286867204695524,0.03571428571428571,0.22445567753995208,0.5,1,True,False,False,False,False,True,True,False,False
1731,0.823529411764706,0.04415001510508826,0.5357142857142857,0.09287049469499513,0.33333333333333326,1,False,False,True,False,False,True,True,False,False
1732,0.09803921568627455,0.06128350092788399,0.39285714285714285,0.15878156017165576,0.6666666666666666,1,True,False,False,False,False,True,False,True,False
1733,0.7450980392156864,0.06469293513443529,0.2857142857142857,0.030118737329858095,0.05555555555555555,0,True,False,False,False,False,True,False,True,False
1734,0.8823529411764707,0.10180829485132277,0.07142857142857142,0.11939551904799516,0.611111111111111,1,True,False,False,False,False,True,True,False,False
1735,0.4509803921568628,0.022571317595269952,0.75,0.24482005107548113,0.6666666666666666,0,False,True,False,False,False,True,False,False,True
1736,0.1960784313725491,0.1521729748392387,0.8928571428571428,0.051325593028460105,0.1111111111111111,0,True,False,False,False,False,True,False,True,False
1737,0.23529411764705888,0.02373656726080014,0.7142857142857143,0.15903167206381802,0.5555555555555555,1,True,False,False,False,False,True,False,True,False
1738,0.6470588235294118,0.048120495446894826,0.9642857142857143,0.13587657636310982,0.38888888888888884,1,True,False,False,False,True,False,True,False,False
1739,0.47058823529411764,0.09063052954123689,0.10714285714285714,0.006463417844825317,0.5555555555555555,1,False,False,True,False,True,False,True,False,False
1740,0.11764705882352944,0.20607656121876483,0.8928571428571428,0.0,0.9444444444444444,0,True,False,False,False,True,False,True,False,False
1741,1.0,0.17414008890423374,0.03571428571428571,0.01469078271858463,0.33333333333333326,0,True,False,False,False,False,True,False,False,True
1742,0.05882352941176472,0.08596953087911614,0.5,0.0,0.611111111111111,0,False,False,True,False,True,False,True,False,False
1743,0.13725490196078433,0.0219239566699754,0.3214285714285714,0.17567069478450884,0.2777777777777778,1,False,False,True,False,False,True,False,True,False
1744,0.37254901960784315,0.1025419705666566,0.5357142857142857,0.01224231893215386,0.5,1,True,False,False,False,False,True,False,True,False
1745,0.5490196078431373,0.08596953087911614,0.5,0.0,0.7777777777777777,1,False,False,False,True,True,False,True,False,False
1746,0.9803921568627451,0.061326658322903634,0.35714285714285715,0.0950556828054656,0.7777777777777777,0,False,True,False,False,True,False,True,False,False
1747,0.8627450980392156,0.06909498942643823,0.6071428571428571,0.04454624437248243,1.0,1,True,False,False,False,True,False,False,True,False
1748,0.8823529411764707,0.005265202192395667,0.75,0.003738514598636232,0.2777777777777778,0,False,True,False,False,True,False,False,False,True
1749,0.17647058823529416,0.04147425661387078,0.4642857142857143,0.08215517468341099,1.0,1,False,True,False,False,False,True,False,True,False
1750,0.823529411764706,0.40339217124854343,0.25,0.0516810151910065,0.7777777777777777,0,False,True,False,False,False,True,True,False,False
1751,0.6470588235294118,0.39760908031591213,0.7857142857142857,0.011215543795908696,0.9444444444444444,1,True,False,False,False,False,True,False,True,False
1752,0.4901960784313726,0.05623408571058651,0.5,0.170510491535687,0.05555555555555555,0,True,False,False,False,False,True,False,False,True
1753,0.7843137254901961,0.005696776142592033,0.5714285714285714,0.259695126767238,0.33333333333333326,1,False,True,False,False,False,True,False,False,True
1754,0.9411764705882354,0.025549177851624874,0.7142857142857143,0.14880341205276046,0.22222222222222224,0,False,True,False,False,True,False,False,True,False
1755,0.03921568627450983,0.0644771481593371,0.6071428571428571,0.18201563857515207,0.1111111111111111,1,True,False,False,False,False,True,False,False,True
1756,0.09803921568627455,0.08596953087911614,0.5,0.0,0.2777777777777778,0,False,False,False,True,True,False,False,True,False
1757,0.07843137254901966,0.019722929523973934,0.7857142857142857,0.03222494273754048,0.2777777777777778,0,False,True,False,False,False,True,True,False,False
1758,0.07843137254901966,0.18669889085494798,0.4642857142857143,0.024629439486085883,0.0,1,True,False,False,False,True,False,False,False,True
1759,0.9019607843137255,0.014889301281774632,0.7857142857142857,0.15254192665139668,1.0,1,True,False,False,False,False,True,True,False,False
1760,0.43137254901960786,0.5149108799792844,0.07142857142857142,0.31117868520127423,0.611111111111111,1,False,True,False,False,True,False,False,False,True
1761,0.9411764705882354,0.062232963618316,0.2142857142857143,0.13287523365716242,0.22222222222222224,1,True,False,False,False,False,True,False,False,True
1762,0.1568627450980392,0.19325881489793276,0.5,0.2245741515941342,0.33333333333333326,1,False,True,False,False,False,True,False,False,True
1763,0.6666666666666666,0.05429200293470286,0.7142857142857143,0.10720585525103335,0.38888888888888884,1,True,False,False,False,False,True,False,True,False
1764,0.37254901960784315,0.12791851883820293,0.8214285714285714,0.051654687623410474,1.0,1,False,True,False,False,False,True,False,True,False
1765,0.9411764705882354,0.027620732812567435,0.9642857142857143,0.05842087249559014,0.2777777777777778,0,False,True,False,False,True,False,True,False,False
1766,0.8039215686274509,0.020456605239307757,0.5357142857142857,0.008240528657557328,0.7777777777777777,0,True,False,False,False,False,True,True,False,False
1767,0.6666666666666666,0.3601484614388676,0.5357142857142857,0.003369928652291815,0.2777777777777778,0,True,False,False,False,True,False,True,False,False
1768,0.9607843137254902,0.3232488886970783,0.25,0.12521391148671776,0.4444444444444444,1,False,True,False,False,False,True,False,True,False
1769,0.33333333333333337,0.2828535669586984,0.2142857142857143,0.06076402601163678,0.16666666666666666,0,False,True,False,False,False,True,False,False,True
1770,0.3137254901960784,0.12714168572784948,0.17857142857142855,0.0846168022536398,0.8333333333333333,0,True,False,False,False,False,True,False,False,True
1771,0.4509803921568628,0.21384489232229942,0.03571428571428571,0.08589368928204723,0.5,1,True,False,False,False,False,True,True,False,False
1772,0.03921568627450983,0.009278839929221872,0.75,0.03421267409104073,0.0,0,False,True,False,False,False,True,False,True,False
1773,0.607843137254902,0.05278149410901558,0.42857142857142855,0.06803043466814102,0.5555555555555555,0,True,False,False,False,False,True,False,True,False
1774,0.6666666666666666,0.04872469897716973,0.39285714285714285,0.06701682331569386,0.8888888888888888,0,False,True,False,False,True,False,False,True,False
1775,0.7254901960784313,0.1307237495144793,0.5,0.05178632546139063,0.9444444444444444,0,True,False,False,False,False,True,True,False,False
1776,0.23529411764705888,0.056967761425920325,0.9285714285714285,0.18097569965510885,0.7777777777777777,1,False,True,False,False,False,True,False,False,True
1777,0.9019607843137255,0.02080186439946485,0.2857142857142857,0.06318616223047152,0.2777777777777778,0,False,True,False,False,False,True,False,True,False
1778,0.47058823529411764,0.11747442924345086,0.03571428571428571,0.09746465524050234,0.8333333333333333,1,False,True,False,False,False,True,True,False,False
1779,0.1568627450980392,0.2180311596392042,0.5714285714285714,0.23786957323012925,0.05555555555555555,1,False,True,False,False,False,True,True,False,False
1780,0.05882352941176472,0.06231927840835527,0.9285714285714285,0.21184477266145382,0.1111111111111111,1,False,True,False,False,False,True,False,True,False
1781,0.2549019607843137,0.018385050278365195,0.9999999999999999,0.23285417160308558,0.8888888888888888,1,False,True,False,False,True,False,True,False,False
1782,0.7058823529411765,0.02835440852790126,0.14285714285714285,0.03314640760340152,0.38888888888888884,0,False,True,False,False,False,True,True,False,False
1783,0.6470588235294118,0.08596953087911614,0.35714285714285715,0.0,0.7777777777777777,0,False,True,False,False,False,True,False,False,True
1784,0.1960784313725491,0.04617841267101117,0.75,0.03185635679119606,0.6666666666666666,0,True,False,False,False,False,True,True,False,False
1785,0.7843137254901961,0.13327003582063787,0.6428571428571428,0.03441013084801095,1.0,1,False,True,False,False,True,False,True,False,False
1786,0.03921568627450983,0.11894178067411851,0.8214285714285714,0.2528367954084722,0.0,1,True,False,False,False,False,True,False,True,False
1787,0.5294117647058824,0.1542013724051616,0.2142857142857143,0.11032567201116289,0.611111111111111,1,False,True,False,False,True,False,False,True,False
1788,0.5490196078431373,0.05830564067152907,0.03571428571428571,0.008977700550246163,0.9444444444444444,1,False,True,False,False,False,True,False,True,False
1789,0.1568627450980392,0.22493634284234604,0.5357142857142857,0.015322644340889346,0.9444444444444444,1,True,False,False,False,True,False,False,True,False
1790,0.03921568627450983,0.02956281558845108,0.39285714285714285,0.017823763262512175,0.1111111111111111,0,False,False,True,False,False,True,False,True,False
1791,0.47058823529411764,0.08195589314228992,0.7857142857142857,0.10482321038359266,0.9444444444444444,1,False,True,False,False,True,False,False,True,False
1792,0.6470588235294118,0.2089681066850805,0.5,0.14002316825948452,0.8888888888888888,1,False,True,False,False,True,False,True,False,False
1793,0.21568627450980393,0.025721807431703422,0.0,0.2067898796830161,0.5555555555555555,1,True,False,False,False,False,True,True,False,False
1794,0.8039215686274509,0.01506193086185318,0.8571428571428571,0.29740936734855067,0.22222222222222224,1,False,False,True,False,True,False,False,True,False
1795,0.1568627450980392,0.2785378274567347,0.42857142857142855,0.023721138404022853,0.33333333333333326,1,False,False,True,False,True,False,False,True,False
1796,0.27450980392156865,0.05437831772474213,0.7857142857142857,0.0390437827449122,0.9444444444444444,0,False,True,False,False,True,False,True,False,False
1797,0.7647058823529412,0.1491087997928445,0.17857142857142855,0.028947160571834767,0.33333333333333326,0,False,True,False,False,False,True,False,True,False
1798,0.47058823529411764,0.0033231194165120196,0.42857142857142855,0.04679725140194297,0.9444444444444444,0,True,False,False,False,False,True,True,False,False
1799,0.07843137254901966,0.15165508609900308,0.6071428571428571,0.25918173919911536,0.05555555555555555,1,True,False,False,False,True,False,True,False,False
1800,0.1960784313725491,0.049199430322385745,0.07142857142857142,0.09013242766500804,0.2777777777777778,0,True,False,False,False,False,True,False,True,False
1801,0.6470588235294118,0.0074230719433774975,0.0,0.14112892609851777,0.38888888888888884,1,False,False,True,False,True,False,False,True,False
1802,0.4509803921568628,0.12183332614043417,0.5,0.07093963088750231,0.8888888888888888,1,True,False,False,False,False,True,False,True,False
1803,0.27450980392156865,0.03564800828621984,0.8928571428571428,0.003080325408735487,0.16666666666666666,0,False,True,False,False,False,True,False,True,False
1804,0.7254901960784313,0.06331189849380692,0.42857142857142855,0.0069899691967459125,0.8888888888888888,0,False,True,False,False,False,True,False,False,True
1805,0.13725490196078433,0.010875663544948427,0.14285714285714285,0.08129952873654003,0.8333333333333333,1,True,False,False,False,False,True,False,True,False
1806,0.07843137254901966,0.0206292348193863,0.8571428571428571,0.13359924176605323,0.7777777777777777,0,False,True,False,False,True,False,True,False,False
1807,0.9215686274509803,0.045789996115834446,0.42857142857142855,0.025537740568148906,0.7777777777777777,0,False,True,False,False,True,False,True,False,False
1808,0.4901960784313726,0.08596953087911614,0.5,0.0,0.38888888888888884,1,False,True,False,False,False,True,False,True,False
1809,0.33333333333333337,0.3129774286824047,0.14285714285714285,0.17526261748677038,0.8888888888888888,1,False,True,False,False,True,False,False,True,False
1810,0.09803921568627455,0.000776833110353459,0.9642857142857143,0.055906589790169284,1.0,0,False,True,False,False,True,False,False,False,True
1811,0.7058823529411765,0.08562427171895905,0.6428571428571428,0.14449885475080956,0.0,1,True,False,False,False,True,False,False,False,True
1812,0.9215686274509803,0.017047171032756464,0.7142857142857143,0.054511228707579705,0.6666666666666666,0,False,True,False,False,False,True,False,True,False
1813,0.23529411764705888,0.04760260670665918,0.8214285714285714,0.1194481741831872,0.2777777777777778,1,True,False,False,False,False,True,False,True,False
1814,0.5294117647058824,0.33718872728842086,0.9642857142857143,0.15205486665087015,0.5,1,False,True,False,False,True,False,False,False,True
1815,0.07843137254901966,0.02283026196538777,0.6071428571428571,0.5075033567648685,0.0,1,False,True,False,False,True,False,False,True,False
1816,0.23529411764705888,0.4371412541538993,0.7142857142857143,0.044625227075270515,0.611111111111111,1,False,False,True,False,False,True,False,True,False
1817,0.3137254901960784,0.0298217599585689,0.75,0.05574862438459311,1.0,1,False,False,True,False,True,False,False,True,False
1818,0.9607843137254902,0.17517586638470503,0.3214285714285714,0.019074322723323593,0.7777777777777777,1,False,True,False,False,False,True,False,True,False
1819,0.7647058823529412,0.10241249838159769,0.8214285714285714,0.024037069215175212,0.22222222222222224,1,True,False,False,False,True,False,False,True,False
1820,0.8627450980392156,0.2794441327521471,0.25,0.12450306716162493,0.05555555555555555,0,False,True,False,False,False,True,True,False,False
1821,0.607843137254902,0.10452721073755987,0.5,0.2621699181212648,1.0,0,False,False,True,False,False,True,True,False,False
1822,0.5490196078431373,0.0990030641750464,0.7142857142857143,0.05285259194902983,0.7222222222222221,0,False,True,False,False,True,False,True,False,False
1823,0.9803921568627451,0.02813862155280307,0.8571428571428571,0.020877761103651634,0.4444444444444444,1,False,True,False,False,False,True,False,True,False
1824,0.03921568627450983,0.023520780285701957,0.6785714285714285,0.03534475949767001,0.0,0,True,False,False,False,False,True,True,False,False
1825,0.7647058823529412,0.3214362781062535,0.9642857142857143,0.06393649790695838,0.6666666666666666,1,True,False,False,False,False,True,True,False,False
1826,0.6470588235294118,0.051443614863406845,0.8571428571428571,0.03616091409314693,0.8888888888888888,1,False,True,False,False,False,True,False,True,False
1827,0.7647058823529412,0.06024772344741272,0.9285714285714285,0.02801253192217571,0.05555555555555555,0,True,False,False,False,True,False,False,True,False
1828,0.5098039215686275,0.18467049328902507,0.7857142857142857,0.14024695258405076,0.7222222222222221,0,False,True,False,False,True,False,False,True,False
1829,0.23529411764705888,0.05355832721936904,0.75,0.0008293183792749388,0.2777777777777778,0,False,False,True,False,True,False,False,True,False
1830,0.8627450980392156,0.3933364982089681,0.10714285714285714,0.08160229576389438,0.2777777777777778,1,False,True,False,False,True,False,False,False,True
1831,0.6274509803921569,0.1733632557938803,0.03571428571428571,0.1662585893689282,0.9444444444444444,1,False,False,True,False,False,True,True,False,False
1832,0.09803921568627455,0.08596953087911614,0.8214285714285714,0.0,1.0,1,False,True,False,False,False,True,False,True,False
1833,0.4509803921568628,0.2754736524103405,0.17857142857142855,0.09735934497011821,0.4444444444444444,1,False,True,False,False,False,True,True,False,False
1834,0.3529411764705882,0.006603081438004402,0.9642857142857143,0.0,0.7777777777777777,0,False,False,True,False,False,True,False,True,False
1835,0.2941176470588236,0.03845323896249622,0.07142857142857142,0.11207645525629888,0.33333333333333326,1,False,False,True,False,False,True,False,True,False
1836,0.7647058823529412,0.08100643045185793,0.2142857142857143,0.062172550878024375,0.2777777777777778,1,True,False,False,False,False,True,False,True,False
1837,0.5294117647058824,0.03331750895515947,0.3214285714285714,0.04480952004844273,0.22222222222222224,1,False,True,False,False,True,False,True,False,False
1838,0.6274509803921569,0.17638427344525484,0.7857142857142857,0.19033514993549747,1.0,1,True,False,False,False,False,True,False,True,False
1839,0.9215686274509803,0.3257520176082172,0.17857142857142855,0.14960640286443935,0.0,0,True,False,False,False,False,True,False,True,False
1840,0.7843137254901961,0.07138233136247896,0.5357142857142857,0.040807729773846196,0.33333333333333326,0,True,False,False,False,True,False,False,True,False
1841,0.23529411764705888,0.05420568814466359,0.03571428571428571,0.011452491904272964,0.9444444444444444,0,True,False,False,False,True,False,False,True,False
1842,0.823529411764706,0.4218635363169479,0.8214285714285714,0.00784561514361688,0.38888888888888884,1,False,True,False,False,False,True,True,False,False
1843,0.8627450980392156,0.07621595960467827,0.5714285714285714,0.010425716768027803,0.611111111111111,0,True,False,False,False,False,True,False,False,True
1844,0.47058823529411764,0.08691899356954814,0.42857142857142855,0.09208066766711424,0.5,0,True,False,False,False,True,False,True,False,False
1845,0.8039215686274509,0.0561046135255276,0.0,0.0055814443303583185,0.2777777777777778,0,False,True,False,False,False,True,True,False,False
1846,0.6862745098039217,0.3111216606965604,0.17857142857142855,0.04326935734407498,0.8333333333333333,1,True,False,False,False,False,True,False,False,True
1847,0.5098039215686275,0.10897242242458245,0.14285714285714285,0.1473422320511808,1.0,1,True,False,False,False,False,True,False,True,False
1848,0.7254901960784313,0.1859652151396142,0.8571428571428571,0.03671379301266356,0.9444444444444444,0,True,False,False,False,True,False,False,True,False
1849,0.11764705882352944,0.21626170644339907,0.42857142857142855,0.1517520996235158,0.6666666666666666,1,False,True,False,False,True,False,True,False,False
1850,0.07843137254901966,0.05416253074964395,0.9642857142857143,0.14410394123686912,0.33333333333333326,0,True,False,False,False,False,True,False,True,False
1851,0.823529411764706,0.07362651590350006,0.7857142857142857,0.029710660032119633,0.33333333333333326,1,False,True,False,False,False,True,True,False,False
1852,0.8627450980392156,0.24431401320616286,0.6071428571428571,0.13742990285127557,0.8333333333333333,1,True,False,False,False,False,True,False,True,False
1853,0.9803921568627451,0.05843511285658797,0.9999999999999999,0.1450648974541242,0.5,1,True,False,False,False,True,False,False,True,False
1854,0.5882352941176471,0.20452289499805792,0.39285714285714285,0.053352815733354396,0.7777777777777777,1,True,False,False,False,False,True,True,False,False
1855,0.43137254901960786,0.3664062837167149,0.2142857142857143,0.02487955137824816,0.7222222222222221,0,False,True,False,False,True,False,False,False,True
1856,0.8039215686274509,0.12636485261749603,0.5,0.07757417792170182,0.611111111111111,1,True,False,False,False,False,True,False,True,False
1857,0.17647058823529416,0.17521902377972468,0.07142857142857142,0.2678435089382092,0.7777777777777777,1,False,False,True,False,False,True,False,True,False
1858,0.607843137254902,0.21173017996633725,0.5357142857142857,0.10748229471079168,0.38888888888888884,1,False,True,False,False,False,True,True,False,False
1859,0.823529411764706,0.2414224677398472,0.0,0.019995787589184636,0.33333333333333326,1,False,False,True,False,True,False,False,True,False
1860,0.5686274509803921,0.06508135168961202,0.9285714285714285,0.12090935418476687,0.4444444444444444,0,True,False,False,False,True,False,False,True,False
1861,0.7450980392156864,0.08596953087911614,0.5,0.0,0.7222222222222221,0,True,False,False,False,False,True,False,True,False
1862,0.5882352941176471,0.06654870312027966,0.8214285714285714,0.09429218334518073,0.33333333333333326,0,False,True,False,False,False,True,True,False,False
1863,0.33333333333333337,0.14500884726597904,0.39285714285714285,0.1394834531237659,0.611111111111111,1,False,True,False,False,False,True,False,False,True
1864,0.6862745098039217,0.07746752406024772,0.6428571428571428,0.07619198062291026,0.7222222222222221,0,False,False,True,False,False,True,True,False,False
1865,0.019607843137254943,0.17893055975141342,0.9285714285714285,0.1771187110022905,0.5555555555555555,1,False,True,False,False,False,True,False,True,False
1866,0.2549019607843137,0.05718354840101852,0.25,0.13487612879446068,1.0,1,False,True,False,False,False,True,False,True,False
1867,0.23529411764705888,0.13037849035432222,0.7857142857142857,0.10054498064923781,0.2777777777777778,1,True,False,False,False,False,True,False,True,False
1868,0.5490196078431373,0.026714427517155068,0.39285714285714285,0.01721822920780349,0.1111111111111111,0,False,True,False,False,True,False,False,False,True
1869,0.21568627450980393,0.17914634672651158,0.5,0.1903614775030935,0.2777777777777778,1,True,False,False,False,False,True,True,False,False
1870,0.7450980392156864,0.10215355401147988,0.03571428571428571,0.2893268040965695,0.4444444444444444,0,True,False,False,False,True,False,False,True,False
1871,0.019607843137254943,0.02956281558845108,0.9999999999999999,0.015506937314061553,0.05555555555555555,0,False,False,True,False,False,True,True,False,False
1872,0.607843137254902,0.04471106124034353,0.5714285714285714,0.07054471737356187,0.2777777777777778,0,True,False,False,False,True,False,True,False,False
1873,0.23529411764705888,0.17875793017133487,0.2142857142857143,0.03155358976384172,0.7222222222222221,0,False,True,False,False,False,True,False,False,True
1874,0.8823529411764707,0.08532216995382158,0.42857142857142855,0.14790827475449544,1.0,1,False,True,False,False,False,True,False,False,True
1875,0.5098039215686275,0.031504898364334726,0.0,0.13466550825369245,0.16666666666666666,0,True,False,False,False,False,True,False,True,False
1876,0.9411764705882354,0.4427085581114324,0.17857142857142855,0.015993997314588105,0.7222222222222221,0,False,True,False,False,False,True,True,False,False
1877,0.7843137254901961,0.16257390703897112,0.42857142857142855,0.22070399915751784,0.5,1,False,False,True,False,True,False,True,False,False
1878,0.3137254901960784,0.40779422554054634,0.35714285714285715,0.021022562725429798,0.2777777777777778,1,True,False,False,False,False,True,False,True,False
1879,0.7647058823529412,0.0721160070778128,0.3214285714285714,0.16806202774925624,0.5555555555555555,0,False,True,False,False,True,False,True,False,False
1880,0.5882352941176471,0.08346640196797721,0.5357142857142857,0.0643050838533028,0.6666666666666666,1,False,False,True,False,True,False,True,False,False
1881,0.6470588235294118,0.29549868369945187,0.9285714285714285,0.04190032382908143,0.9444444444444444,1,False,True,False,False,True,False,False,True,False
1882,0.4509803921568628,0.0964136204738682,0.8928571428571428,0.018139694073664534,0.7222222222222221,0,False,True,False,False,True,False,True,False,False
1883,0.8627450980392156,0.15907815804238057,0.8214285714285714,0.019324434615485876,0.5555555555555555,1,True,False,False,False,False,True,True,False,False
1884,0.6666666666666666,0.03763324845712313,0.7857142857142857,0.11419582444777927,0.22222222222222224,1,False,False,True,False,False,True,False,True,False
1885,0.9215686274509803,0.07664753355487464,0.6785714285714285,0.0841955611721033,0.38888888888888884,1,True,False,False,False,False,True,False,True,False
1886,0.09803921568627455,0.017047171032756464,0.5714285714285714,0.013716662717531528,0.16666666666666666,1,False,True,False,False,True,False,True,False,False
1887,0.3529411764705882,0.08596953087911614,0.5,0.0,0.611111111111111,0,False,True,False,False,True,False,False,True,False
1888,0.5686274509803921,0.00012947218505890984,0.10714285714285714,0.00789827027880894,0.2777777777777778,0,False,True,False,False,True,False,False,False,True
1889,0.11764705882352944,0.005178887402356394,0.14285714285714285,0.14339309691177632,0.38888888888888884,0,False,True,False,False,True,False,False,True,False
1890,0.17647058823529416,0.49000906305295416,0.9642857142857143,0.13104546770923833,0.16666666666666666,1,False,True,False,False,True,False,False,True,False
1891,0.7843137254901961,0.0359501100513573,0.7857142857142857,0.006344943790643183,0.5,0,True,False,False,False,True,False,False,True,False
1892,0.607843137254902,0.14095205213413317,0.4642857142857143,0.08652555090435195,0.5555555555555555,1,False,False,True,False,False,True,True,False,False
1893,0.6470588235294118,0.2365456821026283,0.6785714285714285,0.009319958928994551,0.7777777777777777,0,False,True,False,False,False,True,True,False,False
1894,0.5294117647058824,0.10357774804712788,0.3214285714285714,0.24650501540162703,0.22222222222222224,1,False,True,False,False,False,True,True,False,False
1895,0.27450980392156865,0.021535540114798673,0.4642857142857143,0.2502566937840613,0.1111111111111111,0,True,False,False,False,True,False,False,True,False
1896,0.5686274509803921,0.16861594234172025,0.9642857142857143,0.12617486770397282,0.7777777777777777,1,True,False,False,False,False,True,False,False,True
1897,0.7058823529411765,0.11872599369902033,0.0,0.2744648921886107,0.05555555555555555,0,False,False,True,False,False,True,False,True,False
1898,0.5490196078431373,0.17012645116740754,0.35714285714285715,0.17569702235210488,0.05555555555555555,1,False,True,False,False,True,False,False,True,False
1899,0.4117647058823529,0.19015148245651894,0.8928571428571428,0.1857014980385962,0.38888888888888884,1,False,True,False,False,True,False,False,True,False
1900,0.05882352941176472,0.4797376030382806,0.7857142857142857,0.08880288550140852,0.7222222222222221,1,True,False,False,False,True,False,False,True,False
1901,0.37254901960784315,0.11035345906521082,0.6071428571428571,0.038477740041597555,0.4444444444444444,1,True,False,False,False,True,False,False,True,False
1902,0.607843137254902,0.054119373354624314,0.5357142857142857,0.02586683516309928,0.22222222222222224,0,False,True,False,False,False,True,False,True,False
1903,0.6862745098039217,0.13534159078158042,0.9999999999999999,0.041729194639707236,0.611111111111111,0,True,False,False,False,True,False,False,True,False
1904,0.9607843137254902,0.009192525139182598,0.9285714285714285,0.10428349524787404,0.5,1,False,True,False,False,False,True,False,False,True
1905,0.05882352941176472,0.29480816537913773,0.6071428571428571,0.01995629623779059,0.0,1,False,True,False,False,True,False,False,True,False
1906,0.5098039215686275,0.01644296750248155,0.25,0.03151409841244768,1.0,0,True,False,False,False,False,True,False,False,True
1907,0.3137254901960784,0.051443614863406845,0.9642857142857143,0.06647710817997525,0.5555555555555555,1,False,True,False,False,True,False,True,False,False
1908,0.21568627450980393,0.08596953087911614,0.5,0.0,0.8888888888888888,0,False,False,False,True,True,False,False,True,False
1909,0.4117647058823529,0.11777653100858831,0.8928571428571428,0.09354184766869389,0.1111111111111111,1,False,True,False,False,True,False,True,False,False
1910,0.3137254901960784,0.06477924992447456,0.3214285714285714,0.2702524813732459,0.0,1,False,True,False,False,True,False,True,False,False
1911,0.17647058823529416,0.08303482801778084,0.14285714285714285,0.14518337150830635,0.8888888888888888,1,False,True,False,False,False,True,False,True,False
1912,0.0,0.24962237279357818,0.3214285714285714,0.11561751309796488,0.2777777777777778,1,False,True,False,False,False,True,False,False,True
1913,0.4117647058823529,0.05381727158948686,0.6071428571428571,0.09204117631572019,0.6666666666666666,1,False,True,False,False,True,False,True,False,False
1914,0.4901960784313726,0.2638211557550386,0.7142857142857143,0.07049206223836979,0.16666666666666666,1,True,False,False,False,False,True,False,False,True
1915,0.33333333333333337,0.011954598420439342,0.8214285714285714,0.021746570834320616,0.22222222222222224,0,True,False,False,False,False,True,False,False,True
1916,0.9607843137254902,0.19416512019334514,0.17857142857142855,0.23705341863465237,0.7777777777777777,0,False,True,False,False,False,True,False,True,False
1917,0.2549019607843137,0.2435371800958094,0.07142857142857142,0.030092409762262063,0.7222222222222221,0,False,True,False,False,False,True,False,True,False
1918,0.9019607843137255,0.02598075180182124,0.25,0.010083458389279414,1.0,0,False,False,True,False,False,True,False,True,False
1919,0.5490196078431373,0.0728496827931466,0.2857142857142857,0.14599952610378328,0.7777777777777777,1,False,True,False,False,True,False,False,False,True
1920,0.21568627450980393,0.02343446549566268,0.14285714285714285,0.02033804596793302,0.611111111111111,1,False,True,False,False,True,False,False,False,True
1921,0.6862745098039217,0.1587760562772431,0.9999999999999999,0.04896927572861544,0.9444444444444444,1,False,True,False,False,True,False,True,False,False
1922,0.6666666666666666,0.09921885115014457,0.03571428571428571,0.003027670273543427,0.7222222222222221,0,True,False,False,False,False,True,False,True,False
1923,1.0,0.13059427732942042,0.03571428571428571,0.015520101097859567,0.5,0,False,True,False,False,False,True,False,True,False
1924,0.21568627450980393,0.028311251132881618,0.2142857142857143,0.02003527894057868,0.38888888888888884,0,True,False,False,False,False,True,False,False,True
1925,0.11764705882352944,0.030814380044020543,0.5714285714285714,0.005897375141510676,0.16666666666666666,0,False,True,False,False,False,True,False,False,True
1926,0.5490196078431373,0.00548098916749385,0.3214285714285714,0.11257667904062343,0.9444444444444444,1,False,True,False,False,False,True,False,True,False
1927,0.1960784313725491,0.050321522592896295,0.39285714285714285,0.19103283047679226,0.38888888888888884,1,False,True,False,False,False,True,False,True,False
1928,0.6274509803921569,0.10621034914332571,0.03571428571428571,0.04920622383697971,0.16666666666666666,1,True,False,False,False,False,True,False,True,False
1929,0.09803921568627455,0.25264339044495276,0.3214285714285714,0.2186241213174315,0.5555555555555555,0,True,False,False,False,False,True,False,True,False
1930,0.9019607843137255,0.14233308877476153,0.6785714285714285,0.02527446489218861,0.22222222222222224,0,False,True,False,False,True,False,False,False,True
1931,0.27450980392156865,0.07401493245867678,0.0,0.041452755179948925,0.5,0,False,True,False,False,False,True,True,False,False
1932,0.607843137254902,0.3961848862802641,0.10714285714285714,0.017205065424005475,0.2777777777777778,0,True,False,False,False,False,True,True,False,False
1933,0.9803921568627451,0.16447283241983512,0.42857142857142855,0.10204565200221151,0.16666666666666666,1,True,False,False,False,False,True,True,False,False
1934,0.1960784313725491,0.34461179923179835,0.39285714285714285,0.05734144222415292,0.9444444444444444,1,False,True,False,False,False,True,False,True,False
1935,0.43137254901960786,0.09710413879418238,0.35714285714285715,0.0,0.8888888888888888,1,True,False,False,False,False,True,False,True,False
1936,0.4901960784313726,0.03879849812265332,0.9999999999999999,0.15102809151462498,0.33333333333333326,1,False,True,False,False,False,True,False,False,True
1937,0.6470588235294118,0.0070346553882007674,0.3214285714285714,0.08308980333307006,0.4444444444444444,0,False,True,False,False,False,True,True,False,False
1938,0.8823529411764707,0.16766647965128825,0.5,0.10403338335571177,0.1111111111111111,1,False,True,False,False,True,False,False,True,False
1939,0.6470588235294118,0.016745069267619005,0.14285714285714285,0.2882605376089303,0.4444444444444444,0,True,False,False,False,True,False,False,True,False
1940,0.5490196078431373,0.04669630141124682,0.8571428571428571,0.03742463733775637,0.16666666666666666,0,False,True,False,False,False,True,False,True,False
1941,0.05882352941176472,0.09844201803979111,0.5714285714285714,0.04686307032093305,1.0,1,True,False,False,False,False,True,False,True,False
1942,0.3137254901960784,0.08596953087911614,0.5,0.0,0.4444444444444444,1,True,False,False,False,False,True,True,False,False
1943,0.6666666666666666,0.1188123084890596,0.14285714285714285,0.09951820551299265,0.2777777777777778,1,True,False,False,False,False,True,True,False,False
1944,0.23529411764705888,0.023520780285701957,0.03571428571428571,0.02070663191427744,0.5555555555555555,0,False,True,False,False,False,True,True,False,False
1945,0.7843137254901961,0.06184454706313927,0.2857142857142857,0.04969328383750626,0.7777777777777777,0,False,True,False,False,True,False,False,False,True
1946,0.7450980392156864,0.12433645505157308,0.17857142857142855,0.0664244530447832,0.2777777777777778,1,False,False,True,False,False,True,True,False,False
1947,0.27450980392156865,0.4532389624962237,0.6071428571428571,0.05724929573756681,0.5,0,True,False,False,False,False,True,False,True,False
1948,0.5490196078431373,0.1684001553666221,0.4642857142857143,0.020680304346681413,0.9444444444444444,1,True,False,False,False,False,True,False,True,False
1949,0.5490196078431373,0.3312761641707307,0.6428571428571428,0.2719901008345839,0.8333333333333333,1,False,True,False,False,False,True,False,False,True
1950,0.1960784313725491,0.1859652151396142,0.4642857142857143,0.1513176947581813,0.16666666666666666,0,False,True,False,False,False,True,True,False,False
1951,1.0,0.11596392041776359,0.25,0.06913619250717427,0.6666666666666666,1,True,False,False,False,False,True,False,True,False
1952,0.607843137254902,0.027620732812567435,0.5714285714285714,0.12001421688650186,0.22222222222222224,1,False,True,False,False,True,False,True,False,False
1953,0.019607843137254943,0.1422467739847223,0.9642857142857143,0.2396598478266593,1.0,1,True,False,False,False,True,False,True,False,False
1954,0.9019607843137255,0.1264511674075353,0.07142857142857142,0.01541479082747545,0.9444444444444444,1,False,True,False,False,True,False,False,False,True
1955,0.2549019607843137,0.11941651201933452,0.9999999999999999,0.03034252165442435,0.8888888888888888,0,False,True,False,False,True,False,False,False,True
1956,0.37254901960784315,0.08713478054464634,0.3214285714285714,0.08239212279177527,0.8333333333333333,1,False,True,False,False,True,False,True,False,False
1957,0.4117647058823529,0.09740624055931985,0.5714285714285714,0.1689703288313193,0.0,0,False,True,False,False,True,False,True,False,False
1958,0.1960784313725491,0.05269517931897631,0.9285714285714285,0.0038833162204143963,0.0,1,False,True,False,False,False,True,False,True,False
1959,0.5098039215686275,0.09485995425316128,0.35714285714285715,0.43558960587631307,0.7222222222222221,1,True,False,False,False,False,True,True,False,False
1960,0.03921568627450983,0.028483880712960163,0.25,0.06389700655556434,0.05555555555555555,0,False,True,False,False,False,True,False,False,True
1961,0.3137254901960784,0.21177333736135687,0.0,0.04687623410473107,0.7777777777777777,0,False,True,False,False,False,True,True,False,False
1962,0.8431372549019608,0.02662811272711579,0.42857142857142855,0.036476844904299296,0.1111111111111111,1,False,False,True,False,False,True,True,False,False
1963,0.5294117647058824,0.08596953087911614,0.5,0.0,0.6666666666666666,0,False,False,False,True,True,False,False,False,True
1964,0.5490196078431373,0.07418756203875534,0.10714285714285714,0.16513966774609695,1.0,1,False,True,False,False,False,True,False,True,False
1965,0.3921568627450981,0.13905312675326917,0.2142857142857143,0.32755443224600483,0.0,0,True,False,False,False,True,False,False,True,False
1966,0.9019607843137255,0.07453282119891243,0.4642857142857143,0.05622252060132164,0.6666666666666666,0,False,False,True,False,False,True,True,False,False
1967,0.2941176470588236,0.04194898795908679,0.14285714285714285,0.32070926467103705,0.7777777777777777,0,False,True,False,False,False,True,False,False,True
1968,0.7058823529411765,0.10573561779810971,0.8214285714285714,0.18283179317062895,0.8333333333333333,1,False,True,False,False,False,True,False,False,True
1969,0.37254901960784315,0.05519830823011523,0.9642857142857143,0.0690835373719822,0.5555555555555555,1,True,False,False,False,True,False,True,False,False
1970,0.09803921568627455,0.3497043718441155,0.35714285714285715,0.11805281310059765,0.1111111111111111,1,False,True,False,False,False,True,False,False,True
1971,0.3529411764705882,0.3313624789607699,0.5714285714285714,0.06011900060553406,0.38888888888888884,1,True,False,False,False,True,False,True,False,False
1972,0.07843137254901966,0.09037158517111908,0.14285714285714285,0.08615696495800754,0.2777777777777778,1,False,False,True,False,True,False,False,True,False
1973,0.03921568627450983,0.051443614863406845,0.6785714285714285,0.006292288655451123,0.22222222222222224,0,False,False,True,False,False,True,False,False,True
1974,0.0,0.08596953087911614,0.5,0.0,0.7777777777777777,1,False,False,False,True,True,False,False,True,False
1975,0.7254901960784313,0.004833628242199301,0.14285714285714285,0.005713082168338467,0.4444444444444444,1,False,True,False,False,False,True,False,True,False
1976,0.27450980392156865,0.08338008717793795,0.8928571428571428,0.17889582181502253,0.22222222222222224,0,False,False,True,False,False,True,False,True,False
1977,0.6470588235294118,0.05308359587415304,0.5,0.18351630992812573,0.5,0,False,True,False,False,False,True,False,True,False
1978,0.6666666666666666,0.32786672996417937,0.6428571428571428,0.02849959192270226,0.2777777777777778,1,False,True,False,False,False,True,False,True,False
1979,0.9411764705882354,0.001553666220706918,0.5357142857142857,0.04118947950398862,0.5555555555555555,0,True,False,False,False,True,False,False,True,False
1980,0.47058823529411764,0.10418195157740279,0.25,0.06913619250717427,0.16666666666666666,1,False,True,False,False,True,False,False,True,False
1981,0.4509803921568628,0.17474429243450867,0.42857142857142855,0.09562172550878024,0.611111111111111,1,False,True,False,False,False,True,False,True,False
1982,0.21568627450980393,0.0859263734840965,0.5357142857142857,0.03567385409262039,0.2777777777777778,1,False,False,True,False,False,True,True,False,False
1983,0.33333333333333337,0.011566181865262613,0.07142857142857142,0.09452913145354501,0.0,0,False,True,False,False,True,False,False,False,True
1984,0.27450980392156865,0.4650640887316042,0.0,0.03722718058078614,0.9444444444444444,0,False,True,False,False,True,False,False,False,True
1985,0.8431372549019608,0.09447153769798455,0.2857142857142857,0.00601584919569281,0.05555555555555555,0,False,True,False,False,False,True,False,False,True
1986,0.2941176470588236,0.12330067757110182,0.2857142857142857,0.00026327567596029803,0.22222222222222224,1,True,False,False,False,False,True,True,False,False
1987,0.5098039215686275,0.034957489965905655,0.75,0.01122870757970671,0.8333333333333333,0,False,True,False,False,False,True,True,False,False
1988,0.13725490196078433,0.08553795692891977,0.8928571428571428,0.16548192612484533,0.611111111111111,1,False,True,False,False,False,True,False,True,False
1989,0.8823529411764707,0.07259073842302878,0.5714285714285714,0.3428244214517021,0.611111111111111,0,True,False,False,False,True,False,False,True,False
1990,0.47058823529411764,0.010098830434594967,0.8214285714285714,0.05863149303635837,0.5555555555555555,1,True,False,False,False,False,True,True,False,False
1991,0.3137254901960784,0.014544042121617539,0.03571428571428571,0.0757049206223837,1.0,1,False,True,False,False,False,True,True,False,False
1992,0.5490196078431373,0.23525096025203918,0.2857142857142857,0.016731169207276943,0.33333333333333326,1,True,False,False,False,True,False,False,False,True
1993,0.13725490196078433,0.03551853610116094,0.8214285714285714,0.08432719901008347,0.05555555555555555,1,False,True,False,False,False,True,True,False,False
1994,0.27450980392156865,0.028095464157783436,0.6428571428571428,0.016454729747518628,0.2777777777777778,0,True,False,False,False,False,True,False,True,False
1995,0.5098039215686275,0.09101894609641362,0.42857142857142855,0.09949187794539663,0.16666666666666666,1,False,True,False,False,False,True,False,False,True
1996,0.8823529411764707,0.18959043632126366,0.14285714285714285,0.2850617381460127,0.05555555555555555,1,False,True,False,False,True,False,True,False,False
1997,0.9607843137254902,0.00828621984377023,0.2857142857142857,0.02293131137614196,0.8888888888888888,0,True,False,False,False,False,True,False,False,True
1998,1.0,0.11134607915066247,0.42857142857142855,0.1523181423268304,0.38888888888888884,1,False,True,False,False,False,True,False,False,True
1999,0.11764705882352944,0.01644296750248155,0.0,0.002501118921622831,0.22222222222222224,0,False,True,False,False,False,True,False,True,False
2000,0.03921568627450983,0.004790470847179665,0.8571428571428571,0.04957480978332412,0.5,1,False,True,False,False,True,False,False,True,False
2001,0.5490196078431373,0.0070346553882007674,0.5,0.012360792986335993,0.8333333333333333,0,True,False,False,False,False,True,False,True,False
2002,0.8431372549019608,0.23261835915584134,0.10714285714285714,0.045770476265697815,0.05555555555555555,0,False,True,False,False,False,True,False,True,False
2003,0.4509803921568628,0.016270337922403004,0.10714285714285714,0.020074770291972726,1.0,0,False,True,False,False,True,False,False,True,False
2004,0.03921568627450983,0.005998877907729489,0.6785714285714285,0.04920622383697971,0.33333333333333326,0,False,True,False,False,True,False,True,False,False
2005,0.37254901960784315,0.07457597859393207,0.3214285714285714,0.056920201142616436,0.05555555555555555,0,False,True,False,False,False,True,False,False,True
2006,0.8823529411764707,0.2405593198394545,0.9642857142857143,0.03764842166232262,0.6666666666666666,1,False,True,False,False,True,False,False,False,True
2007,0.27450980392156865,0.03940270165292823,0.8571428571428571,0.11256351525682542,0.16666666666666666,1,False,True,False,False,False,True,True,False,False
2008,0.47058823529411764,0.07090760001726296,0.17857142857142855,0.2644867440697154,0.8333333333333333,0,False,True,False,False,True,False,False,True,False
2009,0.5686274509803921,0.005265202192395667,0.9285714285714285,0.053905694652871025,0.5,0,False,True,False,False,True,False,False,True,False
2010,0.2549019607843137,0.07716542229511027,0.8214285714285714,0.022496906510807466,0.8888888888888888,0,True,False,False,False,False,True,True,False,False
2011,0.11764705882352944,0.11160502352078028,0.39285714285714285,0.03325171787378564,0.7222222222222221,1,True,False,False,False,True,False,False,True,False
2012,0.3137254901960784,0.10953346855983773,0.6785714285714285,0.2026301240028434,0.611111111111111,1,False,False,True,False,False,True,False,False,True
2013,0.8431372549019608,0.05230676276379957,0.5357142857142857,0.08927678171813705,0.6666666666666666,1,False,True,False,False,False,True,False,False,True
2014,0.37254901960784315,0.04906995813732683,0.07142857142857142,0.06392333412316037,0.38888888888888884,0,False,False,True,False,False,True,False,True,False
2015,0.6862745098039217,0.014587199516637176,0.4642857142857143,0.017073427586025328,0.8888888888888888,1,False,True,False,False,False,True,True,False,False
2016,0.1568627450980392,0.0591687885719218,0.0,0.06290972277071322,0.9444444444444444,1,False,False,True,False,False,True,False,True,False
2017,0.7254901960784313,0.013551422036165897,0.3214285714285714,0.0,0.5,0,False,True,False,False,True,False,True,False,False
2018,0.9215686274509803,0.18838202926071382,0.5,0.30199036411025987,0.6666666666666666,1,False,True,False,False,False,True,False,True,False
2019,0.4117647058823529,0.08596953087911614,0.5,0.0,0.05555555555555555,1,False,True,False,False,True,False,False,True,False
2020,0.019607843137254943,0.45431789737171463,0.10714285714285714,0.009227812442408445,0.8888888888888888,0,False,True,False,False,False,True,True,False,False
2021,0.4509803921568628,0.2593327866729964,0.4642857142857143,0.07656056656925467,0.2777777777777778,1,True,False,False,False,False,True,True,False,False
2022,0.13725490196078433,0.11889862327909888,0.8214285714285714,0.0268541189479504,0.611111111111111,1,True,False,False,False,False,True,True,False,False
2023,0.1960784313725491,0.15627292736610418,0.5357142857142857,0.05570913303319906,0.6666666666666666,1,False,False,True,False,True,False,True,False,False
2024,0.23529411764705888,0.04345949678477407,0.4642857142857143,0.2205591975357397,0.16666666666666666,0,True,False,False,False,True,False,True,False,False
2025,0.3137254901960784,0.12899745371369384,0.07142857142857142,0.07895637522049338,0.7777777777777777,0,False,True,False,False,False,True,False,False,True
2026,0.13725490196078433,0.07871908851581717,0.5714285714285714,0.04283495247874049,0.8333333333333333,0,False,True,False,False,True,False,False,False,True
2027,0.3921568627450981,0.08514954037374305,0.7142857142857143,0.024537292999499777,1.0,0,False,False,True,False,False,True,False,False,True
2028,0.33333333333333337,0.18359155841353417,0.4642857142857143,0.16966800937261406,0.7777777777777777,1,True,False,False,False,False,True,False,False,True
2029,0.5686274509803921,0.04289845064951879,0.6071428571428571,0.10315140984124477,0.2777777777777778,1,True,False,False,False,True,False,True,False,False
2030,0.33333333333333337,0.08596953087911614,0.5,0.0,0.2777777777777778,1,False,True,False,False,True,False,True,False,False
2031,0.8823529411764707,0.3347719131673212,0.75,0.025827343811705237,0.22222222222222224,0,True,False,False,False,False,True,False,True,False
2032,0.9019607843137255,0.007509386733416771,0.6428571428571428,0.0428481162625385,0.05555555555555555,0,False,False,True,False,False,True,False,True,False
2033,0.5882352941176471,0.08605584566915542,0.07142857142857142,0.33857251928494325,0.05555555555555555,1,False,True,False,False,True,False,False,False,True
2034,0.7254901960784313,0.3158689741487204,0.39285714285714285,0.07731090224574151,0.22222222222222224,1,False,True,False,False,True,False,False,False,True
2035,0.607843137254902,0.12204911311553235,0.75,0.05391885843666904,0.1111111111111111,0,False,True,False,False,True,False,True,False,False
2036,0.1960784313725491,0.10236934098657804,0.14285714285714285,0.07760050548929785,0.2777777777777778,1,True,False,False,False,True,False,True,False,False
2037,0.8627450980392156,0.03720167450692676,0.3214285714285714,0.15896585314482795,0.5555555555555555,0,False,True,False,False,False,True,False,True,False
2038,0.47058823529411764,0.05442147511976177,0.2857142857142857,0.04376958112839955,0.22222222222222224,0,False,True,False,False,False,True,False,True,False
2039,0.6274509803921569,0.2474213456475767,0.0,0.02073295948187347,0.9444444444444444,1,False,True,False,False,False,True,True,False,False
2040,0.7254901960784313,0.10608087695826679,0.42857142857142855,0.09260721901903482,0.7222222222222221,1,True,False,False,False,False,True,True,False,False
2041,0.7843137254901961,0.09360838979759183,0.07142857142857142,0.11523576336782246,0.5,0,False,True,False,False,True,False,False,False,True
2042,0.13725490196078433,0.013594579431185532,0.6428571428571428,0.13134823473659268,0.1111111111111111,1,False,True,False,False,False,True,False,True,False
2043,0.1960784313725491,0.0020715549609425575,0.35714285714285715,0.22504804781086277,0.8333333333333333,0,False,False,True,False,False,True,True,False,False
2044,0.4117647058823529,0.4292866082603254,0.5357142857142857,0.0488508016744333,0.8333333333333333,1,False,False,True,False,False,True,False,True,False
2045,0.9803921568627451,0.06128350092788399,0.17857142857142855,0.008253692441355343,0.5555555555555555,0,False,True,False,False,False,True,False,False,True
2046,0.4509803921568628,0.11967545638945233,0.8214285714285714,0.3347155306321249,0.16666666666666666,1,True,False,False,False,False,True,False,False,True
2047,0.7843137254901961,0.010746191359889518,0.07142857142857142,0.06013216438933207,0.5555555555555555,0,True,False,False,False,False,True,True,False,False
2048,0.3137254901960784,0.14880669802770705,0.6428571428571428,0.10280915146249638,0.38888888888888884,0,False,True,False,False,True,False,False,False,True
2049,0.21568627450980393,0.34914332570886025,0.17857142857142855,0.11557802174657084,0.8333333333333333,1,False,True,False,False,False,True,True,False,False
2050,0.8823529411764707,0.11100081999050537,0.25,0.08327409630624226,0.38888888888888884,1,False,True,False,False,False,True,False,True,False
2051,0.607843137254902,0.017435587587933194,0.75,0.02419503462075139,0.4444444444444444,0,False,True,False,False,False,True,True,False,False
2052,0.27450980392156865,0.11285658797634975,0.42857142857142855,0.14818471421425375,0.7222222222222221,1,False,True,False,False,False,True,False,True,False
2053,0.2941176470588236,0.1882525570756549,0.39285714285714285,0.17148461153674013,0.38888888888888884,1,True,False,False,False,False,True,True,False,False
2054,0.4117647058823529,0.06754132320573131,0.3214285714285714,0.08478793144301398,0.8333333333333333,1,False,True,False,False,False,True,False,False,True
2055,0.5294117647058824,0.27435156013983,0.07142857142857142,0.07061053629255193,0.05555555555555555,0,True,False,False,False,False,True,False,False,True
2056,0.37254901960784315,0.13542790557161968,0.10714285714285714,0.012742542716478424,1.0,0,False,True,False,False,False,True,False,True,False
2057,0.6274509803921569,0.29713866471019806,0.0,0.009227812442408445,1.0,1,True,False,False,False,False,True,False,True,False
2058,0.17647058823529416,0.1264943248025549,0.42857142857142855,0.04369059842561145,1.0,1,False,True,False,False,False,True,False,True,False
2059,0.7647058823529412,0.01821242069828665,0.8214285714285714,0.03920174815048838,0.9444444444444444,1,True,False,False,False,True,False,False,True,False
2060,0.607843137254902,0.047991023261835915,0.10714285714285714,0.32347365926862015,0.6666666666666666,0,True,False,False,False,False,True,False,True,False
2061,0.9607843137254902,0.029174399033274352,0.75,0.16120369639049048,0.8888888888888888,1,True,False,False,False,False,True,True,False,False
2062,0.6274509803921569,0.31008588321608904,0.35714285714285715,0.1135902903930706,0.0,1,False,True,False,False,False,True,True,False,False
2063,0.019607843137254943,0.18497259505416253,0.6428571428571428,0.07678435089382092,0.22222222222222224,1,True,False,False,False,True,False,False,False,True
2064,0.6274509803921569,0.14608778214146995,0.35714285714285715,0.01928494326409183,0.6666666666666666,1,False,False,True,False,False,True,False,True,False
2065,0.6274509803921569,0.04635104225108973,0.39285714285714285,0.4041544901666535,0.2777777777777778,0,True,False,False,False,True,False,False,True,False
2066,0.7843137254901961,0.026326010961978334,0.35714285714285715,0.049508990864334045,0.5,0,False,True,False,False,False,True,False,True,False
2067,0.23529411764705888,0.18285788269820033,0.17857142857142855,0.011913224337203487,0.4444444444444444,0,True,False,False,False,True,False,False,True,False
2068,0.5686274509803921,0.0832074575978594,0.39285714285714285,0.07170313034778716,0.2777777777777778,1,False,True,False,False,False,True,False,True,False
2069,0.6274509803921569,0.03314487937508092,0.9285714285714285,0.21815022510070295,0.0,1,False,False,True,False,True,False,False,True,False
2070,0.23529411764705888,0.12412066807647491,0.2857142857142857,0.22989232024853223,0.9444444444444444,1,True,False,False,False,True,False,True,False,False
2071,1.0,0.00535151698243494,0.8571428571428571,0.0011584129742253113,0.33333333333333326,0,False,True,False,False,False,True,False,False,True
2072,0.4901960784313726,0.05109835570324975,0.3214285714285714,0.2289576915988732,0.5,1,False,True,False,False,True,False,True,False,False
2073,0.4117647058823529,0.08182642095723103,0.07142857142857142,0.03335702814416976,0.611111111111111,0,False,True,False,False,False,True,True,False,False
2074,0.7450980392156864,0.020715549609425576,0.07142857142857142,0.004186083247768739,0.7777777777777777,0,False,False,True,False,False,True,False,True,False
2075,0.019607843137254943,0.5408053169910664,0.6785714285714285,0.1982465839981044,0.8888888888888888,1,False,True,False,False,False,True,False,False,True
2076,0.7254901960784313,0.030382806093824176,0.9642857142857143,0.21000184292973173,0.1111111111111111,1,False,True,False,False,True,False,False,True,False
2077,0.7450980392156864,0.018082948513227743,0.7857142857142857,0.0955032514545981,0.7777777777777777,1,False,False,True,False,False,True,False,True,False
2078,0.4901960784313726,0.029476500798411808,0.5357142857142857,0.08997446225943184,0.0,0,False,True,False,False,True,False,False,True,False
2079,0.8823529411764707,0.18976306590134218,0.07142857142857142,0.17663165100176395,0.5555555555555555,1,False,True,False,False,False,True,False,True,False
2080,0.9607843137254902,0.07177074791765568,0.3214285714285714,0.16252007477029196,0.2777777777777778,1,True,False,False,False,False,True,True,False,False
2081,0.27450980392156865,0.10789348754909153,0.8214285714285714,0.23255140457573126,0.8333333333333333,0,False,True,False,False,True,False,False,False,True
2082,0.6470588235294118,0.0027620732812567435,0.35714285714285715,0.08473527630782193,0.611111111111111,1,False,True,False,False,False,True,False,False,True
2083,0.8039215686274509,0.004531526477061845,0.25,0.36131953768791303,0.7777777777777777,1,False,True,False,False,True,False,False,True,False
2084,0.8431372549019608,0.07643174657977644,0.17857142857142855,0.5854066292815207,0.9444444444444444,1,True,False,False,False,False,True,True,False,False
2085,0.9411764705882354,0.21962798325493074,0.6785714285714285,0.013045309743832768,0.5,1,False,False,True,False,False,True,True,False,False
2086,0.7647058823529412,0.28030728065253985,0.35714285714285715,0.19947081589131982,0.611111111111111,1,False,True,False,False,False,True,False,False,True
2087,0.1960784313725491,0.01173881144534116,0.9642857142857143,0.07295368980859859,1.0,0,False,True,False,False,False,True,True,False,False
2088,0.03921568627450983,0.10008199905053732,0.9285714285714285,0.05164152383961246,0.22222222222222224,1,False,True,False,False,False,True,True,False,False
2089,0.09803921568627455,0.3164731776789953,0.7142857142857143,0.09999210172972119,0.9444444444444444,1,True,False,False,False,False,True,True,False,False
2090,0.1568627450980392,0.06357084286392474,0.39285714285714285,0.0060685043308848705,1.0,0,False,True,False,False,False,True,True,False,False
2091,0.09803921568627455,0.22907945276423114,0.5357142857142857,0.07436221467498619,0.611111111111111,1,False,False,True,False,False,True,False,True,False
2092,0.1568627450980392,0.01860083725346338,0.6071428571428571,0.21558328726009005,0.0,0,False,True,False,False,False,True,False,True,False
2093,0.7450980392156864,0.35466747227137374,0.42857142857142855,0.025287628675986627,0.05555555555555555,0,False,False,True,False,False,True,True,False,False
2094,0.5882352941176471,0.1802252816020025,0.75,0.05852618276597425,0.1111111111111111,0,True,False,False,False,True,False,False,False,True
2095,0.607843137254902,0.08596953087911614,0.5,0.0,0.611111111111111,1,False,False,False,True,True,False,True,False,False
2096,0.7843137254901961,0.1461740969315092,0.5,0.05893426006371272,0.7222222222222221,1,False,True,False,False,True,False,False,False,True
2097,0.9607843137254902,0.058478270251607616,0.75,0.0467314324829529,0.33333333333333326,0,True,False,False,False,False,True,False,True,False
2098,0.21568627450980393,0.3604074058089854,0.9642857142857143,0.06115893952557724,0.16666666666666666,1,False,True,False,False,True,False,True,False,False
2099,0.13725490196078433,0.041733200983988604,0.7142857142857143,0.07717926440776138,0.611111111111111,0,False,True,False,False,False,True,False,True,False
2100,0.13725490196078433,0.08596953087911614,0.5,0.0,0.38888888888888884,1,False,False,False,True,True,False,False,False,True
2101,0.9607843137254902,0.15622976997108456,0.6071428571428571,0.16985230234578627,0.0,0,False,False,True,False,False,True,False,True,False
2102,0.5294117647058824,0.18769151094039965,0.9642857142857143,0.06335729141984572,0.22222222222222224,0,True,False,False,False,False,True,True,False,False
2103,0.37254901960784315,0.3431876051961503,0.9999999999999999,0.17911960613958874,0.0,1,True,False,False,False,True,False,False,True,False
2104,0.9019607843137255,0.029649130378490356,0.4642857142857143,0.08035173630308295,0.7777777777777777,0,True,False,False,False,False,True,True,False,False
2105,0.11764705882352944,0.08596953087911614,0.5,0.0,0.6666666666666666,0,False,True,False,False,False,True,False,False,True
2106,0.1960784313725491,0.17366535755901774,0.7142857142857143,0.11297159255456388,0.6666666666666666,1,True,False,False,False,False,True,False,True,False
2107,0.37254901960784315,0.008545164213888049,0.4642857142857143,0.13320432825211279,0.16666666666666666,0,True,False,False,False,False,True,False,False,True
2108,0.2941176470588236,0.06339821328384619,0.8571428571428571,0.08598583576863333,0.7777777777777777,1,True,False,False,False,True,False,False,False,True
2109,0.05882352941176472,0.04302792283457771,0.9285714285714285,0.006134323249874944,0.611111111111111,0,False,True,False,False,False,True,False,True,False
2110,0.09803921568627455,0.046998403176384276,0.25,0.019614037859042203,0.38888888888888884,0,False,False,True,False,True,False,False,False,True
2111,0.4117647058823529,0.5271244227698416,0.9642857142857143,0.035371087065266045,0.8333333333333333,1,False,False,True,False,False,True,False,True,False
2112,0.4901960784313726,0.13327003582063787,0.9642857142857143,0.034976173551325596,0.611111111111111,0,True,False,False,False,True,False,False,True,False
2113,0.03921568627450983,0.16373915670450132,0.7857142857142857,0.11785535634362741,0.2777777777777778,1,False,True,False,False,False,True,True,False,False
2114,0.7843137254901961,0.48625436968624575,0.5,0.0019482400021062054,0.7777777777777777,1,True,False,False,False,True,False,True,False,False
2115,0.8039215686274509,0.061326658322903634,0.9642857142857143,0.14840849853882,0.33333333333333326,1,True,False,False,False,False,True,False,True,False
2116,0.2549019607843137,0.2095723102153554,0.9999999999999999,0.032475054629702765,0.22222222222222224,0,False,True,False,False,True,False,False,True,False
2117,0.1960784313725491,0.07379914548357862,0.5,0.03908327409630624,0.7777777777777777,1,False,True,False,False,False,True,False,False,True
2118,0.33333333333333337,0.26369168356997974,0.6428571428571428,0.07904852170707947,0.611111111111111,1,False,True,False,False,False,True,True,False,False
2119,0.21568627450980393,0.025808122221742696,0.8928571428571428,0.025616723270937,0.5555555555555555,0,True,False,False,False,True,False,False,True,False
2120,0.43137254901960786,0.38198610331880367,0.6785714285714285,0.22728589105652527,0.16666666666666666,1,False,True,False,False,True,False,True,False,False
2121,0.21568627450980393,0.03197962970955073,0.17857142857142855,0.00939894163178264,0.6666666666666666,0,False,True,False,False,False,True,False,True,False
2122,0.23529411764705888,0.051141513098269385,0.6428571428571428,0.06188294763446805,0.9444444444444444,1,True,False,False,False,True,False,False,True,False
2123,0.47058823529411764,0.18272841051314145,0.9285714285714285,0.1993786694047337,0.38888888888888884,1,True,False,False,False,False,True,True,False,False
2124,0.8627450980392156,0.08596953087911614,0.5,0.0,0.33333333333333326,0,False,False,False,True,True,False,True,False,False
2125,0.9803921568627451,0.12131543740019853,0.25,0.036411025985309216,0.8333333333333333,0,False,True,False,False,True,False,False,True,False
2126,0.3529411764705882,0.07612964481463899,0.17857142857142855,0.05749940762972909,0.1111111111111111,0,False,False,True,False,True,False,False,False,True
2127,0.8823529411764707,0.1756074403349014,0.6785714285714285,0.1291630466261222,0.8333333333333333,1,True,False,False,False,False,True,False,True,False
2128,0.6862745098039217,0.03357645332527729,0.7857142857142857,0.38139430797988577,0.8333333333333333,1,False,True,False,False,True,False,True,False,False
2129,0.8627450980392156,0.0078114884985542275,0.9999999999999999,0.2355000921464866,0.33333333333333326,1,False,False,True,False,True,False,False,True,False
2130,0.13725490196078433,0.04617841267101117,0.5,0.044151330858541976,0.6666666666666666,0,False,True,False,False,True,False,True,False,False
2131,0.5490196078431373,0.08325061499287903,0.9285714285714285,0.6654292709896533,0.6666666666666666,1,False,False,True,False,True,False,False,True,False
2132,0.607843137254902,0.08596953087911614,0.5,0.0,1.0,1,False,False,False,True,True,False,True,False,False
2133,0.9803921568627451,0.05675197445082215,0.3214285714285714,0.002948687570755338,0.9444444444444444,0,False,True,False,False,False,True,True,False,False
2134,0.8431372549019608,0.06611712917008329,0.5,0.182858120738225,0.33333333333333326,1,False,True,False,False,False,True,False,True,False
2135,0.33333333333333337,0.007638858918475681,0.8214285714285714,0.023431535160466525,0.9444444444444444,1,False,True,False,False,False,True,False,True,False
2136,0.09803921568627455,0.11333131932156576,0.5357142857142857,0.00660821946660348,0.9444444444444444,1,True,False,False,False,True,False,True,False,False
2137,0.33333333333333337,0.2792715031720685,0.5714285714285714,0.028512755706500276,0.16666666666666666,0,True,False,False,False,True,False,False,True,False
2138,0.3529411764705882,0.02131975313970049,0.6428571428571428,0.058473527630782195,0.4444444444444444,1,True,False,False,False,False,True,True,False,False
2139,0.4117647058823529,0.08596953087911614,0.5,0.0,0.8333333333333333,1,False,False,False,True,True,False,True,False,False
2140,0.7058823529411765,0.14151309826938846,0.5357142857142857,0.1030987547060527,0.16666666666666666,1,False,True,False,False,True,False,True,False,False
2141,0.607843137254902,0.07038971127702731,0.14285714285714285,0.028565410841692337,0.38888888888888884,0,False,True,False,False,False,True,False,False,True
2142,0.7843137254901961,0.15635924215614344,0.14285714285714285,0.07369086170128741,0.1111111111111111,1,False,True,False,False,False,True,True,False,False
2143,0.03921568627450983,0.06849078589616331,0.8928571428571428,0.2745043835400047,0.4444444444444444,1,True,False,False,False,False,True,False,False,True
2144,0.5294117647058824,0.09093263130637434,0.4642857142857143,0.17771108127320118,0.38888888888888884,1,False,True,False,False,True,False,False,False,True
2145,0.17647058823529416,0.0009494626904320055,0.6071428571428571,0.04111049680120054,0.611111111111111,0,True,False,False,False,False,True,False,False,True
2146,0.9803921568627451,0.15234560441931724,0.8928571428571428,0.4246373377563647,0.7222222222222221,1,True,False,False,False,False,True,False,True,False
2147,0.6666666666666666,0.14017521902377972,0.25,0.129860727167417,0.5,1,False,True,False,False,False,True,False,False,True
2148,0.5490196078431373,0.005049415217297484,0.14285714285714285,0.0067925124397756895,0.8888888888888888,0,True,False,False,False,False,True,False,False,True
2149,0.27450980392156865,0.059470890337059254,0.2142857142857143,0.003764842166232262,0.5555555555555555,0,False,True,False,False,True,False,False,True,False
2150,0.6274509803921569,0.5003668378576669,0.5357142857142857,0.01941658110207198,0.5,1,False,True,False,False,False,True,False,True,False
2151,0.11764705882352944,0.07069181304216476,0.7857142857142857,0.13704815312113314,0.6666666666666666,1,True,False,False,False,False,True,False,False,True
2152,0.21568627450980393,0.09024211298606016,0.4642857142857143,0.0213779848879762,0.05555555555555555,1,False,True,False,False,False,True,True,False,False
2153,0.9411764705882354,0.31168270683181565,0.14285714285714285,0.0754416449464234,0.0,0,False,True,False,False,False,True,False,True,False
2154,0.5686274509803921,0.16356652712442277,0.8214285714285714,0.010307242713845668,0.0,0,True,False,False,False,False,True,False,False,True
2155,0.3921568627450981,0.11294290276638903,0.2857142857142857,0.26715899218071243,0.8333333333333333,1,False,True,False,False,True,False,False,True,False
2156,0.5882352941176471,0.20698286651417722,0.10714285714285714,0.044388278966906246,0.5,1,True,False,False,False,True,False,False,True,False
2157,0.4509803921568628,0.2586422683526822,0.10714285714285714,0.2514151067582866,0.5,0,False,True,False,False,False,True,True,False,False
2158,0.37254901960784315,0.07902119028095464,0.5357142857142857,0.3052023273569755,0.33333333333333326,0,False,True,False,False,True,False,True,False,False
2159,0.7058823529411765,0.08346640196797721,0.8214285714285714,0.0006450254061027301,0.33333333333333326,0,False,False,True,False,True,False,False,False,True
2160,0.05882352941176472,0.06318242630874801,0.5714285714285714,0.06570044493589237,0.0,0,True,False,False,False,False,True,True,False,False
2161,0.5294117647058824,0.4405075309654309,0.5,0.0026327567596029803,0.6666666666666666,1,False,True,False,False,False,True,False,False,True
2162,0.8431372549019608,0.15467610375037763,0.10714285714285714,0.25206013216438933,0.22222222222222224,0,False,True,False,False,True,False,False,True,False
2163,0.37254901960784315,0.011264080100125156,0.17857142857142855,0.0769423162993971,0.1111111111111111,1,False,False,True,False,False,True,True,False,False
2164,0.4509803921568628,0.2573043891070735,0.5357142857142857,0.008201037306163284,0.6666666666666666,0,False,True,False,False,True,False,False,True,False
2165,0.9607843137254902,0.08480428121358594,0.9999999999999999,0.012308137851143933,0.611111111111111,0,True,False,False,False,True,False,False,True,False
2166,0.9411764705882354,0.009235682534202237,0.10714285714285714,0.05094384329831767,0.9444444444444444,0,True,False,False,False,True,False,False,False,True
2167,0.9803921568627451,0.10331880367701006,0.17857142857142855,0.29669852302345784,0.22222222222222224,0,True,False,False,False,True,False,False,True,False
2168,0.607843137254902,0.06991497993181131,0.14285714285714285,0.12433193797225076,0.22222222222222224,1,True,False,False,False,False,True,False,False,True
2169,0.7843137254901961,0.2721073755988088,0.5357142857142857,0.21295053050048707,0.05555555555555555,1,True,False,False,False,False,True,False,True,False
2170,0.6862745098039217,0.029519658193431445,0.8571428571428571,0.0480609746465524,0.2777777777777778,1,True,False,False,False,False,True,False,True,False
2171,0.6470588235294118,0.22674895343317078,0.5357142857142857,0.00464681568069926,0.33333333333333326,0,True,False,False,False,True,False,False,True,False
2172,0.6862745098039217,0.10560614561305079,0.3214285714285714,0.3856462101466445,0.0,1,True,False,False,False,False,True,True,False,False
2173,0.019607843137254943,0.007250442363298951,0.2857142857142857,0.0018297659479240712,0.1111111111111111,1,False,True,False,False,True,False,False,True,False
2174,0.27450980392156865,0.4622157006603081,0.10714285714285714,0.3106521338493537,0.05555555555555555,0,False,True,False,False,True,False,True,False,False
2175,0.6470588235294118,0.09304734366233654,0.9999999999999999,0.048442724376694835,0.5,1,True,False,False,False,False,True,True,False,False
2176,0.6862745098039217,0.044495274265245355,0.4642857142857143,0.0010662664876392072,0.5555555555555555,0,False,False,True,False,False,True,False,True,False
2177,0.09803921568627455,0.0820422079323292,0.10714285714285714,0.12305505094384331,0.6666666666666666,0,False,True,False,False,True,False,True,False,False
2178,0.7450980392156864,0.2526002330499331,0.39285714285714285,0.4148566463944396,0.8333333333333333,1,False,True,False,False,True,False,True,False,False
2179,0.8039215686274509,0.08596953087911614,0.8214285714285714,0.0,0.5555555555555555,1,False,False,True,False,False,True,False,False,True
2180,0.9803921568627451,0.027707047602606706,0.3214285714285714,0.018481952452412923,0.9444444444444444,0,True,False,False,False,False,True,False,True,False
2181,0.9803921568627451,0.017910318933149198,0.10714285714285714,0.021062054076823843,0.5555555555555555,1,False,True,False,False,False,True,False,True,False
2182,0.21568627450980393,0.045789996115834446,0.6071428571428571,0.08778927414896137,0.0,1,True,False,False,False,False,True,False,True,False
2183,0.03921568627450983,0.19606404557420914,0.42857142857142855,0.10681094173709291,0.9444444444444444,1,False,False,True,False,False,True,True,False,False
2184,0.8627450980392156,0.08260325406758448,0.42857142857142855,0.14162914988284234,0.22222222222222224,1,True,False,False,False,True,False,True,False,False
2185,0.33333333333333337,0.03340382374519874,0.4642857142857143,0.021035726509227814,0.05555555555555555,0,True,False,False,False,False,True,False,False,True
2186,0.7647058823529412,0.023520780285701957,0.6071428571428571,0.33640049495827085,0.9444444444444444,0,False,True,False,False,True,False,False,False,True
2187,0.3921568627450981,0.05239307755383885,0.0,0.10721901903483137,0.33333333333333326,0,False,False,True,False,True,False,False,True,False
2188,0.27450980392156865,0.36407578438565447,0.7142857142857143,0.19773319642998186,0.5555555555555555,1,True,False,False,False,False,True,True,False,False
2189,0.6274509803921569,0.05437831772474213,0.5357142857142857,0.08178658873706658,0.5555555555555555,1,False,False,True,False,False,True,True,False,False
2190,0.6666666666666666,0.573993353761167,0.5,0.056327830871705765,0.6666666666666666,0,False,True,False,False,True,False,False,False,True
2191,0.4901960784313726,0.08596953087911614,0.75,0.39809914961956666,0.16666666666666666,0,False,True,False,False,False,True,False,True,False
2192,0.13725490196078433,0.025549177851624874,0.8571428571428571,0.09189637469394203,0.0,0,False,True,False,False,False,True,True,False,False
2193,0.6862745098039217,0.2871261490656424,0.14285714285714285,0.21235816022957638,0.9444444444444444,1,False,True,False,False,True,False,False,False,True
2194,0.9215686274509803,0.07988433818134738,0.9999999999999999,0.32265750467314325,0.611111111111111,1,True,False,False,False,True,False,False,True,False
2195,0.5686274509803921,0.08596953087911614,0.17857142857142855,0.0,0.5,0,False,False,True,False,True,False,True,False,False
2196,0.43137254901960786,0.5330801432825515,0.17857142857142855,0.0,0.38888888888888884,1,True,False,False,False,True,False,False,False,True
2197,0.8039215686274509,0.006646238833024039,0.07142857142857142,0.00036858594634441727,0.1111111111111111,1,False,False,True,False,False,True,False,False,True
2198,0.8431372549019608,0.013163005480989167,0.5357142857142857,0.004304557301950873,0.33333333333333326,0,False,True,False,False,False,True,False,True,False
2199,0.2549019607843137,0.1650338785550904,0.39285714285714285,0.023615828133638734,0.5555555555555555,1,True,False,False,False,False,True,False,True,False
2200,0.2549019607843137,0.04285529325449916,0.10714285714285714,0.02166758813153253,0.33333333333333326,0,True,False,False,False,True,False,False,True,False
2201,0.019607843137254943,0.02636916835699797,0.0,0.03096121949293105,0.33333333333333326,0,True,False,False,False,True,False,False,False,True
2202,0.7058823529411765,0.005178887402356394,0.10714285714285714,0.038306610852223366,0.4444444444444444,1,True,False,False,False,True,False,False,False,True
2203,0.07843137254901966,0.0028483880712960167,0.0,0.047007871942711214,0.1111111111111111,0,True,False,False,False,True,False,False,False,True
2204,0.7254901960784313,0.1928272409477364,0.7142857142857143,0.05745991627833504,0.5555555555555555,0,True,False,False,False,True,False,True,False,False
2205,0.8627450980392156,0.018687152043502655,0.9285714285714285,0.010965431903746414,0.8888888888888888,1,False,True,False,False,False,True,False,True,False
2206,0.7843137254901961,0.08165379137715248,0.9285714285714285,0.004554669194113156,0.38888888888888884,1,True,False,False,False,True,False,True,False,False
2207,0.9019607843137255,0.12053860428984506,0.25,0.1180264855330016,0.05555555555555555,0,False,False,True,False,False,True,False,True,False
2208,0.2549019607843137,0.07241810884295025,0.8214285714285714,0.08116789089855989,0.0,1,False,True,False,False,False,True,True,False,False
2209,0.7450980392156864,0.0035389063916102022,0.14285714285714285,0.06184345628307401,0.8333333333333333,0,True,False,False,False,False,True,True,False,False
2210,0.47058823529411764,0.1981356005351517,0.8928571428571428,0.10598162335781798,0.16666666666666666,1,True,False,False,False,True,False,True,False,False
2211,0.37254901960784315,0.0013810366406283717,0.03571428571428571,0.1851749466866756,0.4444444444444444,1,True,False,False,False,False,True,False,False,True
2212,0.019607843137254943,0.18579258555953562,0.39285714285714285,0.05877629465813653,0.38888888888888884,0,True,False,False,False,False,True,False,True,False
2213,0.7450980392156864,0.2897155927668206,0.75,0.10791669957612617,0.0,1,False,False,True,False,True,False,True,False,False
2214,0.09803921568627455,0.07341072892840189,0.5714285714285714,0.32328936629544797,0.38888888888888884,1,False,True,False,False,False,True,True,False,False
2215,0.3137254901960784,0.09930516594018386,0.2142857142857143,0.19274412237053418,0.22222222222222224,0,False,True,False,False,False,True,True,False,False
2216,0.47058823529411764,0.08596953087911614,0.5,0.0,0.0,1,False,False,False,True,True,False,True,False,False
2217,0.5294117647058824,0.06382978723404255,0.10714285714285714,0.10898296606376538,0.33333333333333326,0,True,False,False,False,True,False,False,True,False
2218,0.019607843137254943,0.28276725216865906,0.14285714285714285,0.0,0.7777777777777777,0,True,False,False,False,False,True,False,True,False
2219,0.6666666666666666,0.29049242587717405,0.17857142857142855,0.086578206039544,0.33333333333333326,1,False,True,False,False,False,True,False,True,False
2220,0.7058823529411765,0.05299728108411376,0.35714285714285715,0.4192138588315825,0.0,1,False,True,False,False,False,True,False,True,False
2221,0.07843137254901966,0.08596953087911614,0.5,0.0,0.4444444444444444,0,False,False,False,True,True,False,True,False,False
2222,0.0,0.3386992361141082,0.8571428571428571,0.27655793381249505,0.0,1,False,True,False,False,False,True,False,True,False
2223,0.7647058823529412,0.4235898321177334,0.3214285714285714,0.055090435194692366,0.611111111111111,0,True,False,False,False,True,False,True,False,False
2224,0.21568627450980393,0.09209788097190454,0.6785714285714285,0.0,0.33333333333333326,1,True,False,False,False,False,True,False,True,False
2225,0.6862745098039217,0.07807172759052264,0.8214285714285714,0.0911592028012532,0.4444444444444444,0,True,False,False,False,False,True,True,False,False
2226,0.8627450980392156,0.042294247119243886,0.7142857142857143,0.0,0.22222222222222224,0,False,True,False,False,True,False,True,False,False
2227,0.43137254901960786,0.4131457425229813,0.35714285714285715,0.09306795145196536,0.611111111111111,1,True,False,False,False,True,False,False,True,False
2228,0.9019607843137255,0.019938716499072116,0.8214285714285714,0.03380459679330227,0.05555555555555555,0,False,False,True,False,False,True,True,False,False
2229,0.5882352941176471,0.11225238444607484,0.5714285714285714,0.003475238922675934,0.9444444444444444,1,False,True,False,False,False,True,False,False,True
2230,0.1960784313725491,0.04298476543955807,0.25,0.181081009925493,0.4444444444444444,0,False,True,False,False,True,False,False,True,False
2231,0.17647058823529416,0.04233740451426352,0.9285714285714285,0.03397572598267646,0.0,1,False,True,False,False,True,False,True,False,False
2232,0.03921568627450983,0.06719606404557421,0.42857142857142855,0.16769344180291182,0.5,0,False,True,False,False,False,True,False,True,False
2233,0.2549019607843137,0.8700099262008545,0.9285714285714285,0.03580549193060053,0.7222222222222221,1,False,False,True,False,False,True,False,True,False
2234,0.2941176470588236,0.007336757153338224,0.6785714285714285,0.022760182186767765,0.7222222222222221,0,False,False,True,False,True,False,True,False,False
2235,0.17647058823529416,0.11186396789089811,0.6071428571428571,0.38407971987468076,0.33333333333333326,1,False,False,True,False,False,True,False,True,False
2236,0.5490196078431373,0.011177765310085883,0.9285714285714285,0.04727114761867151,0.611111111111111,0,True,False,False,False,True,False,False,False,True
2237,0.17647058823529416,0.021751327089896855,0.75,0.09685912118579365,0.2777777777777778,0,True,False,False,False,True,False,False,True,False
2238,0.21568627450980393,0.0749643951491088,0.5357142857142857,0.09914961956664824,0.6666666666666666,1,False,True,False,False,False,True,False,True,False
2239,0.5686274509803921,0.09248629752708126,0.03571428571428571,0.086565042255746,0.38888888888888884,1,True,False,False,False,True,False,True,False,False
2240,0.7843137254901961,0.03875534072763368,0.14285714285714285,0.25922123055050944,0.05555555555555555,0,True,False,False,False,False,True,True,False,False
2241,0.0,0.049242587717405376,0.6071428571428571,0.1181844509385778,0.5,1,False,False,True,False,True,False,True,False,False
2242,0.07843137254901966,0.011781968840360795,0.07142857142857142,0.05445857357238765,0.2777777777777778,0,True,False,False,False,False,True,False,True,False
2243,0.37254901960784315,0.04678261620128609,0.9285714285714285,0.20885659373930443,0.8333333333333333,0,False,False,True,False,True,False,False,False,True
2244,0.13725490196078433,0.4399464848301756,0.75,0.021035726509227814,0.5,0,False,False,True,False,True,False,False,False,True
2245,0.823529411764706,0.374821975745544,0.5714285714285714,0.08274754495432167,0.7777777777777777,1,False,False,True,False,False,True,True,False,False
2246,0.21568627450980393,0.05278149410901558,0.5357142857142857,0.31664165547745043,0.5,1,False,True,False,False,False,True,False,False,True
2247,0.0,0.10953346855983773,0.17857142857142855,0.10340152173340705,0.5555555555555555,1,True,False,False,False,False,True,True,False,False
2248,0.37254901960784315,0.31116481809158,0.6428571428571428,0.17883000289603243,0.05555555555555555,1,True,False,False,False,False,True,False,True,False
2249,0.5294117647058824,0.0008199905053730957,0.2142857142857143,0.11162888660716636,0.5,1,False,True,False,False,False,True,False,True,False
2250,0.823529411764706,0.2154848733330456,0.6071428571428571,0.19257299318115997,0.611111111111111,1,False,True,False,False,False,True,False,True,False
2251,0.7058823529411765,0.38371239911958915,0.4642857142857143,0.30446515546428665,0.5555555555555555,1,True,False,False,False,False,True,False,False,True
2252,0.9019607843137255,0.012386172370635709,0.17857142857142855,0.033567648684938,0.7777777777777777,0,False,True,False,False,False,True,False,True,False
2253,0.7058823529411765,0.022787104570368134,0.25,0.019574546507648158,0.16666666666666666,0,False,True,False,False,False,True,True,False,False
2254,0.21568627450980393,0.4191877778257304,0.5,0.06967590764289287,0.22222222222222224,1,True,False,False,False,False,True,False,True,False
2255,0.7058823529411765,0.09986621207543912,0.5,0.12745175473238027,0.0,1,False,False,True,False,True,False,True,False,False
2256,0.9411764705882354,0.0018557679858443744,0.5,0.02714372219150673,0.0,0,True,False,False,False,False,True,False,True,False
2257,0.9411764705882354,0.038582711147555133,0.5357142857142857,0.0004344048653344918,0.5,0,False,True,False,False,True,False,False,False,True
2258,0.8431372549019608,0.07738120927020845,0.0,0.04423031356133007,0.16666666666666666,0,False,True,False,False,True,False,False,True,False
2259,0.5294117647058824,0.1528634931595529,0.35714285714285715,0.3653476555301056,0.6666666666666666,1,False,True,False,False,False,True,False,False,True
2260,0.9019607843137255,0.1710327564628199,0.9285714285714285,0.12504278229734356,0.7222222222222221,1,False,True,False,False,False,True,False,False,True
2261,0.27450980392156865,0.697380346122308,0.9999999999999999,0.054024168707053156,1.0,1,False,True,False,False,False,True,True,False,False
2262,0.09803921568627455,0.043891070734970436,0.8571428571428571,0.022523234078403495,0.22222222222222224,1,False,False,True,False,False,True,False,True,False
2263,0.8431372549019608,0.10003884165551767,0.14285714285714285,0.04636284653660848,0.5555555555555555,1,True,False,False,False,True,False,False,True,False
2264,0.37254901960784315,0.0986578050148893,0.14285714285714285,0.01960087407524419,0.38888888888888884,0,False,True,False,False,False,True,False,False,True
2265,0.9607843137254902,0.06736869362565276,0.9999999999999999,0.011834241634415398,0.0,1,False,True,False,False,False,True,False,True,False
2266,0.2549019607843137,0.023995511630917957,0.9642857142857143,0.2498354527025248,0.22222222222222224,1,True,False,False,False,True,False,False,True,False
2267,0.019607843137254943,0.49100168313840575,0.7142857142857143,0.6374957217702656,0.9444444444444444,1,True,False,False,False,True,False,True,False,False
2268,0.1568627450980392,0.2485002805230676,0.17857142857142855,0.01887686596635337,0.6666666666666666,0,False,True,False,False,False,True,False,True,False
2269,0.7058823529411765,0.08929265029562816,0.03571428571428571,0.005910538925308691,0.22222222222222224,0,False,False,True,False,False,True,False,True,False
2270,0.37254901960784315,0.11967545638945233,0.17857142857142855,0.042137271937445694,0.33333333333333326,1,False,True,False,False,False,True,True,False,False
2271,0.4901960784313726,0.033360666350179105,0.4642857142857143,0.06521338493536583,0.611111111111111,0,False,True,False,False,False,True,False,True,False
2272,0.5490196078431373,0.10159250787622459,0.35714285714285715,0.02414237948555933,0.05555555555555555,0,False,True,False,False,False,True,False,True,False
2273,0.0,0.1537266410599456,0.10714285714285714,0.03778005950030277,0.6666666666666666,1,True,False,False,False,True,False,True,False,False
2274,0.6666666666666666,0.09373786198265072,0.8214285714285714,0.023615828133638734,0.7222222222222221,0,False,True,False,False,False,True,False,True,False
2275,0.09803921568627455,0.5999741055629882,0.9999999999999999,0.15674117368296342,0.2777777777777778,1,False,True,False,False,True,False,True,False,False
2276,0.7058823529411765,0.12235121488066981,0.9285714285714285,0.0,0.8333333333333333,1,False,True,False,False,True,False,False,True,False
2277,0.07843137254901966,0.06003193647231453,0.8571428571428571,0.10612642497959614,0.5,0,True,False,False,False,False,True,True,False,False
2278,0.6274509803921569,0.19148936170212766,0.2857142857142857,0.051575704920622384,0.5555555555555555,1,False,True,False,False,False,True,True,False,False
2279,0.9411764705882354,0.024211298606016143,0.8214285714285714,0.2524682094621278,0.0,1,False,True,False,False,False,True,True,False,False
2280,0.9803921568627451,0.06283716714859092,0.07142857142857142,0.36765131769475823,0.7777777777777777,0,False,True,False,False,False,True,False,True,False
2281,0.2549019607843137,0.08596953087911614,0.5,0.0,0.8333333333333333,0,False,False,False,True,True,False,False,True,False
2282,0.21568627450980393,0.0731949419533037,0.5357142857142857,0.026577679488192087,0.5,0,True,False,False,False,True,False,False,False,True
2283,0.8039215686274509,0.19709982305468043,0.35714285714285715,0.0785351341389569,0.5,0,False,True,False,False,True,False,False,True,False
2284,0.37254901960784315,0.08571058650899832,0.9285714285714285,0.0100702946054814,0.1111111111111111,1,False,True,False,False,False,True,True,False,False
2285,0.9607843137254902,0.20456605239307754,0.10714285714285714,0.06039544006529237,0.5555555555555555,1,True,False,False,False,False,True,False,False,True
2286,0.4509803921568628,0.1112597643606232,0.0,0.09180422820735591,0.5555555555555555,1,False,True,False,False,False,True,True,False,False
2287,0.823529411764706,0.05420568814466359,0.8571428571428571,0.07774530711107601,0.8333333333333333,0,False,True,False,False,True,False,False,True,False
2288,0.6470588235294118,0.2150101419878296,0.7142857142857143,0.042321564910617906,0.2777777777777778,1,False,True,False,False,False,True,False,True,False
2289,0.47058823529411764,0.035259591731043115,0.75,0.0823394676565832,0.4444444444444444,0,False,False,True,False,False,True,False,False,True
2290,0.9607843137254902,0.0328859350049631,0.5357142857142857,0.3358739436063502,0.0,1,True,False,False,False,False,True,True,False,False
2291,0.5490196078431373,0.09093263130637434,0.6428571428571428,0.02430034489113551,0.2777777777777778,0,True,False,False,False,False,True,True,False,False
2292,0.7450980392156864,0.03914375728281041,0.5357142857142857,0.11202380012110681,0.9444444444444444,1,False,False,True,False,False,True,True,False,False
2293,0.5882352941176471,0.0011652496655301886,0.35714285714285715,0.00467314324829529,0.6666666666666666,1,False,False,True,False,True,False,False,False,True
2294,0.9019607843137255,0.1352984333865608,0.8928571428571428,0.007240081088908196,0.05555555555555555,0,True,False,False,False,True,False,True,False,False
2295,0.823529411764706,0.09265892710715981,0.25,0.08452465576705367,1.0,1,True,False,False,False,True,False,False,True,False
2296,0.9607843137254902,0.07634543178973718,0.7857142857142857,0.011676276228839216,0.05555555555555555,0,False,True,False,False,True,False,True,False,False
2297,0.43137254901960786,0.4415433084459022,0.0,0.002382644867440697,0.16666666666666666,1,False,True,False,False,True,False,True,False,False
2298,0.8431372549019608,0.109619783349877,0.8928571428571428,0.019811494616012428,0.16666666666666666,0,True,False,False,False,True,False,False,True,False
2299,0.7254901960784313,0.2577791204522895,0.9642857142857143,0.08763130874338519,0.5,1,False,False,True,False,True,False,False,False,True
2300,0.37254901960784315,0.01946398515385611,0.7142857142857143,0.12796514230050285,0.8888888888888888,1,False,True,False,False,False,True,False,True,False
2301,0.43137254901960786,0.1090155798196021,0.8928571428571428,0.023826448674406975,0.8333333333333333,0,True,False,False,False,False,True,True,False,False
2302,0.8627450980392156,0.26213801734927283,0.2857142857142857,0.11619671958507753,0.38888888888888884,1,False,True,False,False,False,True,False,True,False
2303,1.0,0.11328816192654612,0.9642857142857143,0.021220019482400022,0.2777777777777778,1,False,True,False,False,True,False,False,True,False
2304,0.2941176470588236,0.16391178628457984,0.9285714285714285,0.10009741200010532,0.05555555555555555,1,False,True,False,False,True,False,True,False,False
2305,0.9607843137254902,0.06024772344741272,0.39285714285714285,0.0559197535739673,0.7777777777777777,1,True,False,False,False,True,False,False,False,True
2306,0.8039215686274509,0.012558801950714255,0.75,0.11170786930995445,0.5555555555555555,0,False,True,False,False,False,True,True,False,False
2307,0.13725490196078433,0.07928013465107246,0.25,0.5590790616854908,0.8333333333333333,1,True,False,False,False,False,True,False,True,False
2308,0.9607843137254902,0.06495187950455311,0.8928571428571428,0.29251243977568914,0.16666666666666666,1,False,False,True,False,True,False,True,False,False
2309,0.3921568627450981,0.26127486944888006,0.5714285714285714,0.00044756864913250667,0.5555555555555555,1,False,False,True,False,False,True,False,True,False
2310,0.0,0.03620905442147512,0.3214285714285714,0.2281678645709923,0.7222222222222221,1,False,True,False,False,True,False,False,True,False
2311,0.13725490196078433,0.4406370031504898,0.9285714285714285,0.007240081088908196,0.38888888888888884,1,False,False,True,False,False,True,False,True,False
2312,0.5490196078431373,0.41085840058694056,0.2142857142857143,0.32210462575362664,0.2777777777777778,1,False,True,False,False,True,False,False,True,False
2313,0.607843137254902,0.036856415346769665,0.6428571428571428,0.03485769949714346,1.0,1,False,True,False,False,True,False,True,False,False
2314,0.7254901960784313,0.055370937810193775,0.8571428571428571,0.050693731406155386,0.16666666666666666,0,True,False,False,False,False,True,True,False,False
2315,0.07843137254901966,0.29247766604807734,0.17857142857142855,0.01012294974067346,0.16666666666666666,1,False,True,False,False,False,True,False,True,False
2316,0.9019607843137255,0.4402054292002935,0.7142857142857143,0.012545085959508201,0.2777777777777778,1,False,True,False,False,False,True,False,False,True
2317,0.4117647058823529,0.07587070044452116,0.8214285714285714,0.13662691203959668,0.5555555555555555,1,False,True,False,False,False,True,False,True,False
2318,0.9019607843137255,0.05010573561779811,0.8214285714285714,0.30417555222073034,0.0,1,True,False,False,False,True,False,False,False,True
2319,0.6470588235294118,0.09667256484398601,0.9642857142857143,0.09936024010741648,0.05555555555555555,1,False,True,False,False,False,True,True,False,False
2320,0.0,0.15070562340857108,0.9642857142857143,0.132506647710818,0.4444444444444444,1,True,False,False,False,False,True,False,True,False
2321,0.4901960784313726,0.04134478442881188,0.6428571428571428,0.1511597293526051,0.8333333333333333,0,True,False,False,False,False,True,False,False,True
2322,0.823529411764706,0.1726727374735661,0.6071428571428571,0.03210646868335835,0.2777777777777778,1,True,False,False,False,False,True,False,True,False
2323,0.17647058823529416,0.006862025808122222,0.5,0.004870600005265514,0.4444444444444444,1,False,False,True,False,False,True,True,False,False
2324,0.5686274509803921,0.08596953087911614,0.5,0.0,1.0,0,False,False,False,True,True,False,False,True,False
2325,0.9607843137254902,0.06322558370376764,0.4642857142857143,0.04546770923834347,0.22222222222222224,1,False,True,False,False,False,True,True,False,False
2326,0.33333333333333337,0.056449872685684695,0.7142857142857143,0.029105125977410946,0.5,0,False,True,False,False,False,True,True,False,False
2327,0.3137254901960784,0.04911311553234647,0.3214285714285714,0.006779348655977675,0.33333333333333326,0,False,True,False,False,False,True,False,True,False
2328,0.4901960784313726,0.08743688230978379,0.9642857142857143,0.02083826975225759,0.05555555555555555,1,True,False,False,False,False,True,False,True,False
2329,0.13725490196078433,0.05006257822277847,0.5357142857142857,0.014006265961087856,0.16666666666666666,1,False,True,False,False,False,True,True,False,False
2330,0.9019607843137255,0.02766389020758707,0.2142857142857143,0.0,0.38888888888888884,0,False,True,False,False,True,False,False,True,False
2331,0.7647058823529412,0.04794786586681628,0.25,0.015915014611800015,0.1111111111111111,0,True,False,False,False,True,False,False,True,False
2332,0.9411764705882354,0.4771050019420828,0.3214285714285714,0.08123370981754996,0.05555555555555555,1,True,False,False,False,False,True,True,False,False
2333,0.21568627450980393,0.06857710068620258,0.5,0.0947002606429192,0.4444444444444444,0,True,False,False,False,True,False,False,False,True
2334,0.5098039215686275,0.07617280220965862,0.25,0.08257641576494748,0.5555555555555555,0,True,False,False,False,False,True,False,True,False
2335,0.13725490196078433,0.1112597643606232,0.42857142857142855,0.010991759471342443,0.16666666666666666,1,True,False,False,False,False,True,False,True,False
2336,0.47058823529411764,0.5301454404212161,0.39285714285714285,0.04042598004370376,0.4444444444444444,1,True,False,False,False,False,True,False,False,True
2337,0.8823529411764707,0.035820637866298397,0.25,0.0055419529789642735,0.2777777777777778,1,False,True,False,False,False,True,False,True,False
2338,0.05882352941176472,0.14802986491735357,0.5,0.053036884922202036,0.0,0,False,False,True,False,False,True,True,False,False
2339,0.6274509803921569,0.16296232359414786,0.8928571428571428,0.022009846510280914,0.1111111111111111,1,True,False,False,False,False,True,False,False,True
2340,0.0,0.08596953087911614,0.39285714285714285,0.0,0.33333333333333326,0,False,True,False,False,True,False,False,False,True
2341,0.3529411764705882,0.011997755815458979,0.35714285714285715,0.1242924466208567,0.4444444444444444,1,False,True,False,False,False,True,False,True,False
2342,0.5882352941176471,0.1462604117215485,0.6428571428571428,0.07998315035673854,0.38888888888888884,1,True,False,False,False,False,True,False,True,False
2343,0.2941176470588236,0.008588321608907686,0.4642857142857143,0.059987362767553905,0.6666666666666666,0,False,False,True,False,True,False,False,True,False
2344,0.2549019607843137,0.11738811445341159,0.9285714285714285,0.05158886870442039,0.9444444444444444,0,False,True,False,False,False,True,False,False,True
2345,0.9215686274509803,0.17418324629925339,0.6071428571428571,0.19411315588552774,1.0,1,False,True,False,False,False,True,False,False,True
2346,0.07843137254901966,0.030684907858961635,0.42857142857142855,0.02607745570386752,0.4444444444444444,0,False,False,True,False,False,True,False,True,False
2347,0.7843137254901961,0.2385740796685512,0.10714285714285714,0.13954927204275597,0.2777777777777778,0,False,False,True,False,True,False,True,False,False
2348,0.4901960784313726,0.0039704803418065685,0.5714285714285714,0.14918516178290286,0.611111111111111,1,False,True,False,False,False,True,False,False,True
2349,0.5294117647058824,0.24038669025937595,0.6428571428571428,0.05722296816997077,0.16666666666666666,1,False,True,False,False,True,False,False,True,False
2350,0.019607843137254943,0.07984118078632774,0.9285714285714285,0.037161361661796066,0.4444444444444444,0,True,False,False,False,False,True,False,True,False
2351,0.9607843137254902,0.03176384273445255,0.2857142857142857,0.0669641681805018,0.5,1,False,True,False,False,False,True,False,True,False
2352,0.09803921568627455,0.08596953087911614,0.5,0.0,0.1111111111111111,0,False,False,False,True,True,False,True,False,False
2353,0.1568627450980392,0.3967027750204998,0.2142857142857143,0.004949582708053603,0.8888888888888888,1,False,True,False,False,False,True,False,False,True
2354,0.6274509803921569,0.009753571274437874,0.0,0.012466103256720113,0.33333333333333326,0,False,True,False,False,True,False,False,False,True
2355,0.7843137254901961,0.028742825083077985,0.2142857142857143,0.021825553537108706,0.38888888888888884,0,False,True,False,False,True,False,False,True,False
2356,0.47058823529411764,0.05532778041517414,0.8928571428571428,0.07387515467445963,0.5555555555555555,1,False,True,False,False,True,False,False,True,False
2357,0.9215686274509803,0.12537223253204438,0.2142857142857143,0.19918121264776348,0.6666666666666666,1,False,True,False,False,False,True,True,False,False
2358,0.23529411764705888,0.08596953087911614,0.6785714285714285,0.0,0.1111111111111111,1,False,True,False,False,False,True,False,False,True
2359,0.1568627450980392,0.017392430192913557,0.2142857142857143,0.2881157359871522,1.0,1,True,False,False,False,True,False,True,False,False
2360,0.23529411764705888,0.04427948729014716,0.25,0.32635652792038544,0.7222222222222221,0,False,True,False,False,True,False,True,False,False
2361,0.5882352941176471,0.03530274912606275,0.5357142857142857,0.3361372192823105,0.8333333333333333,1,False,False,True,False,False,True,True,False,False
2362,0.7843137254901961,0.031116481809158,0.07142857142857142,0.19140141642313668,0.7777777777777777,1,False,True,False,False,False,True,False,True,False
2363,0.1960784313725491,0.06857710068620258,0.42857142857142855,0.04762656978121791,0.05555555555555555,0,True,False,False,False,True,False,True,False,False
2364,0.05882352941176472,0.15765396400673257,0.3214285714285714,0.007950925414001001,0.2777777777777778,1,False,True,False,False,True,False,False,False,True
2365,0.6470588235294118,0.03176384273445255,0.6071428571428571,0.08859226496064028,0.33333333333333326,0,False,True,False,False,True,False,False,True,False
2366,0.7254901960784313,0.05912563117690216,0.2142857142857143,0.08614380117420951,0.4444444444444444,1,True,False,False,False,True,False,True,False,False
2367,0.8823529411764707,0.06417504639419964,0.7142857142857143,0.19977358291867414,0.4444444444444444,0,True,False,False,False,True,False,False,True,False
2368,0.05882352941176472,0.485391221785853,0.7142857142857143,0.58123370981755,0.8888888888888888,1,True,False,False,False,True,False,True,False,False
2369,0.7254901960784313,0.4005437831772474,0.14285714285714285,0.0747308006213306,0.1111111111111111,1,True,False,False,False,False,True,True,False,False
2370,0.3529411764705882,0.20845021794484483,0.7857142857142857,0.04458573572387647,0.16666666666666666,1,True,False,False,False,False,True,True,False,False
2371,0.09803921568627455,0.08596953087911614,0.8571428571428571,0.0,0.05555555555555555,1,False,True,False,False,True,False,False,False,True
2372,0.6470588235294118,0.009106210349143325,0.9285714285714285,0.0005002237843245663,0.0,0,False,False,True,False,False,True,False,True,False
2373,0.33333333333333337,0.04932890250744465,0.8214285714285714,0.07492825737830082,0.5,1,True,False,False,False,False,True,True,False,False
2374,0.23529411764705888,0.04017953476328169,0.75,0.08539346549772267,0.1111111111111111,1,False,False,True,False,False,True,False,True,False
2375,0.7843137254901961,0.09127789046653144,0.2142857142857143,0.0,0.5,1,True,False,False,False,True,False,False,False,True
2376,0.43137254901960786,0.1947261663286004,0.8571428571428571,0.07396730116104573,0.4444444444444444,1,False,True,False,False,False,True,False,True,False
2377,0.3529411764705882,0.2530318070001295,0.9285714285714285,0.26143274622857593,0.8888888888888888,1,False,True,False,False,False,True,False,False,True
2378,0.8627450980392156,0.08596953087911614,0.5,0.0,0.7777777777777777,1,False,False,False,True,True,False,False,True,False
2379,0.1960784313725491,0.05770143714125415,0.5714285714285714,0.19320485480346472,0.1111111111111111,1,True,False,False,False,False,True,False,True,False
2380,0.0,0.15048983643347286,0.10714285714285714,0.016902298396651135,0.1111111111111111,1,True,False,False,False,False,True,False,True,False
2381,0.4509803921568628,0.04859522679211083,0.8214285714285714,0.20360424400389646,0.16666666666666666,1,True,False,False,False,False,True,False,False,True
2382,0.11764705882352944,0.00815674765871132,0.7857142857142857,0.11840823526314405,0.16666666666666666,0,False,True,False,False,True,False,False,True,False
2383,0.47058823529411764,0.15657502913124163,0.5357142857142857,0.019653529210436248,0.8888888888888888,0,False,True,False,False,True,False,False,True,False
2384,0.3921568627450981,0.0012947218505890985,0.6428571428571428,0.022154648132059078,0.2777777777777778,1,False,True,False,False,False,True,False,True,False
2385,0.27450980392156865,0.06814552673600621,0.3214285714285714,0.27491246083774323,0.5555555555555555,0,True,False,False,False,True,False,False,True,False
2386,0.0,0.051745716628544304,0.07142857142857142,0.0034489113550799045,0.611111111111111,0,True,False,False,False,False,True,False,True,False
2387,0.21568627450980393,0.15303612273963144,0.9285714285714285,0.06538451412474001,0.33333333333333326,1,False,True,False,False,True,False,True,False,False
2388,0.11764705882352944,0.18816624228561565,0.07142857142857142,0.03960982544822684,0.6666666666666666,1,True,False,False,False,False,True,False,True,False
2389,0.27450980392156865,0.04695524578136464,0.9642857142857143,0.11519627201642842,0.2777777777777778,1,False,True,False,False,False,True,True,False,False
2390,0.3921568627450981,0.21613223425834016,0.5714285714285714,0.19274412237053418,0.1111111111111111,1,False,True,False,False,True,False,False,True,False
2391,0.3529411764705882,0.04505632040050062,0.3214285714285714,0.04706052707790327,0.7222222222222221,1,True,False,False,False,False,True,True,False,False
2392,0.5490196078431373,0.07656121876483535,0.5714285714285714,0.05863149303635837,0.7222222222222221,1,False,True,False,False,False,True,True,False,False
2393,0.47058823529411764,0.16809805360148464,0.75,0.4225969512676723,0.5,1,True,False,False,False,True,False,False,True,False
2394,0.6274509803921569,0.1528634931595529,0.5714285714285714,0.16134849801226864,0.22222222222222224,1,True,False,False,False,True,False,False,True,False
2395,0.9411764705882354,0.5660092356825343,0.7142857142857143,0.23958086512387122,0.05555555555555555,0,False,False,True,False,True,False,False,True,False
2396,0.607843137254902,0.03301540719002201,0.10714285714285714,0.06082984493062686,0.2777777777777778,0,False,True,False,False,True,False,False,True,False
2397,0.9411764705882354,0.14056363557895646,0.7142857142857143,0.02807835084116578,0.5555555555555555,1,False,True,False,False,False,True,True,False,False
2398,0.6666666666666666,0.12179016874541453,0.7857142857142857,0.055893426006371275,0.9444444444444444,1,True,False,False,False,False,True,True,False,False
2399,0.8431372549019608,0.3193215657502913,0.17857142857142855,0.1325987941974041,0.5555555555555555,1,True,False,False,False,True,False,True,False,False
2400,0.7254901960784313,0.022010271460014674,0.39285714285714285,0.012202827580759813,0.7777777777777777,0,True,False,False,False,True,False,False,True,False
2401,0.4901960784313726,0.18044106857710068,0.8571428571428571,0.0332122265223916,0.1111111111111111,1,False,True,False,False,True,False,False,True,False
2402,0.1960784313725491,0.10875663544948426,0.75,0.005028565410841692,0.05555555555555555,0,False,True,False,False,False,True,False,True,False
2403,0.6666666666666666,0.04156057140391006,0.8571428571428571,0.059631940605007504,0.33333333333333326,0,True,False,False,False,True,False,True,False,False
2404,0.13725490196078433,0.08329377238789867,0.6785714285714285,0.18503014506489746,0.22222222222222224,0,True,False,False,False,False,True,True,False,False
2405,0.8823529411764707,0.052565707133917394,0.5714285714285714,0.0026327567596029803,0.6666666666666666,1,False,True,False,False,True,False,False,True,False
2406,0.2549019607843137,0.11212291226101592,0.5714285714285714,0.1184608903983361,0.38888888888888884,1,False,True,False,False,False,True,False,False,True
2407,0.17647058823529416,0.28462302015450347,0.3214285714285714,0.2838769976041914,0.4444444444444444,1,True,False,False,False,True,False,False,True,False
2408,0.019607843137254943,0.10905873721462173,0.2142857142857143,0.02847326435510623,0.38888888888888884,0,False,True,False,False,False,True,False,False,True
2409,0.8823529411764707,0.12934271287385093,0.9999999999999999,0.12458204986441303,0.5,1,False,True,False,False,False,True,False,True,False
2410,0.1568627450980392,0.09468732467308273,0.5357142857142857,0.38891082852855224,0.05555555555555555,1,False,True,False,False,False,True,False,False,True
2411,0.03921568627450983,0.006818868413102586,0.9999999999999999,0.3451544111839507,0.5,0,False,True,False,False,False,True,False,True,False
2412,0.3921568627450981,0.034310129040611106,0.42857142857142855,0.028196824895347923,0.5555555555555555,1,True,False,False,False,False,True,False,False,True
2413,0.4901960784313726,0.0876958266799016,0.07142857142857142,0.011136561093120608,0.5555555555555555,0,False,True,False,False,False,True,False,True,False
2414,0.13725490196078433,0.08596953087911614,0.5,0.0,0.22222222222222224,0,False,False,False,True,True,False,False,True,False
2415,0.9215686274509803,0.02598075180182124,0.5357142857142857,0.12750440986757233,0.7222222222222221,1,False,True,False,False,False,True,False,True,False
2416,0.019607843137254943,0.09080315912131544,0.17857142857142855,0.13624516230945424,0.1111111111111111,1,False,True,False,False,False,True,False,False,True
2417,0.09803921568627455,0.0504509947779552,0.17857142857142855,0.11811863201958772,0.05555555555555555,0,True,False,False,False,False,True,False,False,True
2418,0.5294117647058824,0.03866902593759441,0.42857142857142855,0.04313771950609484,0.9444444444444444,0,False,True,False,False,True,False,False,True,False
2419,0.5490196078431373,0.08074748608174011,0.2142857142857143,0.019587710291446174,0.0,0,True,False,False,False,False,True,True,False,False
2420,0.4901960784313726,0.018514522463424107,0.14285714285714285,0.09155411631519364,0.0,1,False,True,False,False,False,True,True,False,False
2421,0.47058823529411764,0.34020974493979544,0.8214285714285714,0.0696100887239028,0.8888888888888888,1,False,True,False,False,True,False,False,True,False
2422,0.21568627450980393,0.26187907297915497,0.2142857142857143,0.13742990285127557,0.2777777777777778,0,False,True,False,False,False,True,False,True,False
2423,0.07843137254901966,0.15920763022743947,0.03571428571428571,0.06131690493115341,0.6666666666666666,1,False,True,False,False,True,False,False,False,True
2424,0.6470588235294118,0.014544042121617539,0.5714285714285714,0.04354579680383329,0.0,0,True,False,False,False,False,True,True,False,False
2425,0.9215686274509803,0.19364723145310947,0.42857142857142855,0.03658215517468341,0.2777777777777778,1,False,True,False,False,False,True,False,True,False
2426,0.7058823529411765,0.21362910534720125,0.8571428571428571,0.02502435300002633,0.38888888888888884,1,True,False,False,False,True,False,False,True,False
2427,0.27450980392156865,0.18902939018600837,0.7142857142857143,0.03252770976489482,0.6666666666666666,1,False,True,False,False,False,True,False,True,False
2428,0.8431372549019608,0.015666134392128092,0.9642857142857143,0.010491535687017876,0.05555555555555555,0,False,True,False,False,True,False,True,False,False
2429,0.6862745098039217,0.13370160977083423,0.9285714285714285,0.044862175183634785,0.38888888888888884,1,False,True,False,False,True,False,False,True,False
2430,0.27450980392156865,0.23274783134090027,0.7142857142857143,0.00392280757180844,0.0,1,True,False,False,False,True,False,True,False,False
2431,0.823529411764706,0.11151870873074102,0.9642857142857143,0.021720243266724587,0.6666666666666666,0,False,True,False,False,False,True,False,True,False
2432,0.9215686274509803,0.13460791506624661,0.5357142857142857,0.14464365637258772,0.0,1,False,True,False,False,False,True,False,True,False
2433,0.43137254901960786,0.07936644944111174,0.8928571428571428,0.04146591896374694,0.5,0,False,True,False,False,True,False,False,True,False
2434,0.09803921568627455,0.09740624055931985,0.6785714285714285,0.11619671958507753,0.22222222222222224,0,False,True,False,False,False,True,False,False,True
2435,0.8823529411764707,0.004531526477061845,0.03571428571428571,0.13288839744096043,0.6666666666666666,0,False,False,True,False,True,False,False,True,False
2436,0.9607843137254902,0.1318889991800095,0.14285714285714285,0.09165942658557776,0.22222222222222224,0,True,False,False,False,False,True,False,False,True
2437,0.8431372549019608,0.011005135730007337,0.6071428571428571,0.3356106679303899,0.5,1,True,False,False,False,True,False,False,True,False
2438,0.823529411764706,0.07392861766863752,0.9642857142857143,0.002277334597056578,0.1111111111111111,0,True,False,False,False,True,False,True,False,False
2439,0.8627450980392156,0.044840533425402444,0.2142857142857143,0.14131321907168995,0.05555555555555555,1,True,False,False,False,True,False,False,True,False
2440,0.3921568627450981,0.10206723922144059,0.35714285714285715,0.3358344522549562,0.05555555555555555,1,False,True,False,False,False,True,True,False,False
2441,0.43137254901960786,0.018557679858443744,0.8571428571428571,0.20877761103651632,0.22222222222222224,1,True,False,False,False,False,True,False,False,True
2442,0.823529411764706,0.1523024470242976,0.8571428571428571,0.019350762183081904,0.16666666666666666,0,False,True,False,False,False,True,False,True,False
2443,0.2941176470588236,0.20517025592335247,0.35714285714285715,0.04167653950451518,0.05555555555555555,0,False,True,False,False,True,False,False,True,False
2444,0.9019607843137255,0.023089206335505586,0.75,0.019929968670194562,0.4444444444444444,0,True,False,False,False,False,True,True,False,False
2445,0.27450980392156865,0.014241940356480081,0.5714285714285714,0.09684595740199563,0.4444444444444444,1,True,False,False,False,False,True,False,True,False
2446,0.47058823529411764,0.020370290449268483,0.5357142857142857,0.13116394176342047,0.4444444444444444,0,True,False,False,False,True,False,True,False,False
2447,0.6862745098039217,0.2714600146735143,0.42857142857142855,0.04016270436774347,0.16666666666666666,0,True,False,False,False,True,False,False,True,False
2448,0.1960784313725491,0.09727676837426093,0.75,0.08166811468288444,0.38888888888888884,0,False,True,False,False,True,False,True,False,False
2449,0.9803921568627451,0.08152431919209356,0.14285714285714285,0.12364742121475399,0.9444444444444444,1,False,True,False,False,False,True,True,False,False
2450,0.27450980392156865,0.014630356911656813,0.6785714285714285,0.057604717900113206,0.4444444444444444,1,False,True,False,False,False,True,False,True,False
2451,0.05882352941176472,0.13577316473177678,0.5357142857142857,0.2026432877866414,0.1111111111111111,1,True,False,False,False,False,True,True,False,False
2452,0.3921568627450981,0.08596953087911614,0.5,0.0,0.2777777777777778,1,False,False,False,True,True,False,True,False,False
2453,0.23529411764705888,0.22804367528375988,0.75,0.007042624331937972,1.0,1,False,True,False,False,True,False,False,True,False
2454,0.4117647058823529,0.12735747270294764,0.75,0.1022036174077877,0.22222222222222224,0,False,True,False,False,False,True,False,True,False
2455,0.3529411764705882,0.010141987829614604,0.5357142857142857,0.02824948003053998,0.8888888888888888,1,False,True,False,False,True,False,True,False,False
2456,0.6470588235294118,0.015450347417029909,0.5357142857142857,0.08586736171445121,1.0,1,False,False,True,False,False,True,False,True,False
2457,0.2549019607843137,0.006559924042984766,0.4642857142857143,0.3310954900876708,0.1111111111111111,1,True,False,False,False,False,True,False,False,True
2458,0.05882352941176472,0.038539553752535496,0.17857142857142855,0.22246794618645183,0.38888888888888884,1,False,True,False,False,True,False,True,False,False
2459,0.9215686274509803,0.0188597816235812,0.03571428571428571,0.054590211410367795,0.4444444444444444,0,False,False,True,False,False,True,False,True,False
2460,1.0,0.0390142850977515,0.4642857142857143,0.036292551931127084,0.38888888888888884,0,True,False,False,False,False,True,False,False,True
2461,0.8823529411764707,0.06296663933364982,0.5357142857142857,0.028131005976357846,0.7222222222222221,0,False,True,False,False,False,True,False,True,False
2462,0.5098039215686275,0.37085149540373746,0.7857142857142857,0.08007529684332465,0.5,1,False,False,True,False,False,True,True,False,False
2463,0.5490196078431373,0.12204911311553235,0.6785714285714285,0.012782034067872471,0.8888888888888888,0,False,True,False,False,True,False,False,True,False
2464,0.9019607843137255,0.23326572008113589,0.42857142857142855,0.083919121712345,0.1111111111111111,1,False,True,False,False,False,True,True,False,False
2465,0.5294117647058824,0.08596953087911614,0.5,0.0,0.1111111111111111,0,False,False,False,True,True,False,True,False,False
2466,0.6666666666666666,0.015450347417029909,0.39285714285714285,0.041215807071584655,0.1111111111111111,0,True,False,False,False,False,True,True,False,False
2467,0.13725490196078433,0.1724137931034483,0.2857142857142857,0.026156438406655613,0.16666666666666666,0,True,False,False,False,False,True,False,True,False
2468,0.2941176470588236,0.04164688619394934,0.8928571428571428,0.3736408393228549,0.8888888888888888,1,False,True,False,False,False,True,False,True,False
2469,0.8039215686274509,0.08596953087911614,0.5,0.0,0.7222222222222221,1,False,False,False,True,True,False,False,True,False
2470,0.6862745098039217,0.0539899011695654,0.7142857142857143,0.04530974383276729,0.05555555555555555,0,False,True,False,False,True,False,False,True,False
2471,0.5686274509803921,0.7849898580121704,0.4642857142857143,0.010267751362451623,0.611111111111111,0,True,False,False,False,True,False,False,True,False
2472,0.33333333333333337,0.03961848862802641,0.6785714285714285,0.07660005792064871,0.22222222222222224,0,True,False,False,False,True,False,True,False,False
2473,0.019607843137254943,0.04238056190928316,0.8571428571428571,0.025287628675986627,0.05555555555555555,0,False,True,False,False,True,False,False,False,True
2474,0.9411764705882354,0.34556126192223036,0.10714285714285714,0.08095727035779164,0.611111111111111,0,False,True,False,False,True,False,False,True,False
2475,0.23529411764705888,0.0032368046264727463,0.25,0.18997972777295105,0.4444444444444444,1,False,False,True,False,False,True,False,True,False
2476,0.05882352941176472,0.15446031677527944,0.25,0.10074243740620804,0.4444444444444444,0,False,True,False,False,False,True,False,False,True
2477,0.4901960784313726,0.16732122049113116,0.75,0.10578416660084775,0.0,0,True,False,False,False,False,True,False,False,True
2478,0.47058823529411764,0.23438781235164646,0.75,0.08201037306163284,0.33333333333333326,1,True,False,False,False,False,True,True,False,False
2479,0.5686274509803921,0.47473134521600274,0.5357142857142857,0.27601821867677645,0.9444444444444444,1,True,False,False,False,True,False,False,True,False
2480,0.1960784313725491,0.4807733805187519,0.9285714285714285,0.2829555327383303,0.5,1,False,True,False,False,False,True,True,False,False
2481,0.11764705882352944,0.008760951188986232,0.8214285714285714,0.0,0.7777777777777777,1,False,True,False,False,False,True,False,False,True
2482,0.5882352941176471,0.2233395192266195,0.9642857142857143,0.0384250849064055,0.4444444444444444,1,False,True,False,False,True,False,False,True,False
2483,0.8431372549019608,0.13456475767122697,0.9999999999999999,0.06480530763762736,0.5555555555555555,0,False,False,True,False,False,True,True,False,False
2484,0.17647058823529416,0.08596953087911614,0.9642857142857143,0.0,0.0,0,False,True,False,False,True,False,True,False,False
2485,0.7450980392156864,0.017780846748090287,0.3214285714285714,0.10652133849353658,0.5555555555555555,1,False,True,False,False,True,False,False,True,False
2486,0.23529411764705888,0.13598895170687497,0.8571428571428571,0.07301950872758865,0.0,1,False,False,True,False,True,False,True,False,False
2487,0.5882352941176471,0.5236718311682707,0.7142857142857143,0.011478819471868995,0.22222222222222224,0,True,False,False,False,False,True,True,False,False
2488,0.11764705882352944,0.3144016227180527,0.9285714285714285,0.02319458705210226,0.9444444444444444,1,False,True,False,False,False,True,True,False,False
2489,0.9411764705882354,0.07487808035906954,0.5714285714285714,0.06879393412842587,0.0,0,False,False,True,False,False,True,True,False,False
2490,0.8039215686274509,0.005265202192395667,0.0,0.23016875970829054,0.5,0,True,False,False,False,False,True,False,True,False
2491,0.8039215686274509,0.05826248327650943,0.6071428571428571,0.08799989468972962,0.6666666666666666,1,False,True,False,False,True,False,True,False,False
2492,0.6862745098039217,0.22670579603815114,0.3214285714285714,0.12050127688702841,0.38888888888888884,1,False,True,False,False,False,True,True,False,False
2493,0.37254901960784315,0.15653187173622202,0.8928571428571428,0.043598451939025354,0.6666666666666666,0,True,False,False,False,False,True,False,False,True
2494,0.05882352941176472,0.07962539381122954,0.7142857142857143,0.089224126582945,0.05555555555555555,0,True,False,False,False,True,False,False,True,False
2495,0.11764705882352944,0.007336757153338224,0.10714285714285714,0.06246215412158071,0.611111111111111,0,False,True,False,False,False,True,False,True,False
2496,0.0,0.07207284968279315,0.0,0.1133401785009083,0.6666666666666666,0,False,True,False,False,True,False,False,False,True
2497,0.8431372549019608,0.08195589314228992,0.10714285714285714,0.0054629702761761845,0.38888888888888884,0,False,True,False,False,True,False,True,False,False
2498,0.8627450980392156,0.34167709637046306,0.10714285714285714,0.07159782007740305,0.7777777777777777,1,True,False,False,False,False,True,False,False,True
2499,0.8039215686274509,0.13266583229036294,0.8928571428571428,0.036963904904825845,0.33333333333333326,1,False,True,False,False,False,True,False,True,False
2500,0.9019607843137255,0.048336282421993004,0.10714285714285714,0.041571229234131056,0.33333333333333326,0,False,True,False,False,False,True,False,True,False
2501,0.23529411764705888,0.09645677786888784,0.5714285714285714,0.3414290603691125,0.8888888888888888,1,True,False,False,False,False,True,False,True,False
2502,0.4117647058823529,0.008847265979025505,0.2857142857142857,0.02124634704999605,1.0,0,True,False,False,False,True,False,False,False,True
2503,0.3921568627450981,0.46558197747183977,0.6428571428571428,0.03926756706947845,0.1111111111111111,0,True,False,False,False,False,True,False,False,True
2504,0.4117647058823529,0.05778775193129343,0.42857142857142855,0.07509938656767501,0.33333333333333326,0,False,True,False,False,False,True,True,False,False
2505,0.5294117647058824,0.0841569202882914,0.10714285714285714,0.20935681752362897,0.611111111111111,1,False,True,False,False,False,True,False,True,False
2506,0.1568627450980392,0.05683828924086142,0.14285714285714285,0.05676223573704025,0.7222222222222221,0,False,True,False,False,False,True,False,True,False
2507,0.4901960784313726,0.14854775365758924,0.9999999999999999,0.14343258826317035,0.05555555555555555,1,False,False,True,False,False,True,True,False,False
2508,0.1568627450980392,0.14052047818393681,0.42857142857142855,0.20435457968038334,0.33333333333333326,1,True,False,False,False,False,True,True,False,False
2509,0.27450980392156865,0.16266022182901038,0.7857142857142857,0.03908327409630624,0.8333333333333333,1,False,True,False,False,False,True,True,False,False
2510,0.17647058823529416,0.040438479133399506,0.5357142857142857,0.052536661137877465,0.4444444444444444,0,False,True,False,False,False,True,False,True,False
2511,0.4509803921568628,0.04911311553234647,0.75,0.04642866545559856,0.0,0,True,False,False,False,False,True,True,False,False
2512,0.8039215686274509,0.017306115402874283,0.14285714285714285,0.18838690993339127,0.611111111111111,0,True,False,False,False,True,False,False,True,False
2513,0.13725490196078433,0.13797419187777826,0.25,0.0047784535186794095,0.05555555555555555,0,False,True,False,False,False,True,True,False,False
2514,0.4509803921568628,0.005265202192395667,0.5357142857142857,0.03883316220414396,0.9444444444444444,0,True,False,False,False,False,True,True,False,False
2515,0.2941176470588236,0.11790600319364723,0.0,0.11980359634573362,0.7222222222222221,1,True,False,False,False,False,True,False,False,True
2516,0.9411764705882354,0.08596953087911614,0.5,0.0,0.611111111111111,1,False,False,False,True,True,False,True,False,False
2517,0.4901960784313726,0.28678088990548534,0.9642857142857143,0.06036911249769634,0.9444444444444444,1,False,False,True,False,True,False,False,True,False
2518,0.5098039215686275,0.07716542229511027,0.17857142857142855,0.08176026116947055,0.22222222222222224,0,True,False,False,False,True,False,False,True,False
2519,0.7058823529411765,0.07962539381122954,0.35714285714285715,0.02318142326830424,0.33333333333333326,0,True,False,False,False,True,False,False,False,True
2520,0.05882352941176472,0.010357774804712788,0.5357142857142857,0.05932917357765316,0.16666666666666666,1,False,False,True,False,True,False,False,True,False
2521,0.9607843137254902,0.14384359760044882,0.14285714285714285,0.07334860332253904,0.6666666666666666,1,False,True,False,False,False,True,False,True,False
2522,0.4509803921568628,0.2229079452764231,0.5357142857142857,0.2437406208040439,0.8333333333333333,1,False,True,False,False,True,False,False,False,True
2523,0.3529411764705882,0.03633852660653403,0.2142857142857143,0.03183002922360003,0.8333333333333333,0,False,False,True,False,False,True,True,False,False
2524,0.6862745098039217,0.07082128522722368,0.6428571428571428,0.21310849590606323,1.0,0,True,False,False,False,False,True,True,False,False
2525,0.7450980392156864,0.23632989512753008,0.0,0.10883816444198721,0.16666666666666666,0,False,False,True,False,True,False,False,True,False
2526,0.17647058823529416,0.2714600146735143,0.2857142857142857,0.0021588605428744436,0.0,0,False,True,False,False,True,False,False,False,True
2527,0.47058823529411764,0.036079582236416205,0.6071428571428571,0.13581075744411975,0.6666666666666666,1,True,False,False,False,False,True,False,True,False
2528,0.33333333333333337,0.08596953087911614,0.5,0.0,0.4444444444444444,0,False,False,False,True,True,False,False,True,False
2529,0.3529411764705882,0.02766389020758707,0.8928571428571428,0.6260695574335887,0.5,1,True,False,False,False,True,False,False,True,False
2530,0.6862745098039217,0.01389668119632299,0.5,0.2170181396940737,0.2777777777777778,1,False,True,False,False,False,True,False,True,False
2531,0.17647058823529416,0.31336584523758143,0.07142857142857142,0.037161361661796066,0.33333333333333326,1,False,True,False,False,False,True,False,False,True
2532,0.6274509803921569,0.22239005653618749,0.8214285714285714,0.03134296922307348,0.8333333333333333,0,False,True,False,False,False,True,True,False,False
2533,0.9607843137254902,0.18479996547408398,0.9642857142857143,0.050588421135771264,0.8888888888888888,0,True,False,False,False,True,False,True,False,False
2534,0.07843137254901966,0.006473609252945493,0.3214285714285714,0.046376010320406495,0.0,0,False,True,False,False,True,False,False,False,True
2535,0.9019607843137255,0.24030037546933666,0.2857142857142857,0.04904825843140352,0.4444444444444444,1,False,True,False,False,False,True,False,True,False
2536,0.9411764705882354,0.0746191359889517,0.42857142857142855,0.04034699734091567,0.7222222222222221,0,False,True,False,False,False,True,False,True,False
2537,0.6666666666666666,0.054248845539683226,0.5357142857142857,0.10221678119158571,0.7777777777777777,0,False,True,False,False,False,True,True,False,False
2538,0.8431372549019608,0.10236934098657804,0.07142857142857142,0.018903193533949397,0.16666666666666666,0,False,False,True,False,True,False,True,False,False
2539,0.6470588235294118,0.012386172370635709,0.75,0.196996024537293,0.38888888888888884,1,False,True,False,False,True,False,True,False,False
2540,0.6274509803921569,0.18298735488325923,0.7857142857142857,0.1762367374878235,0.7777777777777777,1,False,True,False,False,True,False,False,True,False
2541,0.3921568627450981,0.11307237495144792,0.5,0.06814890872232315,0.16666666666666666,1,True,False,False,False,False,True,True,False,False
2542,0.3137254901960784,0.0267575849121747,0.5714285714285714,0.20172182292078036,1.0,0,True,False,False,False,True,False,False,True,False
2543,0.4117647058823529,0.02701652928229252,0.4642857142857143,0.029894953005291842,0.1111111111111111,0,True,False,False,False,False,True,False,True,False
2544,0.9215686274509803,0.02636916835699797,0.2142857142857143,0.001869257299318116,0.38888888888888884,0,True,False,False,False,True,False,False,True,False
2545,0.7058823529411765,0.007595701523456044,0.6785714285714285,0.1016770660558671,0.05555555555555555,1,False,False,True,False,False,True,False,True,False
2546,0.27450980392156865,0.11475551335721376,0.5357142857142857,0.064489376826475,0.38888888888888884,0,False,True,False,False,True,False,False,True,False
2547,0.6666666666666666,0.23753830218807992,0.7142857142857143,0.08818418766290181,0.38888888888888884,1,False,False,True,False,False,True,False,True,False
2548,0.5294117647058824,0.0022873419360407406,0.25,0.2417923808019377,0.8888888888888888,1,True,False,False,False,True,False,False,False,True
2549,0.11764705882352944,0.006516766647965129,0.10714285714285714,0.36902035120975174,0.8333333333333333,1,True,False,False,False,False,True,False,False,True
2550,0.607843137254902,0.11009451469509302,0.6785714285714285,0.10598162335781798,0.8333333333333333,1,True,False,False,False,False,True,True,False,False
2551,0.1960784313725491,0.22165638082085365,0.8214285714285714,0.15208119421846616,0.8333333333333333,1,True,False,False,False,True,False,False,False,True
2552,0.17647058823529416,0.05122782788830866,0.5,0.00921464865861043,0.33333333333333326,1,False,True,False,False,False,True,False,False,True
2553,0.1568627450980392,0.05571619697035087,0.14285714285714285,0.01845562488481689,0.7777777777777777,0,False,True,False,False,False,True,False,True,False
2554,0.2549019607843137,0.11747442924345086,0.42857142857142855,0.13914119474501752,0.8888888888888888,1,False,False,True,False,False,True,True,False,False
2555,0.23529411764705888,0.04147425661387078,0.17857142857142855,0.05944764763183529,0.1111111111111111,0,True,False,False,False,False,True,False,False,True
2556,0.47058823529411764,0.003495748996590566,0.9642857142857143,0.0621857146618224,0.0,0,False,True,False,False,False,True,True,False,False
2557,0.019607843137254943,0.17206853394329116,0.9285714285714285,0.03885948977173999,0.38888888888888884,1,True,False,False,False,True,False,False,True,False
2558,0.6666666666666666,0.12722800051788874,0.14285714285714285,0.09845193902535346,0.33333333333333326,1,True,False,False,False,True,False,True,False,False
2559,0.11764705882352944,0.11255448621121228,0.5714285714285714,0.021562277861148407,0.9444444444444444,1,False,True,False,False,False,True,False,True,False
2560,0.3921568627450981,0.1752621811747443,0.2142857142857143,0.10383592659874154,0.22222222222222224,1,True,False,False,False,False,True,False,True,False
2561,0.33333333333333337,0.14561305079625395,0.17857142857142855,0.020101097859568755,0.7777777777777777,1,True,False,False,False,True,False,False,True,False
2562,0.03921568627450983,0.029864917353588538,0.03571428571428571,0.006950477845351868,0.33333333333333326,0,False,True,False,False,False,True,False,True,False
2563,0.8039215686274509,0.05627724310560614,0.35714285714285715,0.0422294184240318,0.5,1,False,False,True,False,True,False,False,True,False
2564,0.7450980392156864,0.017435587587933194,0.2142857142857143,0.02768343732722534,0.8333333333333333,1,False,True,False,False,False,True,False,False,True
2565,0.7843137254901961,0.01799663372318847,0.75,0.23148513808809204,0.05555555555555555,0,False,True,False,False,False,True,False,True,False
2566,0.9411764705882354,0.14600146735143066,0.7142857142857143,0.005950030276702735,0.9444444444444444,0,False,True,False,False,False,True,False,True,False
2567,0.1960784313725491,0.25324759397522767,0.25,0.020469683805913172,0.7777777777777777,0,True,False,False,False,True,False,False,True,False
2568,0.7450980392156864,0.42592033144879377,0.14285714285714285,0.08378748387436484,1.0,1,False,True,False,False,False,True,True,False,False
2569,0.4509803921568628,0.12813430581330112,0.9285714285714285,0.0690835373719822,0.7222222222222221,1,False,True,False,False,False,True,False,False,True
2570,0.8823529411764707,0.026326010961978334,0.6071428571428571,0.0049364189242555884,0.05555555555555555,0,True,False,False,False,False,True,False,True,False
2571,0.3529411764705882,0.08596953087911614,0.5,0.0,0.9444444444444444,0,False,False,False,True,True,False,False,True,False
2572,0.05882352941176472,0.2169953821587329,0.5357142857142857,0.4663665323960719,0.4444444444444444,1,True,False,False,False,False,True,True,False,False
2573,0.4901960784313726,0.11195028268093739,0.4642857142857143,0.1132480320143222,0.0,0,True,False,False,False,False,True,True,False,False
2574,0.7254901960784313,0.12468171421173019,0.39285714285714285,0.04788984545717821,0.8333333333333333,0,False,False,True,False,False,True,False,True,False
2575,0.8039215686274509,0.19688403607958221,0.5714285714285714,0.06695100439670379,0.611111111111111,1,True,False,False,False,False,True,False,True,False
2576,0.607843137254902,0.08596953087911614,0.5,0.0,0.611111111111111,0,False,False,False,True,True,False,True,False,False
2577,0.7450980392156864,0.23287730352595917,0.4642857142857143,0.04453308058868441,1.0,0,False,True,False,False,True,False,False,True,False
2578,0.8627450980392156,0.007509386733416771,0.17857142857142855,0.11027301687597083,0.5,1,False,False,True,False,False,True,False,False,True
2579,0.8823529411764707,0.17819688403607958,0.5,0.22578521970355162,0.22222222222222224,1,True,False,False,False,False,True,False,True,False
2580,0.6862745098039217,0.2463424107720858,0.2142857142857143,0.02143064002316826,0.1111111111111111,1,False,True,False,False,True,False,False,True,False
2581,0.7647058823529412,0.043632126364852614,0.4642857142857143,0.19323118237106074,0.4444444444444444,1,True,False,False,False,False,True,False,False,True
2582,0.7058823529411765,0.13245004531526477,0.6071428571428571,0.013650843798541453,0.7777777777777777,0,False,True,False,False,True,False,False,False,True
2583,0.6274509803921569,0.04881101376720901,0.0,0.02548508543295685,0.7222222222222221,0,False,False,True,False,True,False,False,True,False
2584,0.6862745098039217,0.41034051184670495,0.17857142857142855,0.003988626490798515,0.5555555555555555,1,False,False,True,False,False,True,False,False,True
2585,0.03921568627450983,0.004402054292002935,0.07142857142857142,0.0,0.6666666666666666,1,False,False,True,False,False,True,True,False,False
2586,0.1568627450980392,0.11225238444607484,0.14285714285714285,0.2624990127162152,0.33333333333333326,1,False,False,True,False,False,True,False,True,False
2587,0.13725490196078433,0.08596953087911614,0.5,0.0,0.05555555555555555,1,False,False,False,True,True,False,True,False,False
2588,0.6274509803921569,0.16127918518838202,0.35714285714285715,0.008516968117315641,0.1111111111111111,0,False,True,False,False,False,True,False,True,False
2589,0.09803921568627455,0.025031289111389236,0.42857142857142855,0.338269752257589,0.38888888888888884,1,True,False,False,False,False,True,False,True,False
2590,0.7843137254901961,0.03474170299080748,0.5357142857142857,0.22240212726746175,0.0,1,True,False,False,False,False,True,False,True,False
2591,0.7450980392156864,0.08830003021017652,0.6071428571428571,0.14798725745728353,0.16666666666666666,1,False,False,True,False,False,True,True,False,False
2592,0.05882352941176472,0.318889991800095,0.5714285714285714,0.28540399652476106,0.6666666666666666,1,True,False,False,False,False,True,False,False,True
2593,0.23529411764705888,0.030814380044020543,0.5714285714285714,0.02618276597425164,0.7222222222222221,1,False,True,False,False,True,False,False,True,False
2594,0.9411764705882354,0.020154503474170297,0.9999999999999999,0.1906247531790538,0.4444444444444444,1,True,False,False,False,False,True,False,True,False
2595,0.019607843137254943,0.1842389193388287,0.35714285714285715,0.12333149040360161,0.1111111111111111,1,True,False,False,False,False,True,True,False,False
2596,0.07843137254901966,0.08989685382590307,0.6785714285714285,0.21466182239422898,0.7222222222222221,1,False,True,False,False,False,True,True,False,False
2597,0.8431372549019608,0.31435846532303313,0.3214285714285714,0.16787773477608403,0.16666666666666666,0,False,True,False,False,False,True,False,False,True
2598,0.5098039215686275,0.020542920029347028,0.9999999999999999,0.04479635626464471,0.8888888888888888,1,True,False,False,False,True,False,False,True,False
2599,0.607843137254902,0.13443528548616804,0.5357142857142857,0.15680699260195352,0.7777777777777777,0,False,True,False,False,False,True,True,False,False
2600,0.3921568627450981,0.034310129040611106,0.03571428571428571,0.03205381354816629,0.611111111111111,0,False,True,False,False,True,False,False,True,False
2601,0.13725490196078433,0.022096586250053948,0.5714285714285714,0.041952978964273496,0.7222222222222221,0,False,True,False,False,True,False,True,False,False
2602,0.7254901960784313,0.14893617021276595,0.75,0.012018534607587606,1.0,1,False,False,True,False,False,True,False,True,False
2603,0.13725490196078433,0.11661128134305813,0.6785714285714285,0.28797093436537397,0.5,1,True,False,False,False,False,True,False,True,False
2604,0.9607843137254902,0.18199473479780762,0.3214285714285714,0.036213569228338995,0.22222222222222224,0,False,True,False,False,False,True,True,False,False
2605,0.03921568627450983,0.04794786586681628,0.42857142857142855,0.07742937629992365,0.8888888888888888,1,True,False,False,False,True,False,False,False,True
2606,0.8431372549019608,0.07690647792499244,0.39285714285714285,0.052286549245715186,0.8888888888888888,0,True,False,False,False,False,True,True,False,False
2607,0.03921568627450983,0.06732553623063312,0.5,0.3387963036095095,0.1111111111111111,1,False,True,False,False,False,True,False,False,True
2608,0.4117647058823529,0.536101160933926,0.2142857142857143,0.04296659031672064,0.8333333333333333,0,False,True,False,False,True,False,False,True,False
2609,0.09803921568627455,0.04475421863536316,0.9285714285714285,0.15875523260405972,0.4444444444444444,1,True,False,False,False,True,False,True,False,False
2610,0.019607843137254943,0.04522894998057917,0.75,0.20365689913908855,0.8888888888888888,1,False,True,False,False,True,False,True,False,False
2611,0.43137254901960786,0.05666565966078288,0.7142857142857143,0.06023747465971619,0.611111111111111,0,True,False,False,False,False,True,True,False,False
2612,0.8431372549019608,0.10763454317897372,0.8928571428571428,0.05003554221625464,0.05555555555555555,1,False,True,False,False,False,True,False,False,True
2613,0.019607843137254943,0.03763324845712313,0.9642857142857143,0.1450517336703262,0.8333333333333333,0,False,True,False,False,False,True,False,False,True
2614,0.7254901960784313,0.31962366751542876,0.42857142857142855,0.25702287865624096,0.2777777777777778,0,False,False,True,False,False,True,True,False,False
2615,0.3137254901960784,0.039963747788183505,0.39285714285714285,0.14809256772766766,0.05555555555555555,0,False,True,False,False,False,True,True,False,False
2616,0.6666666666666666,0.2928229252082344,0.39285714285714285,0.027130558407708713,0.4444444444444444,0,True,False,False,False,False,True,False,False,True
2617,0.6470588235294118,0.014155625566440809,0.9642857142857143,0.23084011268198934,0.22222222222222224,1,False,True,False,False,False,True,False,True,False
2618,0.43137254901960786,0.138362608432955,0.03571428571428571,0.05164152383961246,0.9444444444444444,0,False,True,False,False,False,True,False,False,True
2619,0.5686274509803921,0.3074964395149109,0.14285714285714285,0.09042203090856436,0.9444444444444444,1,False,True,False,False,False,True,False,False,True
2620,1.0,0.023909196840878683,0.8571428571428571,0.18750493641892427,0.5,0,False,True,False,False,False,True,True,False,False
2621,0.13725490196078433,0.44698114021837637,0.8571428571428571,0.021983518942684886,0.5,1,False,True,False,False,True,False,True,False,False
2622,0.4117647058823529,0.07807172759052264,0.03571428571428571,0.16163810125582498,0.5,0,False,True,False,False,True,False,False,True,False
2623,0.8431372549019608,0.3772387898666436,0.7857142857142857,0.09549008767080011,0.9444444444444444,1,True,False,False,False,False,True,False,True,False
2624,0.6862745098039217,0.1462604117215485,0.8928571428571428,0.23569754890345682,0.8333333333333333,1,True,False,False,False,True,False,True,False,False
2625,0.07843137254901966,0.04648051443614863,0.6785714285714285,0.0198773135350025,0.2777777777777778,1,False,True,False,False,False,True,False,True,False
2626,0.23529411764705888,0.02701652928229252,0.42857142857142855,0.057486243845931075,0.611111111111111,1,False,False,True,False,False,True,True,False,False
2627,0.5490196078431373,0.04686893099132536,0.9999999999999999,0.18838690993339127,0.16666666666666666,1,False,True,False,False,True,False,False,False,True
2628,0.5882352941176471,0.01264511674075353,0.07142857142857142,0.0020403864886923096,0.8333333333333333,0,False,True,False,False,False,True,False,True,False
2629,0.9019607843137255,0.020111346079150664,0.35714285714285715,0.012531922175710185,0.5555555555555555,1,True,False,False,False,False,True,False,True,False
2630,0.2941176470588236,0.014328255146519355,0.5357142857142857,0.49110128215254195,0.0,1,False,True,False,False,True,False,True,False,False
2631,0.8039215686274509,0.07116654438738076,0.0,0.03464707895637522,0.22222222222222224,0,False,True,False,False,False,True,False,True,False
2632,0.5686274509803921,0.20555867247852921,0.6428571428571428,0.3907932496116684,0.8888888888888888,1,False,True,False,False,False,True,True,False,False
2633,0.2941176470588236,0.019722929523973934,0.35714285714285715,0.021220019482400022,0.5555555555555555,1,True,False,False,False,True,False,True,False,False
2634,0.21568627450980393,0.08596953087911614,0.5,0.0,0.7222222222222221,0,False,False,False,True,True,False,False,True,False
2635,0.3137254901960784,0.13352898019075568,0.4642857142857143,0.14721059421320065,0.4444444444444444,1,False,True,False,False,True,False,False,True,False
2636,0.2941176470588236,0.02844072331794053,0.2857142857142857,0.11291893741937183,0.5,1,False,True,False,False,True,False,False,False,True
2637,0.21568627450980393,0.013292477666048078,0.2142857142857143,0.09163309901798172,0.16666666666666666,1,True,False,False,False,True,False,False,True,False
2638,0.13725490196078433,0.023650252470760868,0.5357142857142857,0.07948292657241397,0.05555555555555555,0,True,False,False,False,False,True,True,False,False
2639,0.37254901960784315,0.3331750895515947,0.07142857142857142,0.19528473264355106,0.2777777777777778,0,False,True,False,False,True,False,False,False,True
2640,0.03921568627450983,0.22308057485650165,0.9999999999999999,0.028196824895347923,0.1111111111111111,1,False,True,False,False,False,True,False,False,True
2641,0.2941176470588236,0.0565793448707436,0.6428571428571428,0.061527525471921654,0.6666666666666666,0,False,True,False,False,True,False,False,True,False
2642,0.5686274509803921,0.13810366406283717,0.10714285714285714,0.017797435694916146,0.611111111111111,0,True,False,False,False,False,True,True,False,False
2643,0.8627450980392156,0.09977989728539986,0.2142857142857143,0.09543743253560803,0.9444444444444444,1,True,False,False,False,False,True,True,False,False
2644,0.43137254901960786,0.14634672651158775,0.7857142857142857,0.030368849222020378,0.2777777777777778,1,False,True,False,False,False,True,True,False,False
2645,0.5294117647058824,0.14859091105260885,0.9642857142857143,0.04278229734354843,0.5,1,False,True,False,False,False,True,False,False,True
2646,0.9803921568627451,0.12830693539337965,0.39285714285714285,0.06710896980227997,0.2777777777777778,1,False,False,True,False,True,False,True,False,False
2647,0.7647058823529412,0.04005006257822277,0.6071428571428571,0.0028565410841692334,0.22222222222222224,1,True,False,False,False,False,True,False,True,False
2648,0.07843137254901966,0.005135730007336757,0.9642857142857143,0.010162441092067504,0.7777777777777777,0,True,False,False,False,True,False,True,False,False
2649,0.37254901960784315,0.07871908851581717,0.14285714285714285,0.12196245688860807,0.7777777777777777,0,False,True,False,False,True,False,True,False,False
2650,0.7647058823529412,0.2869535194855638,0.7857142857142857,0.0590132427665008,0.611111111111111,1,True,False,False,False,False,True,True,False,False
2651,0.8431372549019608,0.10910189460964137,0.7857142857142857,0.21071268725482453,0.4444444444444444,1,True,False,False,False,False,True,False,True,False
2652,0.0,0.23123732251521298,0.75,0.12493747202695943,0.6666666666666666,1,False,True,False,False,True,False,False,True,False
2653,0.5686274509803921,0.6191791463467265,0.8928571428571428,0.0008556459468709686,0.8333333333333333,0,False,False,True,False,False,True,False,False,True
2654,0.3921568627450981,0.08596953087911614,0.5,0.0,0.05555555555555555,0,False,False,False,True,True,False,False,True,False
2655,0.37254901960784315,0.1523887618143369,0.39285714285714285,0.010359897849037727,0.8888888888888888,1,True,False,False,False,False,True,False,True,False
2656,0.09803921568627455,0.1452246342410772,0.25,0.15990048179448701,0.4444444444444444,1,True,False,False,False,True,False,False,False,True
2657,0.4117647058823529,0.5061930861853179,0.6428571428571428,0.5021851881104705,1.0,1,False,True,False,False,True,False,True,False,False
2658,0.33333333333333337,0.549048379439817,0.5,0.07978569359976832,0.2777777777777778,0,False,True,False,False,False,True,False,True,False
2659,0.13725490196078433,0.1502740494583747,0.0,0.12090935418476687,0.16666666666666666,1,False,True,False,False,True,False,True,False,False
2660,0.7450980392156864,0.08596953087911614,0.5,0.0,0.7777777777777777,1,False,False,False,True,True,False,True,False,False
2661,0.607843137254902,0.20745759785939322,0.9285714285714285,0.06060606060606061,0.9444444444444444,1,False,True,False,False,False,True,True,False,False
2662,0.6274509803921569,0.014673514306676448,0.6071428571428571,0.20415712292341312,0.611111111111111,1,False,False,True,False,False,True,False,False,True
2663,0.2941176470588236,0.19645246212938589,0.6071428571428571,0.019298107047889847,0.611111111111111,0,False,True,False,False,False,True,False,True,False
2664,0.21568627450980393,0.3120279659919727,0.03571428571428571,0.03250138219729879,0.8888888888888888,0,True,False,False,False,False,True,True,False,False
2665,0.7254901960784313,0.06249190798843382,0.14285714285714285,0.06209356817523629,0.33333333333333326,0,True,False,False,False,False,True,False,True,False
2666,1.0,0.1289542963186742,0.9999999999999999,0.1311771055472185,0.22222222222222224,1,True,False,False,False,False,True,False,True,False
2667,0.6470588235294118,0.07280652539812697,0.0,0.04964062870231419,0.611111111111111,0,False,False,True,False,True,False,True,False,False
2668,0.2549019607843137,0.07457597859393207,0.3214285714285714,0.2766895716504752,0.8888888888888888,0,False,False,True,False,False,True,False,True,False
2669,0.6862745098039217,0.048120495446894826,0.6785714285714285,0.010452044335623833,0.05555555555555555,0,False,True,False,False,False,True,True,False,False
2670,0.6274509803921569,0.18592205774459453,0.3214285714285714,0.04879814653924124,0.16666666666666666,1,False,True,False,False,False,True,False,True,False
2671,0.43137254901960786,0.35626429588710024,0.14285714285714285,0.12997920122159914,0.05555555555555555,1,False,True,False,False,False,True,False,True,False
2672,0.9607843137254902,0.36588839497647924,0.6071428571428571,0.02697259300213253,0.7222222222222221,1,True,False,False,False,False,True,True,False,False
2673,0.8627450980392156,0.024858659531310688,0.7142857142857143,0.11251086012163336,0.7222222222222221,1,False,True,False,False,False,True,True,False,False
2674,0.019607843137254943,0.26895688576237536,0.8928571428571428,0.018890029750151385,0.6666666666666666,1,True,False,False,False,False,True,False,True,False
2675,0.7843137254901961,0.1731474688187821,0.5,0.0060685043308848705,0.8888888888888888,1,False,True,False,False,False,True,False,False,True
2676,0.3921568627450981,0.0377195632471624,0.6785714285714285,0.013585024879551379,0.8888888888888888,1,True,False,False,False,True,False,False,True,False
2677,0.019607843137254943,0.009019895559104051,0.25,0.28002000895137297,0.9444444444444444,1,True,False,False,False,True,False,False,True,False
2678,0.5098039215686275,0.04039532173837987,0.5714285714285714,0.08449832819945766,0.1111111111111111,0,True,False,False,False,False,True,False,True,False
2679,0.1568627450980392,0.31496266885330804,0.39285714285714285,0.16758813153252772,0.8333333333333333,1,True,False,False,False,False,True,False,True,False
2680,0.0,0.12986060161408658,0.7142857142857143,0.04259800437037622,1.0,0,False,True,False,False,False,True,False,True,False
2681,0.1960784313725491,0.16529282292520822,0.9285714285714285,0.09458178658873706,0.2777777777777778,1,False,True,False,False,True,False,False,False,True
2682,0.03921568627450983,0.03849639635751586,0.39285714285714285,0.07194007845615144,0.2777777777777778,1,True,False,False,False,True,False,True,False,False
2683,1.0,0.16451598981485477,0.8928571428571428,0.3068609641155254,0.9444444444444444,1,False,True,False,False,True,False,False,True,False
2684,0.43137254901960786,0.0037115359716887487,0.0,0.14497275096753812,0.4444444444444444,1,False,False,True,False,False,True,False,False,True
2685,0.4901960784313726,0.06093824176772689,0.8928571428571428,0.13810125582497432,0.9444444444444444,1,False,False,True,False,True,False,False,True,False
2686,0.05882352941176472,0.12761641707306548,0.8928571428571428,0.005002237843245662,0.2777777777777778,0,True,False,False,False,True,False,False,True,False
2687,0.33333333333333337,0.020456605239307757,0.10714285714285714,0.08401126819893111,0.4444444444444444,0,False,True,False,False,False,True,False,True,False
2688,0.09803921568627455,0.22420266712701223,0.25,0.06626648763920702,0.9444444444444444,1,True,False,False,False,False,True,False,True,False
2689,0.6666666666666666,0.03469854559578783,0.0,0.2768475370560514,0.8333333333333333,0,False,True,False,False,True,False,True,False,False
2690,0.4117647058823529,0.08596953087911614,0.9285714285714285,0.0,0.6666666666666666,0,False,True,False,False,False,True,False,True,False
2691,0.823529411764706,0.06728237883561348,0.5,0.033120080035805494,0.5555555555555555,0,False,True,False,False,False,True,True,False,False
2692,0.27450980392156865,0.11734495705839196,0.6071428571428571,0.05580127951978517,0.38888888888888884,1,False,True,False,False,False,True,True,False,False
2693,0.4117647058823529,0.014716671701696086,0.0,0.029368401653371245,0.8888888888888888,0,False,True,False,False,False,True,False,False,True
2694,0.7058823529411765,0.0022010271460014674,0.35714285714285715,0.014572308664402496,0.4444444444444444,0,False,True,False,False,False,True,True,False,False
2695,1.0,0.3111216606965604,0.7857142857142857,0.20513124292446622,0.2777777777777778,1,False,False,True,False,True,False,False,True,False
2696,0.8039215686274509,0.04069742350351733,0.03571428571428571,0.08605165468762342,0.0,0,False,True,False,False,True,False,False,True,False
2697,0.21568627450980393,0.08596953087911614,0.5,0.0,0.0,1,False,False,True,False,False,True,True,False,False
2698,0.9019607843137255,0.9501963661473393,0.39285714285714285,0.18730747966195402,0.6666666666666666,0,False,True,False,False,False,True,False,True,False
2699,0.9411764705882354,0.030771222649000906,0.5357142857142857,0.034897190848537506,0.33333333333333326,0,False,True,False,False,False,True,False,True,False
2700,0.8039215686274509,0.03987743299814423,0.75,0.08356369954979859,0.5,1,True,False,False,False,True,False,True,False,False
2701,0.7254901960784313,0.14077942255405462,0.75,0.009148829739620357,0.9444444444444444,1,True,False,False,False,False,True,False,True,False
2702,0.33333333333333337,0.43571706011825123,0.3214285714285714,0.2599189110918042,0.2777777777777778,1,False,True,False,False,True,False,False,False,True
2703,0.8627450980392156,0.3204005006257822,0.6071428571428571,0.054550720058973746,0.6666666666666666,1,False,True,False,False,False,True,False,True,False
2704,0.6666666666666666,0.09050105735617797,0.5,0.05269462654345365,0.22222222222222224,1,False,True,False,False,True,False,False,False,True
2705,0.5686274509803921,0.20525657071339176,0.5714285714285714,0.03797751625727299,0.7777777777777777,1,False,True,False,False,False,True,False,False,True
2706,0.4509803921568628,0.018902939018600837,0.3214285714285714,0.0650159281783956,0.611111111111111,1,True,False,False,False,True,False,False,True,False
2707,0.8039215686274509,0.4908722109533468,0.07142857142857142,0.03053997841139457,0.5555555555555555,0,True,False,False,False,True,False,True,False,False
2708,0.5686274509803921,0.08596953087911614,0.8928571428571428,0.0,0.38888888888888884,1,False,True,False,False,True,False,True,False,False
2709,0.2549019607843137,0.023132363730525227,0.7142857142857143,0.16945738883184583,0.22222222222222224,0,False,False,True,False,False,True,True,False,False
2710,0.09803921568627455,0.046092097880971905,0.5357142857142857,0.18926888344785825,0.38888888888888884,1,False,True,False,False,True,False,True,False,False
2711,0.03921568627450983,0.013680894221224807,0.17857142857142855,0.038188136798041235,0.22222222222222224,0,True,False,False,False,False,True,True,False,False
2712,0.2941176470588236,0.04104268266367442,0.07142857142857142,0.06666140115314746,0.5,0,True,False,False,False,False,True,False,True,False
2713,0.11764705882352944,0.21915325190971474,0.2857142857142857,0.21799225969512676,0.7777777777777777,1,False,False,True,False,False,True,False,True,False
2714,1.0,0.06154244529800181,0.35714285714285715,0.005699918384540452,0.2777777777777778,0,False,True,False,False,True,False,False,False,True
2715,0.2549019607843137,0.011997755815458979,0.7142857142857143,0.23162993970987023,0.9444444444444444,0,True,False,False,False,False,True,False,True,False
2716,0.1568627450980392,0.054248845539683226,0.42857142857142855,0.02605112813627149,0.1111111111111111,0,False,True,False,False,False,True,False,True,False
2717,0.27450980392156865,0.5157740278796772,0.6071428571428571,0.1195139931021773,0.4444444444444444,1,True,False,False,False,False,True,False,True,False
2718,0.3921568627450981,0.12860903715851713,0.8928571428571428,0.09200168496432615,0.5,1,False,True,False,False,False,True,False,False,True
2719,0.6666666666666666,0.0696560355616935,0.75,0.08478793144301398,0.33333333333333326,1,False,True,False,False,False,True,True,False,False
2720,0.019607843137254943,0.023607095075741227,0.9642857142857143,0.20656609535844983,1.0,1,False,False,True,False,False,True,False,False,True
2721,0.5098039215686275,0.5543135816322127,0.8214285714285714,0.011281362714898772,0.05555555555555555,0,False,True,False,False,False,True,False,False,True
2722,0.019607843137254943,0.22264900090630532,0.9285714285714285,0.04488850275123082,0.38888888888888884,1,False,False,True,False,False,True,False,False,True
2723,0.6666666666666666,0.04281213585947952,0.75,0.08137851143932812,0.33333333333333326,1,False,False,True,False,True,False,True,False,False
2724,0.33333333333333337,0.009408312114280783,0.10714285714285714,0.1756048758655188,0.22222222222222224,1,True,False,False,False,True,False,False,True,False
2725,0.2549019607843137,0.007552544128436408,0.75,0.025682542189927077,0.16666666666666666,1,False,True,False,False,True,False,False,True,False
2726,0.37254901960784315,0.016615597082560097,0.8214285714285714,0.17105020667140564,0.5555555555555555,1,False,True,False,False,True,False,True,False,False
2727,0.33333333333333337,0.11255448621121228,0.25,0.05373456546349683,0.5,1,False,False,True,False,False,True,False,True,False
2728,0.17647058823529416,0.34202235553062016,0.42857142857142855,0.0,0.0,1,False,True,False,False,False,True,True,False,False
2729,0.47058823529411764,0.08890423374045144,0.3214285714285714,0.14984335097280363,0.16666666666666666,1,True,False,False,False,True,False,True,False,False
2730,0.019607843137254943,0.23965301454404211,0.03571428571428571,0.010030803254087355,0.2777777777777778,0,True,False,False,False,False,True,True,False,False
2731,0.47058823529411764,0.07643174657977644,0.25,0.0761524892715162,0.9444444444444444,1,False,False,True,False,True,False,False,True,False
2732,0.6274509803921569,0.15963920417763586,0.17857142857142855,0.006950477845351868,0.6666666666666666,0,True,False,False,False,False,True,False,True,False
2733,0.6862745098039217,0.170428552932545,0.5357142857142857,0.046415501671800544,0.6666666666666666,1,True,False,False,False,False,True,True,False,False
2734,0.5882352941176471,0.02472918734625178,0.6071428571428571,0.09678013848300555,0.0,0,False,True,False,False,True,False,False,True,False
2735,0.2549019607843137,0.058046696301411245,0.5714285714285714,0.08553826711950084,0.16666666666666666,1,False,True,False,False,False,True,True,False,False
2736,0.0,0.13132795304475423,0.17857142857142855,0.05461653897796383,0.16666666666666666,0,False,True,False,False,True,False,True,False,False
2737,0.8823529411764707,0.009494626904320055,0.42857142857142855,0.059026406550298824,0.9444444444444444,0,False,False,True,False,False,True,False,False,True
2738,0.2941176470588236,0.05808985369643089,0.7857142857142857,0.027077903272516652,0.9444444444444444,0,True,False,False,False,False,True,False,False,True
2739,0.8823529411764707,0.09908937896508567,0.4642857142857143,0.06409446331253456,0.9444444444444444,0,True,False,False,False,True,False,True,False,False
2740,1.0,0.7223684778386776,0.8928571428571428,0.3225653581865571,0.7777777777777777,1,True,False,False,False,False,True,True,False,False
2741,0.03921568627450983,0.08329377238789867,0.7142857142857143,0.2001026775136245,0.9444444444444444,0,True,False,False,False,True,False,False,True,False
2742,0.6666666666666666,0.21919640930473436,0.3214285714285714,0.016520548666508702,0.7777777777777777,0,False,True,False,False,True,False,False,True,False
2743,0.7843137254901961,0.07323809934832333,0.8214285714285714,0.003185635679119606,0.8888888888888888,0,False,True,False,False,False,True,True,False,False
2744,0.09803921568627455,0.20607656121876483,0.35714285714285715,0.28548297922754917,0.22222222222222224,1,False,True,False,False,False,True,True,False,False
2745,0.47058823529411764,0.11717232747831341,0.42857142857142855,0.0787852460311192,0.5555555555555555,1,True,False,False,False,False,True,True,False,False
2746,0.23529411764705888,0.28181778947822705,0.39285714285714285,0.08128636495274202,0.8333333333333333,1,False,True,False,False,False,True,False,True,False
2747,0.6470588235294118,0.06853394329118295,0.2857142857142857,0.15979517152410289,0.05555555555555555,0,True,False,False,False,False,True,False,False,True
2748,0.13725490196078433,0.12002071554960941,0.10714285714285714,0.03979411842139905,0.8888888888888888,0,True,False,False,False,True,False,False,True,False
2749,0.3921568627450981,0.128738509343576,0.2142857142857143,0.0692546665613564,0.0,1,False,True,False,False,False,True,False,False,True
2750,0.6470588235294118,0.06995813732683095,0.8214285714285714,0.3646894663402049,0.9444444444444444,0,False,True,False,False,False,True,True,False,False
2751,0.05882352941176472,0.020197660869189935,0.9999999999999999,0.11744727904588895,0.8888888888888888,0,False,True,False,False,False,True,False,True,False
2752,0.47058823529411764,0.012731431530792802,0.75,0.017573651370349892,0.9444444444444444,0,False,True,False,False,True,False,False,True,False
2753,0.27450980392156865,0.0021578697509818307,0.03571428571428571,0.015059368664929048,1.0,1,True,False,False,False,False,True,False,True,False
2754,0.05882352941176472,0.2677053213068059,0.2142857142857143,0.02406339678277124,0.22222222222222224,1,False,True,False,False,False,True,False,False,True
2755,0.8627450980392156,0.08596953087911614,0.9999999999999999,0.0,0.6666666666666666,1,True,False,False,False,False,True,False,False,True
2756,0.21568627450980393,0.030771222649000906,0.2857142857142857,0.03687175841823974,0.2777777777777778,0,True,False,False,False,False,True,True,False,False
2757,0.607843137254902,0.1724569504984679,0.14285714285714285,0.002277334597056578,0.6666666666666666,1,False,True,False,False,True,False,True,False,False
2758,0.607843137254902,0.04993310603771956,0.5,0.303872785193376,0.9444444444444444,1,True,False,False,False,False,True,True,False,False
2759,0.5294117647058824,0.09132104786155108,0.6071428571428571,0.019587710291446174,0.16666666666666666,1,True,False,False,False,False,True,True,False,False
2760,0.23529411764705888,0.022959734150446682,0.10714285714285714,0.0010136113524471474,0.4444444444444444,0,True,False,False,False,False,True,True,False,False
2761,0.5882352941176471,0.41595097319925767,0.6428571428571428,0.02849959192270226,0.1111111111111111,1,False,True,False,False,True,False,False,True,False
2762,0.2549019607843137,0.24698977169738034,0.6785714285714285,0.028209988679145932,0.38888888888888884,1,False,True,False,False,False,True,False,False,True
2763,0.37254901960784315,0.2581243796124466,0.8928571428571428,0.05773635573809336,0.6666666666666666,0,False,True,False,False,False,True,True,False,False
2764,0.33333333333333337,0.06762763799577058,0.2142857142857143,0.2665008029908117,0.5555555555555555,1,False,True,False,False,True,False,False,True,False
2765,0.5490196078431373,0.18605152992965343,0.8928571428571428,0.22257325645683598,0.5,1,True,False,False,False,True,False,False,False,True
2766,0.09803921568627455,0.020111346079150664,0.25,0.06429192006950478,0.5555555555555555,0,True,False,False,False,False,True,True,False,False
2767,0.607843137254902,0.001122092270510552,0.5714285714285714,0.05572229681699708,0.1111111111111111,0,False,False,True,False,False,True,False,True,False
2768,0.5490196078431373,0.08596953087911614,0.42857142857142855,0.0,0.7222222222222221,1,False,True,False,False,True,False,False,True,False
2769,0.823529411764706,0.11436709680203704,0.8214285714285714,0.02938156543716926,0.7222222222222221,1,False,True,False,False,True,False,True,False,False
2770,0.019607843137254943,0.07867593112079756,0.7142857142857143,0.005647263249348393,1.0,1,True,False,False,False,True,False,False,False,True
2771,0.43137254901960786,0.09451469509300418,0.9642857142857143,0.2949345759945239,0.16666666666666666,1,False,True,False,False,True,False,False,False,True
2772,0.3529411764705882,0.0009494626904320055,0.7857142857142857,0.021759734618118635,0.0,1,False,True,False,False,False,True,True,False,False
2773,0.5882352941176471,0.07112338699236115,0.35714285714285715,0.02328673353868836,0.05555555555555555,0,True,False,False,False,True,False,False,True,False
2774,0.9803921568627451,0.16391178628457984,0.9285714285714285,0.06734591791064423,0.2777777777777778,1,False,True,False,False,True,False,False,True,False
2775,0.07843137254901966,0.07569807086444262,0.0,0.07124239791485665,0.6666666666666666,1,True,False,False,False,False,True,False,True,False
2776,0.3529411764705882,0.17060118251262354,0.03571428571428571,0.00196140378590422,0.7222222222222221,0,False,True,False,False,True,False,False,False,True
2777,0.6470588235294118,0.034353286435630744,0.5714285714285714,0.01686280704525709,0.0,0,True,False,False,False,False,True,False,False,True
2778,0.17647058823529416,0.21716801173881145,0.14285714285714285,0.05003554221625464,0.38888888888888884,0,True,False,False,False,False,True,False,True,False
2779,0.47058823529411764,0.1149281429372923,0.17857142857142855,0.12122528499591924,0.9444444444444444,1,False,True,False,False,False,True,False,False,True
2780,0.019607843137254943,0.030641750463941995,0.8928571428571428,0.02731485138088092,0.7222222222222221,0,False,False,True,False,False,True,True,False,False
2781,0.1960784313725491,0.034957489965905655,0.8571428571428571,0.057920648711265565,0.05555555555555555,0,True,False,False,False,False,True,False,True,False
2782,0.9607843137254902,0.12804799102326184,0.8214285714285714,0.08582787036305717,0.611111111111111,1,False,False,True,False,True,False,True,False,False
2783,0.5882352941176471,0.2293815545293686,0.2142857142857143,0.2311033883579496,0.0,0,False,True,False,False,False,True,False,False,True
2784,0.27450980392156865,0.06956972077165423,0.9642857142857143,0.04155806545033305,0.7777777777777777,0,True,False,False,False,False,True,False,True,False
2785,0.1568627450980392,0.03866902593759441,0.7142857142857143,0.015098860016323093,0.5555555555555555,0,False,True,False,False,True,False,False,False,True
2786,0.43137254901960786,0.26118855465884083,0.5,0.0707553379143301,0.9444444444444444,0,True,False,False,False,False,True,False,True,False
2787,0.3529411764705882,0.14323939407017391,0.6428571428571428,0.1446173288049917,0.8888888888888888,1,True,False,False,False,False,True,False,True,False
2788,0.1568627450980392,0.07694963532001207,0.5357142857142857,0.012255482715951874,0.1111111111111111,0,False,True,False,False,True,False,False,True,False
2789,0.6666666666666666,0.08666004919943031,0.8571428571428571,0.05822341573861991,0.7777777777777777,1,False,False,True,False,False,True,False,False,True
2790,0.3921568627450981,0.02956281558845108,0.42857142857142855,0.0018955848669141458,0.6666666666666666,1,False,True,False,False,False,True,True,False,False
2791,0.1568627450980392,0.12761641707306548,0.14285714285714285,0.003593712976858068,0.1111111111111111,1,False,True,False,False,False,True,False,False,True
2792,0.5294117647058824,0.05752880756117561,0.07142857142857142,0.06946528710212464,0.6666666666666666,1,True,False,False,False,False,True,True,False,False
2793,0.8823529411764707,0.7038539553752535,0.07142857142857142,0.037292999499776214,0.4444444444444444,1,True,False,False,False,False,True,True,False,False
2794,0.9803921568627451,0.08471796642354668,0.6428571428571428,0.19640365426638232,0.5,1,False,True,False,False,True,False,False,False,True
2795,0.11764705882352944,0.08614216045919469,0.4642857142857143,0.09706974172656188,0.0,0,False,True,False,False,True,False,True,False,False
2796,0.2941176470588236,0.10802295973415045,0.5357142857142857,0.06371271358239212,0.05555555555555555,0,False,False,True,False,True,False,False,False,True
2797,0.2941176470588236,0.32186785205644985,0.75,0.05519574546507648,0.7222222222222221,0,True,False,False,False,False,True,False,True,False
2798,0.6274509803921569,0.20892494929006084,0.5714285714285714,0.07241397467287997,0.22222222222222224,1,False,True,False,False,False,True,True,False,False
2799,0.05882352941176472,0.07768331103534591,0.9285714285714285,0.004344048653344917,0.5,1,False,True,False,False,False,True,True,False,False
2800,0.05882352941176472,0.16421388804971732,0.10714285714285714,0.2351578337677382,1.0,1,False,False,True,False,False,True,False,False,True
2801,0.7450980392156864,0.11423762461697812,0.42857142857142855,0.6717742147802964,0.38888888888888884,1,True,False,False,False,False,True,False,True,False
2802,0.7647058823529412,0.08596953087911614,0.5,0.0,0.6666666666666666,0,False,False,False,True,True,False,True,False,False
2803,0.3137254901960784,0.02766389020758707,0.6428571428571428,0.013506042176763289,0.4444444444444444,1,False,True,False,False,True,False,True,False,False
2804,0.7058823529411765,0.08074748608174011,0.14285714285714285,0.016323091909538477,0.9444444444444444,0,True,False,False,False,False,True,False,True,False
2805,0.7450980392156864,0.08596953087911614,0.5,0.0,0.16666666666666666,1,True,False,False,False,False,True,False,True,False
2806,1.0,0.08596953087911614,0.5,0.0,0.38888888888888884,1,False,True,False,False,False,True,False,True,False
2807,0.5490196078431373,0.05291096629407449,0.03571428571428571,0.1983387304846905,0.22222222222222224,0,True,False,False,False,True,False,False,False,True
2808,1.0,0.39385438694920377,0.35714285714285715,0.14676302556406814,0.2777777777777778,0,True,False,False,False,False,True,True,False,False
2809,0.6862745098039217,0.09861464761986967,0.42857142857142855,0.06289655898691521,0.22222222222222224,0,False,True,False,False,False,True,False,True,False
2810,0.7254901960784313,0.12925639808381165,0.7857142857142857,0.09993944659452914,0.0,1,True,False,False,False,True,False,False,False,True
2811,0.7450980392156864,0.1013767209011264,0.3214285714285714,0.12275228391648896,1.0,0,True,False,False,False,True,False,False,True,False
2812,0.9607843137254902,0.017953476328168832,0.07142857142857142,0.07571808440618172,0.16666666666666666,0,False,False,True,False,True,False,True,False,False
2813,0.7058823529411765,0.061024556557766174,0.14285714285714285,0.06799094331674696,0.0,0,True,False,False,False,False,True,False,False,True
2814,1.0,0.01350826464114626,0.07142857142857142,0.1090882763341495,1.0,0,False,True,False,False,True,False,False,False,True
2815,0.6666666666666666,0.12627853782745674,0.17857142857142855,0.08585419793065319,0.16666666666666666,1,False,True,False,False,False,True,False,True,False
2816,0.11764705882352944,0.07669069094989427,0.42857142857142855,0.1087460179554011,0.7222222222222221,0,True,False,False,False,False,True,True,False,False
2817,0.5098039215686275,0.1948556385136593,0.3214285714285714,0.09993944659452914,0.7222222222222221,1,False,True,False,False,False,True,True,False,False
2818,0.5294117647058824,0.03223857407966855,0.6428571428571428,0.13375720717162942,0.4444444444444444,1,False,True,False,False,False,True,False,False,True
2819,0.4117647058823529,0.023261835915584134,0.25,0.10841692336045072,1.0,1,True,False,False,False,True,False,True,False,False
2820,0.2549019607843137,0.08596953087911614,0.5,0.0,0.5555555555555555,0,False,False,False,True,True,False,False,False,True
2821,0.11764705882352944,0.33813818997885287,0.07142857142857142,0.12059342337361452,0.8333333333333333,0,True,False,False,False,True,False,False,True,False
2822,0.7058823529411765,0.16045919468300893,0.8214285714285714,0.06285706763552115,1.0,0,False,True,False,False,False,True,True,False,False
2823,0.4117647058823529,0.07030339648698804,0.8214285714285714,0.029131453545006975,0.16666666666666666,0,False,True,False,False,True,False,True,False,False
2824,0.07843137254901966,0.094298908117906,0.5714285714285714,0.0001448016217781639,0.4444444444444444,1,False,False,True,False,False,True,True,False,False
2825,0.019607843137254943,0.011393552285184067,0.25,0.08644656820156386,0.8888888888888888,0,True,False,False,False,False,True,True,False,False
2826,0.5098039215686275,0.5401147986707523,0.3214285714285714,0.09406839902061448,0.7777777777777777,1,True,False,False,False,False,True,False,False,True
2827,0.3921568627450981,0.142160459194683,0.03571428571428571,0.37672116473159045,0.38888888888888884,1,True,False,False,False,False,True,False,False,True
2828,0.7254901960784313,0.04350265417979371,0.39285714285714285,0.047244820051075484,0.6666666666666666,1,True,False,False,False,True,False,False,True,False
2829,0.27450980392156865,0.11410815243191921,0.7857142857142857,0.05277360924624175,0.0,1,True,False,False,False,True,False,False,False,True
2830,0.3921568627450981,0.015018773466833541,0.17857142857142855,0.02373430218782087,0.05555555555555555,0,True,False,False,False,False,True,False,True,False
2831,0.17647058823529416,0.4371844115489189,0.03571428571428571,0.007700813521838717,0.5,1,False,False,True,False,False,True,True,False,False
2832,0.43137254901960786,0.024858659531310688,0.7142857142857143,0.15606982070926467,0.6666666666666666,0,False,True,False,False,False,True,False,False,True
2833,0.7450980392156864,0.13521211859652152,0.7857142857142857,0.030250375167838243,0.5555555555555555,0,False,False,True,False,True,False,False,True,False
2834,0.07843137254901966,0.03646799879159294,0.8214285714285714,0.09886001632309191,0.7222222222222221,0,False,True,False,False,False,True,False,False,True
2835,0.0,0.16369599930948167,0.07142857142857142,0.12258115472711477,0.8333333333333333,1,True,False,False,False,False,True,False,False,True
2836,0.23529411764705888,0.19416512019334514,0.5714285714285714,0.06710896980227997,0.2777777777777778,1,False,True,False,False,False,True,True,False,False
2837,0.3921568627450981,0.1448793750809201,0.9999999999999999,0.2201379564542032,0.05555555555555555,1,True,False,False,False,False,True,False,True,False
2838,0.4901960784313726,0.12343014975616072,0.2142857142857143,0.06177763736408393,0.22222222222222224,1,True,False,False,False,False,True,True,False,False
2839,0.9607843137254902,0.288722972681369,0.9999999999999999,0.03531843193007398,1.0,1,False,False,True,False,True,False,False,False,True
2840,0.8627450980392156,0.010616719174830607,0.7142857142857143,0.23836979701445385,0.33333333333333326,0,False,False,True,False,True,False,False,True,False
2841,0.3921568627450981,0.052047818393681756,0.14285714285714285,0.20823789590079772,0.8888888888888888,1,False,False,True,False,False,True,True,False,False
2842,0.33333333333333337,0.036942730136808946,0.7857142857142857,0.018863702182555356,0.22222222222222224,1,False,True,False,False,False,True,False,True,False
2843,0.7058823529411765,0.5727849467006172,0.0,0.0027643945975831296,0.611111111111111,1,False,False,True,False,False,True,False,True,False
2844,0.8627450980392156,0.06387294462906219,0.25,0.009925492983703236,1.0,0,False,True,False,False,False,True,False,False,True
2845,0.607843137254902,0.1707738120927021,0.39285714285714285,0.03555538003843825,0.9444444444444444,0,False,False,True,False,False,True,False,True,False
2846,0.6862745098039217,0.1494540589530016,0.4642857142857143,0.3775241555432694,0.611111111111111,1,False,True,False,False,False,True,False,False,True
2847,0.3137254901960784,0.08596953087911614,0.5,0.0,0.1111111111111111,1,False,False,False,True,True,False,True,False,False
2848,0.6666666666666666,0.08596953087911614,0.5,0.0,0.16666666666666666,0,False,False,True,False,True,False,True,False,False
2849,0.9411764705882354,0.042768978464459886,0.5,0.23122186241213175,0.7777777777777777,0,False,False,True,False,False,True,False,True,False
2850,0.1960784313725491,0.06857710068620258,0.7142857142857143,0.06355474817681595,0.7777777777777777,1,True,False,False,False,False,True,False,False,True
2851,0.3921568627450981,0.03456907341072893,0.8214285714285714,0.039873101124187134,0.5555555555555555,0,True,False,False,False,True,False,False,True,False
2852,1.0,0.002589443701178197,0.8928571428571428,0.29844930626859384,0.05555555555555555,1,False,True,False,False,False,True,True,False,False
2853,0.4901960784313726,0.27387682879461395,0.5,0.19944448832372377,0.9444444444444444,1,True,False,False,False,False,True,False,True,False
2854,0.05882352941176472,0.43632126364852614,0.3214285714285714,0.19542953426532925,0.1111111111111111,1,True,False,False,False,False,True,True,False,False
2855,0.6470588235294118,0.054119373354624314,0.7142857142857143,0.07561277413579759,0.9444444444444444,1,False,True,False,False,True,False,True,False,False
2856,1.0,0.0535151698243494,0.9642857142857143,0.16407340125845774,0.7222222222222221,1,False,True,False,False,True,False,True,False,False
2857,0.9215686274509803,0.0009063052954123689,0.2142857142857143,0.02081194218466156,0.2777777777777778,0,False,True,False,False,True,False,False,True,False
2858,0.33333333333333337,0.14764144836217685,0.8928571428571428,0.08967169523207752,0.05555555555555555,1,True,False,False,False,True,False,True,False,False
2859,0.7647058823529412,0.2259721203228173,0.07142857142857142,0.43447068425348184,0.0,1,False,True,False,False,False,True,False,False,True
2860,0.6666666666666666,0.020542920029347028,0.03571428571428571,0.036213569228338995,0.38888888888888884,0,False,True,False,False,True,False,True,False,False
2861,0.7843137254901961,0.02252816020025031,0.17857142857142855,0.16656135639628256,0.5,0,False,True,False,False,False,True,False,True,False
2862,0.5490196078431373,0.20210608087695825,0.7142857142857143,0.07100544980649237,0.9444444444444444,0,True,False,False,False,True,False,False,True,False
2863,1.0,0.12403435328643563,0.2857142857142857,0.004278229734354843,0.5555555555555555,0,True,False,False,False,True,False,False,True,False
2864,0.5490196078431373,0.005955720512709852,0.3214285714285714,0.15162046178553565,0.9444444444444444,1,True,False,False,False,False,True,False,True,False
2865,0.7254901960784313,0.12614906564239783,0.10714285714285714,0.01944290866966801,0.8333333333333333,0,True,False,False,False,False,True,False,True,False
2866,0.8039215686274509,0.04781839368175737,0.9285714285714285,0.10512597741094701,0.22222222222222224,1,False,True,False,False,False,True,True,False,False
2867,0.3921568627450981,0.05955720512709853,0.07142857142857142,0.00942526919937867,0.33333333333333326,0,False,True,False,False,False,True,False,True,False
2868,0.8039215686274509,0.19015148245651894,0.2857142857142857,0.3090856435773899,0.05555555555555555,1,False,False,True,False,False,True,True,False,False
2869,0.23529411764705888,0.21565750291312416,0.8214285714285714,0.03631887949872312,0.5555555555555555,0,False,True,False,False,False,True,False,False,True
2870,0.9411764705882354,0.06620344396012257,0.75,0.027038411921122607,0.6666666666666666,0,False,True,False,False,False,True,False,False,True
2871,0.7843137254901961,0.3806913814682146,0.5714285714285714,0.014559144880604481,0.8333333333333333,0,True,False,False,False,True,False,False,False,True
2872,0.3137254901960784,0.06754132320573131,0.4642857142857143,0.30737435168364796,0.7222222222222221,1,False,True,False,False,False,True,False,True,False
2873,0.1568627450980392,0.1913167321220491,0.3214285714285714,0.13105863149303637,0.33333333333333326,0,True,False,False,False,True,False,False,True,False
2874,0.7843137254901961,0.08562427171895905,0.42857142857142855,0.14253745096490536,0.33333333333333326,1,False,True,False,False,False,True,False,False,True
2875,0.0,0.29498079495921625,0.39285714285714285,0.0728747071058105,0.611111111111111,1,True,False,False,False,True,False,False,True,False
2876,0.019607843137254943,0.3085753743904018,0.9285714285714285,0.06780665034357476,0.611111111111111,0,False,True,False,False,False,True,False,True,False
2877,0.9215686274509803,0.011825126235380434,0.0,0.012268646499749888,0.0,0,False,True,False,False,False,True,True,False,False
2878,0.5490196078431373,0.35691165681239484,0.9642857142857143,0.08642024063396783,0.2777777777777778,1,False,True,False,False,True,False,False,True,False
2879,0.6274509803921569,0.2260584351128566,0.75,0.029868625437695813,0.38888888888888884,1,True,False,False,False,False,True,False,False,True
2880,0.17647058823529416,0.20288291398731173,0.9999999999999999,0.3979280204301925,0.6666666666666666,1,False,False,True,False,True,False,False,False,True
2881,0.9607843137254902,0.029044926848215444,0.6428571428571428,0.16770660558670986,0.22222222222222224,0,False,True,False,False,True,False,False,False,True
2882,0.7647058823529412,0.21173017996633725,0.6428571428571428,0.056104046547139505,0.5,0,True,False,False,False,False,True,False,False,True
2883,0.3921568627450981,0.24573820724181086,0.17857142857142855,0.01728404812679357,0.7222222222222221,1,True,False,False,False,False,True,False,True,False
2884,0.5294117647058824,0.044193172500107895,0.42857142857142855,0.16203301476976542,0.4444444444444444,0,False,False,True,False,False,True,True,False,False
2885,0.1960784313725491,0.39385438694920377,0.6428571428571428,0.013703498933733512,0.8888888888888888,0,True,False,False,False,False,True,False,True,False
2886,0.6470588235294118,0.006603081438004402,0.42857142857142855,0.02210199299686702,0.1111111111111111,1,False,True,False,False,False,True,True,False,False
2887,0.13725490196078433,0.08596953087911614,0.5,0.0,0.611111111111111,0,True,False,False,False,False,True,False,True,False
2888,0.4117647058823529,0.08596953087911614,0.5,0.0,0.611111111111111,1,False,False,False,True,True,False,True,False,False
2889,0.13725490196078433,0.11104397738552502,0.75,0.16288866071663638,0.5555555555555555,1,False,True,False,False,True,False,False,False,True
2890,0.9411764705882354,0.13413318372103059,0.7142857142857143,0.039741463286206986,0.16666666666666666,0,False,True,False,False,True,False,False,True,False
2891,0.27450980392156865,0.0022010271460014674,0.10714285714285714,0.009319958928994551,0.38888888888888884,0,False,False,True,False,True,False,False,True,False
2892,0.3137254901960784,0.417936213370161,0.8214285714285714,0.06577942763868046,0.5,1,False,False,True,False,False,True,False,True,False
2893,0.43137254901960786,0.005912563117690217,0.03571428571428571,0.14519653529210436,0.7222222222222221,0,True,False,False,False,True,False,True,False,False
2894,0.4509803921568628,0.019981873894091753,0.5,0.0,0.0,0,False,False,True,False,True,False,False,True,False
2895,0.8627450980392156,0.08596953087911614,0.5,0.0,0.611111111111111,1,True,False,False,False,False,True,False,False,True
2896,0.3529411764705882,0.1083250614992879,0.9285714285714285,0.3097964879024827,0.22222222222222224,0,False,True,False,False,True,False,True,False,False
2897,0.07843137254901966,0.34858227957360494,0.2142857142857143,0.32461890845904745,0.7222222222222221,1,False,True,False,False,False,True,True,False,False
2898,0.607843137254902,0.14194467221958482,0.6785714285714285,0.48999552431350873,0.16666666666666666,1,False,True,False,False,True,False,True,False,False
2899,0.8431372549019608,0.2239437227568944,0.6071428571428571,0.17360398072822053,0.8888888888888888,1,False,True,False,False,True,False,False,True,False
2900,0.0,0.0017262958007854647,0.7857142857142857,0.021957191375088857,0.6666666666666666,0,False,True,False,False,True,False,False,True,False
2901,0.43137254901960786,0.10111777653100859,0.42857142857142855,0.025090171919016403,0.1111111111111111,0,True,False,False,False,False,True,False,False,True
2902,0.7058823529411765,0.07966855120624919,0.5714285714285714,0.04379590869599558,0.5555555555555555,0,True,False,False,False,False,True,False,False,True
2903,0.13725490196078433,0.08946527987570671,0.10714285714285714,0.04032066977331964,0.5555555555555555,0,False,False,True,False,True,False,False,True,False
2904,0.23529411764705888,0.009710413879418239,0.8571428571428571,0.3302135165732038,0.22222222222222224,0,True,False,False,False,True,False,False,True,False
2905,0.13725490196078433,0.1493245867679427,0.4642857142857143,0.16388910828528552,0.2777777777777778,1,False,False,True,False,False,True,False,True,False
2906,0.43137254901960786,0.09058737214621725,0.6785714285714285,0.13557380933575547,0.16666666666666666,1,True,False,False,False,False,True,False,True,False
2907,0.823529411764706,0.18756203875534072,0.9642857142857143,0.02166758813153253,0.5,0,False,False,True,False,False,True,False,True,False
2908,0.0,0.08596953087911614,0.42857142857142855,0.25303425216544245,0.5,0,False,True,False,False,False,True,True,False,False
2909,0.8627450980392156,0.020931336584523758,0.07142857142857142,0.18529342074085775,0.611111111111111,1,False,True,False,False,False,True,False,False,True
2910,0.9803921568627451,0.1352984333865608,0.8928571428571428,0.01882421083116131,0.9444444444444444,0,False,False,True,False,False,True,False,True,False
2911,0.4509803921568628,0.024513400371153595,0.8928571428571428,0.21580707158465628,0.7777777777777777,1,False,True,False,False,False,True,True,False,False
2912,0.6666666666666666,0.26654007164127574,0.6071428571428571,0.033462338414553885,0.9444444444444444,1,True,False,False,False,False,True,False,True,False
2913,0.4509803921568628,0.1229554184109447,0.4642857142857143,0.008885554063660058,0.1111111111111111,0,False,True,False,False,True,False,True,False,False
2914,0.3137254901960784,0.02213974364507358,0.5,0.1126293341758155,0.1111111111111111,0,True,False,False,False,True,False,True,False,False
2915,0.07843137254901966,0.4245392948081654,0.07142857142857142,0.11170786930995445,0.0,1,False,False,True,False,True,False,False,False,True
2916,0.37254901960784315,0.09460100988304347,0.0,0.010504699470815893,0.8888888888888888,0,False,True,False,False,True,False,False,True,False
2917,0.3921568627450981,0.009796728669457511,0.8928571428571428,0.04043914382750178,0.5,0,False,False,True,False,True,False,False,True,False
2918,0.7647058823529412,0.12761641707306548,0.8214285714285714,0.5197720032646185,0.2777777777777778,1,False,True,False,False,True,False,True,False,False
2919,0.5882352941176471,0.03780587803720167,0.5714285714285714,0.11947450175078325,0.5555555555555555,0,False,True,False,False,False,True,False,True,False
2920,0.8823529411764707,0.21078071727590525,0.07142857142857142,0.13791696285180213,0.7222222222222221,1,False,True,False,False,False,True,False,True,False
2921,0.6862745098039217,0.2204479737603038,0.4642857142857143,0.025208645973198534,0.8888888888888888,1,True,False,False,False,False,True,False,True,False
2922,0.1960784313725491,0.4998489491174312,0.07142857142857142,0.008635442171497774,0.33333333333333326,1,False,True,False,False,False,True,True,False,False
2923,1.0,0.09024211298606016,0.42857142857142855,0.034146855172050655,0.16666666666666666,0,True,False,False,False,True,False,False,True,False
2924,0.27450980392156865,0.07858961633075828,0.5,0.030145064897454124,0.5555555555555555,0,False,True,False,False,False,True,False,False,True
2925,0.3529411764705882,0.1813042164774934,0.6071428571428571,0.02814416976015586,1.0,1,False,True,False,False,False,True,True,False,False
2926,0.11764705882352944,0.018385050278365195,0.4642857142857143,0.022549561645999524,0.4444444444444444,0,True,False,False,False,True,False,False,True,False
2927,0.9803921568627451,0.10249881317163696,0.7142857142857143,0.09005344496221994,0.38888888888888884,1,False,True,False,False,True,False,True,False,False
2928,0.5294117647058824,0.10232618359155841,0.8928571428571428,0.0418739962614854,0.16666666666666666,0,False,True,False,False,True,False,False,True,False
2929,0.9803921568627451,0.012127228000517888,0.07142857142857142,0.18079140668193666,0.8333333333333333,1,False,True,False,False,True,False,True,False,False
2930,0.823529411764706,0.07008760951188986,0.6428571428571428,0.02140431245557223,0.2777777777777778,1,True,False,False,False,True,False,True,False,False
2931,0.07843137254901966,0.2485002805230676,0.25,0.06579259142247848,0.2777777777777778,0,True,False,False,False,True,False,True,False,False
2932,0.07843137254901966,0.2510465668292262,0.10714285714285714,0.0014480162177816394,1.0,0,False,True,False,False,True,False,False,False,True
2933,0.5686274509803921,0.013551422036165897,0.10714285714285714,0.06920201142616433,0.05555555555555555,0,False,True,False,False,True,False,False,True,False
2934,0.607843137254902,0.012299857580596436,0.6428571428571428,0.006055340547086854,0.5555555555555555,1,False,True,False,False,False,True,False,False,True
2935,0.13725490196078433,0.03944585904794787,0.35714285714285715,0.4006265961087855,0.9444444444444444,0,False,True,False,False,True,False,False,False,True
2936,0.17647058823529416,0.269000043157395,0.0,0.1646526077455704,0.4444444444444444,0,False,False,True,False,True,False,False,True,False
2937,0.7254901960784313,0.017867161538129558,0.25,0.07093963088750231,0.8333333333333333,1,True,False,False,False,False,True,False,True,False
2938,0.9019607843137255,0.16481809157999222,0.5,0.009543743253560803,0.5555555555555555,1,True,False,False,False,False,True,False,True,False
2939,0.607843137254902,0.013810366406283718,0.0,0.09452913145354501,0.7222222222222221,1,False,True,False,False,True,False,False,True,False
2940,0.9215686274509803,0.12636485261749603,0.2142857142857143,0.14975120448621754,0.38888888888888884,1,True,False,False,False,False,True,True,False,False
2941,0.5294117647058824,0.08596953087911614,0.5,0.0,0.6666666666666666,0,False,False,False,True,True,False,False,True,False
2942,0.3137254901960784,0.20137240516162444,0.6785714285714285,0.08843429955506411,0.5,0,True,False,False,False,True,False,False,False,True
2943,0.5882352941176471,0.034482758620689655,0.6785714285714285,0.17725034884027066,0.611111111111111,1,True,False,False,False,True,False,False,True,False
2944,0.13725490196078433,0.13197531397004875,0.8214285714285714,0.1539767790853803,0.1111111111111111,1,True,False,False,False,False,True,False,True,False
2945,0.7647058823529412,0.034784860385827114,0.35714285714285715,0.17107653423900168,0.05555555555555555,1,True,False,False,False,True,False,False,True,False
2946,0.47058823529411764,0.1619265461136766,0.9285714285714285,0.22269173051101807,0.5555555555555555,1,False,True,False,False,False,True,False,True,False
2947,0.1568627450980392,0.2678779508868845,0.9999999999999999,0.29228865545112287,0.9444444444444444,1,True,False,False,False,True,False,False,False,True
2948,0.019607843137254943,0.017565059772992102,0.4642857142857143,0.05477450438354001,0.16666666666666666,0,False,True,False,False,False,True,True,False,False
2949,0.27450980392156865,0.26080013810366404,0.75,0.08857910117684228,0.38888888888888884,1,True,False,False,False,True,False,False,True,False
2950,0.9607843137254902,0.1165681239480385,0.5357142857142857,0.1646789353131664,0.5555555555555555,0,True,False,False,False,False,True,False,False,True
2951,0.03921568627450983,0.01760821716801174,0.4642857142857143,0.12579311797383042,0.7777777777777777,0,True,False,False,False,False,True,False,False,True
2952,0.9411764705882354,0.07220232186785205,0.39285714285714285,0.5695311060211147,0.05555555555555555,0,False,True,False,False,False,True,False,False,True
2953,0.6862745098039217,0.02270078978032886,0.5714285714285714,0.0014480162177816394,1.0,0,False,True,False,False,True,False,False,False,True
2954,0.05882352941176472,0.15601398299598634,0.4642857142857143,0.046204881131032306,0.7777777777777777,1,False,True,False,False,False,True,True,False,False
2955,0.2549019607843137,0.18415260454878946,0.3214285714285714,0.034739225442961326,0.6666666666666666,0,True,False,False,False,False,True,True,False,False
2956,0.7843137254901961,0.014457727331578267,0.8214285714285714,0.03204064976436827,0.05555555555555555,0,False,False,True,False,True,False,False,True,False
2957,0.7843137254901961,0.09136420525657073,0.9999999999999999,0.026511860569202014,0.1111111111111111,1,True,False,False,False,False,True,False,True,False
2958,0.47058823529411764,0.21820378921928274,0.4642857142857143,0.13004502014058922,0.7222222222222221,0,False,True,False,False,False,True,True,False,False
2959,0.9607843137254902,0.35622113849208065,0.6071428571428571,0.009333122712792566,0.6666666666666666,1,False,False,True,False,False,True,False,False,True
2960,0.17647058823529416,0.09330628803245436,0.75,0.14251112339730934,0.8333333333333333,1,False,False,True,False,True,False,True,False,False
2961,0.3921568627450981,0.3885891847568081,0.2857142857142857,0.12450306716162493,0.611111111111111,1,False,True,False,False,False,True,False,False,True
2962,0.6862745098039217,0.09934832333520348,0.5714285714285714,0.030408340573414426,0.0,0,True,False,False,False,True,False,False,True,False
2963,0.21568627450980393,0.06490872210953347,0.17857142857142855,0.0,0.2777777777777778,0,True,False,False,False,False,True,True,False,False
2964,0.5098039215686275,0.2440982262310647,0.25,0.10437564173446016,0.6666666666666666,1,True,False,False,False,False,True,True,False,False
2965,0.7647058823529412,0.08795477105001942,0.8928571428571428,0.15125187583919122,0.05555555555555555,1,False,False,True,False,False,True,True,False,False
2966,0.019607843137254943,0.08264641146260411,0.42857142857142855,0.22024326672458733,0.9444444444444444,1,False,True,False,False,True,False,True,False,False
2967,0.23529411764705888,0.08726425272970523,0.6071428571428571,0.20130058183924385,0.8888888888888888,1,True,False,False,False,False,True,False,True,False
2968,0.607843137254902,0.24288981917051486,0.14285714285714285,0.3526972593002133,1.0,1,True,False,False,False,True,False,False,True,False
2969,0.5882352941176471,0.23089206335505588,0.17857142857142855,0.0916989179369718,0.7777777777777777,1,False,False,True,False,False,True,False,False,True
2970,0.2941176470588236,0.06689396228043676,0.7142857142857143,0.2520206408129953,0.38888888888888884,1,False,False,True,False,False,True,False,True,False
2971,0.607843137254902,0.05247939234387813,0.6428571428571428,0.17406471316115102,0.4444444444444444,1,False,False,True,False,False,True,True,False,False
2972,0.607843137254902,0.08765266928488195,0.10714285714285714,0.23701392728325832,0.38888888888888884,1,True,False,False,False,True,False,True,False,False
2973,0.6470588235294118,0.11009451469509302,0.2142857142857143,0.0012373956770134007,0.38888888888888884,0,True,False,False,False,True,False,False,True,False
2974,0.1960784313725491,0.035259591731043115,0.10714285714285714,0.3557907484927467,0.5555555555555555,0,False,True,False,False,True,False,False,False,True
2975,0.17647058823529416,0.08596953087911614,0.5,0.0,0.9444444444444444,1,False,False,False,True,True,False,True,False,False
2976,0.27450980392156865,0.08627163264425358,0.35714285714285715,0.1685359239659848,0.8888888888888888,1,False,True,False,False,True,False,False,False,True
2977,0.3137254901960784,0.05265202192395667,0.39285714285714285,0.014322196772240213,0.2777777777777778,1,True,False,False,False,False,True,False,True,False
2978,0.7647058823529412,0.014630356911656813,0.4642857142857143,0.053089540057394094,0.05555555555555555,0,False,False,True,False,False,True,True,False,False
2979,0.33333333333333337,0.03534590652108238,0.42857142857142855,0.03335702814416976,0.0,0,False,True,False,False,True,False,False,False,True
2980,0.1568627450980392,0.3859997410556299,0.9999999999999999,0.03631887949872312,0.5,1,False,True,False,False,True,False,False,False,True
2981,0.47058823529411764,0.04712787536144318,0.3214285714285714,0.013848300555511676,0.38888888888888884,1,True,False,False,False,True,False,False,False,True
2982,0.7647058823529412,0.02395235423589832,0.6071428571428571,0.17256404180817736,0.8333333333333333,1,True,False,False,False,True,False,True,False,False
2983,0.2549019607843137,0.07992749557636701,0.5357142857142857,0.0009741200010531027,0.7222222222222221,0,False,False,True,False,False,True,False,True,False
2984,0.47058823529411764,0.047516291916619914,0.14285714285714285,0.039465023826448675,0.8333333333333333,1,False,True,False,False,False,True,False,True,False
2985,0.9607843137254902,0.004617841267101118,0.25,0.020180080562356845,0.7222222222222221,0,False,True,False,False,False,True,False,False,True
2986,0.4117647058823529,0.05053730956799448,0.4642857142857143,0.093647157939078,0.33333333333333326,1,False,True,False,False,True,False,False,False,True
2987,1.0,0.1017219800612835,0.14285714285714285,0.03089540057394097,0.9444444444444444,0,False,True,False,False,False,True,True,False,False
2988,0.5686274509803921,0.10387984981226533,0.8928571428571428,0.031566753547639735,0.4444444444444444,0,False,True,False,False,True,False,False,True,False
2989,0.37254901960784315,0.057097233610979244,0.9642857142857143,0.07057104494115789,0.16666666666666666,1,False,True,False,False,True,False,True,False,False
2990,0.3921568627450981,0.07677700573993354,0.8214285714285714,0.11136561093120606,0.8333333333333333,0,False,True,False,False,False,True,False,True,False
2991,0.8431372549019608,0.43597600448836904,0.25,0.013624516230945422,0.5555555555555555,0,False,True,False,False,False,True,True,False,False
2992,0.607843137254902,0.061326658322903634,0.8571428571428571,0.02032488218413501,0.4444444444444444,1,False,False,True,False,True,False,False,True,False
2993,0.9803921568627451,0.03866902593759441,0.8928571428571428,0.029894953005291842,0.8888888888888888,0,False,True,False,False,False,True,False,False,True
2994,0.8823529411764707,0.03612273963143584,0.17857142857142855,0.3833293841981939,0.5555555555555555,1,False,True,False,False,False,True,False,True,False
2995,0.9411764705882354,0.07923697725605282,0.5357142857142857,0.05330016059816234,0.1111111111111111,0,False,False,True,False,False,True,True,False,False
2996,0.3921568627450981,0.18449786370894652,0.9642857142857143,0.09622725956348892,0.5555555555555555,1,True,False,False,False,True,False,False,True,False
2997,0.6666666666666666,0.029864917353588538,0.10714285714285714,0.029118289761208963,0.38888888888888884,0,True,False,False,False,False,True,True,False,False
2998,0.607843137254902,0.1599413059427733,0.39285714285714285,0.07100544980649237,0.5,0,True,False,False,False,False,True,True,False,False
2999,0.5686274509803921,0.0027620732812567435,0.35714285714285715,0.00810889081957718,0.2777777777777778,1,True,False,False,False,False,True,False,False,True
3000,0.7450980392156864,0.07030339648698804,0.07142857142857142,0.0037253508148382174,0.8888888888888888,0,False,False,True,False,False,True,False,True,False
3001,0.9411764705882354,0.19364723145310947,0.39285714285714285,0.0666087460179554,0.2777777777777778,1,True,False,False,False,False,True,False,True,False
3002,0.21568627450980393,0.05355832721936904,0.14285714285714285,0.05356343627412263,0.33333333333333326,0,False,False,True,False,False,True,False,False,True
3003,0.7843137254901961,0.10741875620387553,0.17857142857142855,0.015506937314061553,0.6666666666666666,0,True,False,False,False,True,False,False,True,False
3004,0.9019607843137255,0.02969228777350999,0.6428571428571428,0.1225284995919227,0.2777777777777778,1,False,True,False,False,False,True,False,True,False
3005,0.33333333333333337,0.1753916533598032,0.6071428571428571,0.52108838164442,0.1111111111111111,1,False,False,True,False,True,False,True,False,False
3006,0.3921568627450981,0.006948340598161495,0.5357142857142857,0.053036884922202036,0.6666666666666666,0,True,False,False,False,True,False,True,False,False
3007,0.23529411764705888,0.24785291959777309,0.7857142857142857,0.10316457362504279,0.5,1,False,False,True,False,False,True,False,True,False
3008,0.3921568627450981,0.028613352898019074,0.35714285714285715,0.34711581496985494,0.16666666666666666,1,False,True,False,False,True,False,False,True,False
3009,0.13725490196078433,0.08596953087911614,0.5,0.0,0.22222222222222224,1,False,True,False,False,False,True,False,False,True
3010,0.8823529411764707,0.05627724310560614,0.2857142857142857,0.06558197088171024,1.0,1,False,False,True,False,False,True,True,False,False
3011,0.7647058823529412,0.16606965603556167,0.07142857142857142,0.14085248663875946,0.9444444444444444,1,False,True,False,False,False,True,False,True,False
3012,0.8823529411764707,0.04980363385266065,0.25,0.014440670826422348,0.33333333333333326,1,False,False,True,False,False,True,False,True,False
3013,0.11764705882352944,0.30602908808424323,0.17857142857142855,0.07557328278440355,0.0,0,False,False,True,False,True,False,True,False,False
3014,0.43137254901960786,0.017521902377972465,0.10714285714285714,0.034462785983203015,0.8888888888888888,0,False,False,True,False,False,True,False,True,False
3015,0.8431372549019608,0.025462863061585603,0.39285714285714285,0.01850828002000895,0.9444444444444444,0,True,False,False,False,False,True,False,False,True
3016,0.607843137254902,0.08795477105001942,0.39285714285714285,0.05851301898217624,0.22222222222222224,1,True,False,False,False,True,False,True,False,False
3017,0.1960784313725491,0.011048293125026974,0.8571428571428571,0.014782929205170735,0.2777777777777778,1,False,False,True,False,True,False,True,False,False
3018,0.4117647058823529,0.028224936342842347,0.7142857142857143,0.12643814337993312,0.5,1,True,False,False,False,True,False,False,False,True
3019,0.4117647058823529,0.3726641059945621,0.5357142857142857,0.06416028223152463,1.0,1,True,False,False,False,False,True,False,True,False
3020,0.823529411764706,0.48556385136593155,0.3214285714285714,0.0797725298159703,0.5,1,False,False,True,False,False,True,False,True,False
3021,0.47058823529411764,0.06111087134780545,0.75,0.016665350288286866,0.2777777777777778,1,True,False,False,False,True,False,True,False,False
3022,0.4117647058823529,0.08596953087911614,0.5,0.0,0.5,1,False,False,False,True,True,False,True,False,False
3023,0.5294117647058824,0.10189460964136204,0.42857142857142855,0.09221230550509438,0.5,1,False,True,False,False,True,False,False,True,False
3024,0.5490196078431373,0.04069742350351733,0.2857142857142857,0.44234262696469473,0.611111111111111,1,False,True,False,False,False,True,False,True,False
3025,0.23529411764705888,0.08596953087911614,0.5,0.0,0.16666666666666666,1,False,False,False,True,True,False,False,True,False
3026,0.33333333333333337,0.13926891372836736,0.39285714285714285,0.03543690598425612,0.6666666666666666,0,False,True,False,False,True,False,False,True,False
3027,0.019607843137254943,0.585386906046351,0.14285714285714285,0.2144248742858647,0.5,1,True,False,False,False,False,True,True,False,False
3028,0.5490196078431373,0.03987743299814423,0.6071428571428571,0.00789827027880894,0.8333333333333333,0,False,True,False,False,False,True,True,False,False
3029,0.3921568627450981,0.1443614863406845,0.10714285714285714,0.21972987915646472,1.0,1,False,False,True,False,False,True,True,False,False
3030,0.27450980392156865,0.006905183203141859,0.03571428571428571,0.07824553089540057,0.2777777777777778,0,False,True,False,False,True,False,False,True,False
3031,1.0,0.015622976997108455,0.07142857142857142,0.055261564384066555,0.4444444444444444,0,False,True,False,False,True,False,False,True,False
3032,0.5098039215686275,0.0005178887402356394,0.8928571428571428,0.039030618961114184,0.7222222222222221,1,False,True,False,False,True,False,False,True,False
3033,0.9607843137254902,0.9743213499633162,0.39285714285714285,0.03713503409420004,0.5,1,True,False,False,False,False,True,False,True,False
3034,0.5882352941176471,0.20987441198049286,0.07142857142857142,0.038438248690203514,0.38888888888888884,1,False,True,False,False,False,True,False,True,False
3035,0.27450980392156865,0.20003452591601573,0.10714285714285714,0.22758865808387962,0.1111111111111111,0,False,True,False,False,True,False,False,True,False
3036,0.9803921568627451,0.09227051055198308,0.17857142857142855,0.13549482663296739,0.8888888888888888,1,True,False,False,False,False,True,True,False,False
3037,0.43137254901960786,0.04617841267101117,0.39285714285714285,0.11667061580180607,1.0,0,False,True,False,False,True,False,False,False,True
3038,0.4509803921568628,0.021233438349661213,0.6428571428571428,0.16883869099333912,0.1111111111111111,1,False,True,False,False,True,False,False,True,False
3039,0.8431372549019608,0.0433731819947348,0.3214285714285714,0.03130347787167944,0.7222222222222221,0,True,False,False,False,False,True,False,False,True
3040,0.23529411764705888,0.08596953087911614,0.5,0.0,0.2777777777777778,0,False,True,False,False,True,False,False,False,True
3041,0.4117647058823529,0.1828147253031807,0.5714285714285714,0.06489745412421347,1.0,0,False,True,False,False,True,False,False,False,True
3042,0.823529411764706,0.1004272582106944,0.5357142857142857,0.16062448990337783,0.9444444444444444,1,False,True,False,False,True,False,False,False,True
3043,0.7058823529411765,0.01044408959475206,0.2857142857142857,0.03896480004212411,0.611111111111111,1,False,True,False,False,False,True,True,False,False
3044,0.6274509803921569,0.002373656726080014,0.8571428571428571,0.10852223363083485,0.7777777777777777,1,True,False,False,False,False,True,True,False,False
3045,0.03921568627450983,0.013982995986362264,0.7142857142857143,0.225245504567833,0.2777777777777778,1,False,True,False,False,False,True,False,True,False
3046,0.3529411764705882,0.06840447110612403,0.2857142857142857,0.05416897032883132,0.611111111111111,0,False,False,True,False,False,True,True,False,False
3047,0.43137254901960786,0.35035173276941006,0.9285714285714285,0.007266408656504225,1.0,1,False,False,True,False,False,True,True,False,False
3048,0.5490196078431373,0.13132795304475423,0.7857142857142857,0.07642892873127452,0.33333333333333326,1,False,True,False,False,True,False,True,False,False
3049,0.5686274509803921,0.2095723102153554,0.2857142857142857,0.04471737356185662,0.5,0,False,False,True,False,False,True,True,False,False
3050,0.7450980392156864,0.08596953087911614,0.5,0.0,0.9444444444444444,0,False,False,False,True,True,False,True,False,False
3051,0.8431372549019608,0.058133011091450526,0.7857142857142857,0.31768159439749366,0.05555555555555555,0,False,True,False,False,False,True,True,False,False
3052,0.9019607843137255,0.014846143886754995,0.2857142857142857,0.07000500223784324,0.6666666666666666,0,False,True,False,False,False,True,False,True,False
3053,0.47058823529411764,0.2702084502179448,0.5,0.06610852223363084,0.7777777777777777,1,False,True,False,False,False,True,True,False,False
3054,0.7058823529411765,0.1979198135600535,0.03571428571428571,0.11194481741831873,0.16666666666666666,0,True,False,False,False,True,False,False,False,True
3055,0.9019607843137255,0.02382288205083941,0.35714285714285715,0.011505147039465024,0.33333333333333326,0,False,True,False,False,False,True,False,False,True
3056,0.13725490196078433,0.09296102887229726,0.35714285714285715,0.030790090303556856,0.1111111111111111,0,True,False,False,False,True,False,False,False,True
3057,0.8039215686274509,0.08653057701437142,0.25,0.26464470947529156,0.8333333333333333,1,True,False,False,False,False,True,False,True,False
3058,0.2941176470588236,0.12701221354279055,0.7857142857142857,0.11673643472079616,0.4444444444444444,1,False,True,False,False,True,False,False,False,True
3059,0.13725490196078433,0.3783608821371542,0.17857142857142855,0.0014216886501856095,0.8888888888888888,1,True,False,False,False,True,False,False,True,False
3060,0.0,0.11225238444607484,0.7142857142857143,0.0241160519179633,0.38888888888888884,1,False,False,True,False,False,True,False,False,True
3061,0.8431372549019608,0.10059988779077295,0.6785714285714285,0.12093568175236291,0.9444444444444444,1,False,True,False,False,True,False,False,True,False
3062,0.07843137254901966,0.006689396228043675,0.2142857142857143,0.15223915962404236,0.6666666666666666,0,False,True,False,False,False,True,True,False,False
3063,0.03921568627450983,0.00841569202882914,0.07142857142857142,0.19290208777611037,0.05555555555555555,0,False,True,False,False,False,True,True,False,False
3064,0.0,0.026843899702213972,0.25,0.03638469841771319,0.0,0,False,True,False,False,False,True,True,False,False
3065,0.05882352941176472,0.004272582106944024,0.6071428571428571,0.0,0.8333333333333333,1,True,False,False,False,True,False,True,False,False
3066,0.7647058823529412,0.1760821716801174,0.5714285714285714,0.08478793144301398,0.8333333333333333,0,False,True,False,False,True,False,True,False,False
3067,0.6666666666666666,0.16637175780069913,0.35714285714285715,0.12558249743306216,0.5555555555555555,1,True,False,False,False,True,False,True,False,False
3068,0.607843137254902,0.018946096413620474,0.03571428571428571,0.09563488929257827,0.16666666666666666,0,True,False,False,False,False,True,False,True,False
3069,0.8039215686274509,0.23412886798152863,0.8571428571428571,0.013795645420319618,0.5555555555555555,0,True,False,False,False,False,True,True,False,False
3070,0.6470588235294118,0.021751327089896855,0.7142857142857143,0.3475238922675934,0.2777777777777778,1,False,True,False,False,False,True,False,True,False
3071,0.823529411764706,0.04639419964610936,0.9285714285714285,0.013808809204117633,0.5555555555555555,0,False,True,False,False,False,True,True,False,False
3072,0.47058823529411764,0.03707220232186785,0.8214285714285714,0.030987547060527077,0.0,0,False,True,False,False,False,True,False,True,False
3073,0.17647058823529416,0.06029088084243235,0.6428571428571428,0.1769212542453203,0.4444444444444444,1,False,True,False,False,False,True,True,False,False
3074,0.3921568627450981,0.038064822407319496,0.2142857142857143,0.10150593686649291,0.33333333333333326,1,False,False,True,False,True,False,True,False,False
3075,0.8823529411764707,0.08691899356954814,0.6071428571428571,0.1917831661532791,0.1111111111111111,0,False,True,False,False,True,False,False,True,False
3076,0.7450980392156864,0.06775711018082949,0.25,0.07636310981228445,0.4444444444444444,0,False,True,False,False,True,False,True,False,False
3077,0.5098039215686275,0.5580682749989211,0.4642857142857143,0.04983808545928442,0.05555555555555555,1,False,True,False,False,True,False,True,False,False
3078,0.5098039215686275,0.0074662293383971345,0.2142857142857143,0.2684490429929179,0.5,1,True,False,False,False,False,True,False,False,True
3079,0.019607843137254943,0.08596953087911614,0.5,0.0,0.8888888888888888,0,False,False,False,True,True,False,False,False,True
3080,0.7843137254901961,0.0070346553882007674,0.7142857142857143,0.20418345049100917,0.0,0,True,False,False,False,False,True,True,False,False
3081,0.9215686274509803,0.12727115791290838,0.9642857142857143,0.027630782192033278,0.9444444444444444,1,False,True,False,False,False,True,True,False,False
3082,0.23529411764705888,0.007250442363298951,0.9285714285714285,0.19890477318800515,0.2777777777777778,1,False,True,False,False,False,True,False,True,False
3083,0.1568627450980392,0.23443096974666608,0.10714285714285714,0.015783376773819868,0.2777777777777778,1,True,False,False,False,False,True,False,True,False
3084,1.0,0.09287471408225799,0.5714285714285714,0.09140931469341547,0.4444444444444444,0,False,False,True,False,True,False,False,True,False
3085,0.6862745098039217,0.09693150921410384,0.14285714285714285,0.2306558197088171,0.5,1,True,False,False,False,True,False,False,False,True
3086,0.4117647058823529,0.10677139527858098,0.39285714285714285,0.06756970223521049,0.7777777777777777,1,True,False,False,False,True,False,False,True,False
3087,0.8039215686274509,0.024254456001035776,0.2857142857142857,0.14455150988600163,0.16666666666666666,1,False,True,False,False,True,False,True,False,False
3088,0.4901960784313726,0.028527038107979803,0.8928571428571428,0.1719848353210647,0.38888888888888884,1,False,True,False,False,False,True,False,True,False
3089,0.21568627450980393,0.049717319062621376,0.6785714285714285,0.14044440934102098,0.16666666666666666,1,True,False,False,False,False,True,False,True,False
3090,0.3137254901960784,0.11652496655301886,0.42857142857142855,0.2732406602953953,0.1111111111111111,1,False,True,False,False,True,False,False,True,False
3091,0.2549019607843137,0.030555435673902724,0.8571428571428571,0.06235684385119659,0.16666666666666666,0,False,False,True,False,False,True,True,False,False
3092,0.2549019607843137,0.016011393552285185,0.9642857142857143,0.020022115156780665,0.0,0,False,True,False,False,False,True,True,False,False
3093,0.6470588235294118,0.4544905269517932,0.6071428571428571,0.005160203248821841,0.4444444444444444,0,False,True,False,False,True,False,True,False,False
3094,0.37254901960784315,0.0028915454663156533,0.6785714285714285,0.02980280651870574,0.5555555555555555,1,True,False,False,False,True,False,True,False,False
3095,0.1960784313725491,0.21013335635061067,0.2857142857142857,0.016270436774346416,1.0,1,False,True,False,False,False,True,False,False,True
3096,0.2941176470588236,0.2008545164213888,0.10714285714285714,0.08597267198483532,0.33333333333333326,0,False,True,False,False,False,True,False,False,True
3097,0.9803921568627451,0.04566052393077554,0.7142857142857143,0.02153595029355238,0.22222222222222224,0,False,True,False,False,True,False,False,False,True
3098,0.5882352941176471,0.0188597816235812,0.9285714285714285,0.004186083247768739,0.05555555555555555,1,True,False,False,False,True,False,True,False,False
3099,0.09803921568627455,0.020370290449268483,0.25,0.003856988652818366,1.0,1,False,True,False,False,True,False,False,True,False
3100,0.3529411764705882,0.1547624185404169,0.0,0.18758391912171235,0.1111111111111111,0,False,True,False,False,True,False,False,False,True
3101,0.7058823529411765,0.13327003582063787,0.5714285714285714,0.09426585577758471,0.7777777777777777,1,True,False,False,False,False,True,False,True,False
3102,0.05882352941176472,0.1976608691899357,0.8571428571428571,0.046678777347760846,0.33333333333333326,0,False,True,False,False,True,False,False,True,False
3103,0.9019607843137255,0.3589400543783177,0.2857142857142857,0.23657952241792382,0.22222222222222224,0,False,False,True,False,True,False,True,False,False
3104,0.05882352941176472,0.15243191920935653,0.6785714285714285,0.007661322170444673,0.5,0,False,True,False,False,True,False,True,False,False
3105,0.37254901960784315,0.0219239566699754,0.42857142857142855,0.41368506963641627,0.4444444444444444,0,True,False,False,False,False,True,False,True,False
3106,0.17647058823529416,0.03612273963143584,0.03571428571428571,0.10087407524418819,0.7222222222222221,0,False,True,False,False,True,False,True,False,False
3107,0.4509803921568628,0.2390488110137672,0.42857142857142855,0.021338493536582157,0.6666666666666666,1,True,False,False,False,True,False,True,False,False
3108,0.6666666666666666,0.08596953087911614,0.5,0.0,0.0,1,False,False,False,True,True,False,True,False,False
3109,0.4901960784313726,0.009753571274437874,0.6785714285714285,0.15177842719111181,0.8333333333333333,0,False,False,True,False,False,True,True,False,False
3110,0.7058823529411765,0.15730870484657547,0.17857142857142855,0.05907906168549088,0.38888888888888884,0,False,True,False,False,True,False,True,False,False
3111,0.7254901960784313,0.06667817530533857,0.9642857142857143,0.20829055103598978,0.8888888888888888,1,False,True,False,False,True,False,False,True,False
3112,0.3921568627450981,0.32708989685382595,0.0,0.017205065424005475,0.2777777777777778,0,True,False,False,False,False,True,False,True,False
3113,0.7647058823529412,0.13603210910189462,0.9642857142857143,0.034423294631808966,0.05555555555555555,1,False,True,False,False,False,True,False,True,False
3114,0.7450980392156864,0.012256700185576798,0.8571428571428571,0.010333570281441697,0.6666666666666666,1,False,True,False,False,True,False,True,False,False
3115,0.3921568627450981,0.38241767726900006,0.14285714285714285,0.02494537029723824,0.38888888888888884,0,False,False,True,False,True,False,True,False,False
3116,0.17647058823529416,0.038712183332614045,0.07142857142857142,0.028723376247268517,0.4444444444444444,0,False,True,False,False,True,False,True,False,False
3117,0.7254901960784313,0.05325622545423158,0.10714285714285714,0.26292025379775164,0.6666666666666666,0,False,False,True,False,False,True,True,False,False
3118,0.8823529411764707,0.06663501791031894,0.0,0.0085696232525077,0.9444444444444444,1,False,True,False,False,False,True,True,False,False
3119,0.05882352941176472,0.006818868413102586,0.4642857142857143,0.058723639522944474,0.9444444444444444,1,True,False,False,False,False,True,False,True,False
3120,0.8627450980392156,0.08886107634543179,0.2857142857142857,0.08004896927572862,0.4444444444444444,1,True,False,False,False,False,True,False,True,False
3121,0.37254901960784315,0.017047171032756464,0.8214285714285714,0.24112102782823894,0.05555555555555555,0,True,False,False,False,False,True,False,False,True
3122,0.3137254901960784,0.06633291614518147,0.10714285714285714,0.639575599610352,0.16666666666666666,1,False,False,True,False,False,True,True,False,False
3123,0.11764705882352944,0.05593198394544906,0.6071428571428571,0.1474343785377669,0.9444444444444444,1,False,True,False,False,False,True,True,False,False
3124,0.05882352941176472,0.1918777782573044,0.4642857142857143,0.3720875128346892,0.8888888888888888,1,False,False,True,False,False,True,True,False,False
3125,0.5490196078431373,0.21043545811574813,0.8571428571428571,0.16291498828423243,0.611111111111111,1,True,False,False,False,True,False,False,False,True
3126,0.2549019607843137,0.021578697509818306,0.10714285714285714,0.3477740041597557,0.8333333333333333,1,False,True,False,False,False,True,True,False,False
3127,0.03921568627450983,0.05912563117690216,0.8571428571428571,0.12937366716689044,0.6666666666666666,1,False,False,True,False,False,True,False,True,False
3128,0.4509803921568628,0.06050666781753053,0.3214285714285714,0.00875391622567991,0.5555555555555555,0,False,True,False,False,False,True,False,False,True
3129,0.7058823529411765,0.02127659574468085,0.07142857142857142,0.05412947897743727,0.7222222222222221,0,True,False,False,False,True,False,False,True,False
3130,0.2941176470588236,0.20737128306935393,0.7857142857142857,0.10953584498328199,0.5,1,False,True,False,False,False,True,False,True,False
3131,1.0,0.15903500064736092,0.2142857142857143,0.04548087302214148,1.0,1,False,False,True,False,False,True,False,True,False
3132,0.05882352941176472,0.027361788442449613,0.3214285714285714,0.033633467603928074,0.8888888888888888,0,True,False,False,False,False,True,True,False,False
3133,0.4509803921568628,0.0591687885719218,0.42857142857142855,0.09071163415212068,0.4444444444444444,0,False,True,False,False,True,False,True,False,False
3134,0.6470588235294118,0.014457727331578267,0.10714285714285714,0.28545665165995315,0.7222222222222221,0,True,False,False,False,False,True,True,False,False
3135,0.5686274509803921,0.12809114841828148,0.6071428571428571,0.003751678382434247,0.22222222222222224,0,False,True,False,False,True,False,False,False,True
3136,0.33333333333333337,0.08596953087911614,0.35714285714285715,0.0,0.1111111111111111,1,False,True,False,False,False,True,False,True,False
3137,0.3529411764705882,0.5520693970911916,0.8571428571428571,0.13508674933522893,0.38888888888888884,1,False,True,False,False,False,True,True,False,False
3138,0.5882352941176471,0.19645246212938589,0.10714285714285714,0.3499460284864281,0.9444444444444444,1,False,True,False,False,True,False,True,False,False
3139,0.3529411764705882,0.06404557420914074,0.8214285714285714,0.28112576679040624,0.1111111111111111,1,False,True,False,False,True,False,False,False,True
3140,0.9411764705882354,0.11186396789089811,0.4642857142857143,0.15127820340678724,0.05555555555555555,0,True,False,False,False,False,True,False,True,False
3141,0.8823529411764707,0.3137111043977385,0.6071428571428571,0.07738988494852961,0.5555555555555555,0,False,True,False,False,True,False,False,False,True
3142,0.3529411764705882,0.10457036813257951,0.25,0.02406339678277124,0.22222222222222224,0,True,False,False,False,False,True,False,True,False
3143,0.4117647058823529,0.024815502136291055,0.9285714285714285,0.08298449306268593,0.33333333333333326,1,False,True,False,False,False,True,False,False,True
3144,0.4509803921568628,0.08596953087911614,0.5,0.0,0.7222222222222221,1,True,False,False,False,True,False,True,False,False
3145,0.8627450980392156,0.23982564412412066,0.14285714285714285,0.23802753863570544,1.0,1,True,False,False,False,False,True,False,False,True
3146,0.21568627450980393,0.08596953087911614,0.7857142857142857,0.0,0.05555555555555555,1,False,True,False,False,True,False,False,True,False
3147,0.5686274509803921,0.13620473868197316,0.2142857142857143,0.022878656240949896,0.4444444444444444,1,False,False,True,False,False,True,False,True,False
3148,0.7254901960784313,0.26101592507876226,0.39285714285714285,0.09641155253666113,0.5,0,True,False,False,False,True,False,False,True,False
3149,0.5882352941176471,0.29053558327219364,0.8571428571428571,0.04251902166758813,1.0,0,True,False,False,False,False,True,True,False,False
3150,0.6862745098039217,0.3266583229036295,0.07142857142857142,0.0009741200010531027,0.8888888888888888,1,False,True,False,False,False,True,True,False,False
3151,0.3529411764705882,0.08596953087911614,0.5,0.0,0.33333333333333326,1,False,False,False,True,True,False,False,False,True
3152,0.9215686274509803,0.1017219800612835,0.10714285714285714,0.01265039622989232,0.9444444444444444,1,False,False,True,False,True,False,True,False,False
3153,0.8627450980392156,0.1746579776444694,0.3214285714285714,0.1947976726430245,0.2777777777777778,1,True,False,False,False,True,False,False,True,False
3154,0.6862745098039217,0.18311682706831817,0.10714285714285714,0.03150093462864966,0.4444444444444444,0,False,True,False,False,False,True,False,True,False
3155,0.5686274509803921,0.12084070605498252,0.5,0.03527894057867994,0.38888888888888884,0,False,True,False,False,False,True,False,True,False
3156,0.9411764705882354,0.023607095075741227,0.9999999999999999,0.33880946739330753,0.4444444444444444,1,True,False,False,False,True,False,False,False,True
3157,0.6274509803921569,0.20672392214405938,0.3214285714285714,0.05019350762183082,0.0,0,True,False,False,False,True,False,False,False,True
3158,0.33333333333333337,0.1648612489750119,0.7142857142857143,0.0010136113524471474,0.05555555555555555,1,False,False,True,False,True,False,False,False,True
3159,1.0,0.011652496655301887,0.75,0.0351604665244978,0.16666666666666666,0,False,True,False,False,False,True,True,False,False
3160,0.9411764705882354,0.08070432868672046,0.5357142857142857,0.01337440433878314,0.9444444444444444,0,False,True,False,False,True,False,False,True,False
3161,0.5294117647058824,0.02472918734625178,0.5,0.011426164336676934,0.5,1,False,True,False,False,True,False,False,True,False
3162,0.9019607843137255,0.08596953087911614,0.5,0.0,0.0,0,False,False,False,True,True,False,True,False,False
3163,0.1960784313725491,0.002373656726080014,0.9999999999999999,0.09473975199431324,0.5,1,False,True,False,False,False,True,False,False,True
3164,0.8627450980392156,0.06620344396012257,0.6785714285714285,0.02210199299686702,0.4444444444444444,0,False,False,True,False,True,False,False,True,False
3165,0.6274509803921569,0.10336196107202969,0.6428571428571428,0.047205328699681436,0.6666666666666666,1,True,False,False,False,False,True,False,True,False
3166,0.3137254901960784,0.12511328816192654,0.6071428571428571,0.2085801542795461,0.7777777777777777,1,True,False,False,False,True,False,True,False,False
3167,0.09803921568627455,0.14099520952915282,0.8928571428571428,0.058157596819629835,0.9444444444444444,1,False,True,False,False,False,True,True,False,False
3168,0.05882352941176472,0.23430149756160717,0.39285714285714285,0.26045862622752286,0.6666666666666666,1,False,True,False,False,False,True,False,True,False
3169,0.37254901960784315,0.03141858357429546,0.8571428571428571,0.07255877629465814,0.22222222222222224,1,False,True,False,False,True,False,False,False,True
3170,0.9215686274509803,0.016615597082560097,0.5357142857142857,0.053589763841718666,0.05555555555555555,0,False,True,False,False,True,False,False,True,False
3171,0.9019607843137255,0.2469466143023607,0.0,0.14615749150935944,0.33333333333333326,1,True,False,False,False,False,True,False,False,True
3172,0.5098039215686275,0.02205342885503431,0.5357142857142857,0.00800358054919306,0.4444444444444444,0,False,True,False,False,False,True,False,True,False
3173,0.27450980392156865,0.47637132622674894,0.03571428571428571,0.009872837848511177,1.0,0,False,True,False,False,False,True,False,True,False
3174,0.09803921568627455,0.23935091277890466,0.8214285714285714,0.11115499039043783,0.7222222222222221,1,False,True,False,False,True,False,False,True,False
3175,0.9019607843137255,0.08998316861594234,0.5,0.07028144169760156,0.8888888888888888,1,False,True,False,False,False,True,False,True,False
3176,0.2549019607843137,0.5160329722497949,0.2142857142857143,0.1645604612589843,0.5555555555555555,0,True,False,False,False,False,True,True,False,False
3177,0.1960784313725491,0.01324932027102844,0.9642857142857143,0.26118263433641364,0.22222222222222224,1,False,True,False,False,False,True,True,False,False
3178,0.7450980392156864,0.046739458806266454,0.0,0.051773161677592605,0.611111111111111,0,True,False,False,False,False,True,True,False,False
3179,0.1568627450980392,0.13163005480989168,0.14285714285714285,0.09555590658979017,0.4444444444444444,0,True,False,False,False,False,True,True,False,False
3180,0.4901960784313726,0.05575935436537051,0.3214285714285714,0.07313798278177079,0.8888888888888888,0,False,True,False,False,True,False,False,True,False
3181,0.2941176470588236,0.341331837210306,0.75,0.42081984045494036,0.38888888888888884,1,False,True,False,False,True,False,False,True,False
3182,0.07843137254901966,0.08596953087911614,0.5,0.0,0.38888888888888884,1,False,False,False,True,True,False,False,False,True
3183,1.0,0.10323248888697079,0.10714285714285714,0.2556406813574494,0.611111111111111,1,True,False,False,False,False,True,False,False,True
3184,0.17647058823529416,0.11570497604764576,0.4642857142857143,0.03090856435773899,1.0,1,False,True,False,False,True,False,False,True,False
3185,0.9607843137254902,0.13693841439730697,0.42857142857142855,0.15593818287128453,0.5,1,False,True,False,False,False,True,True,False,False
3186,0.03921568627450983,0.03823745198739804,0.0,0.032488218413500775,0.05555555555555555,0,False,True,False,False,False,True,True,False,False
3187,0.23529411764705888,0.058694057226705794,0.5357142857142857,0.02465576705368191,0.38888888888888884,0,False,True,False,False,True,False,False,True,False
3188,0.823529411764706,0.24030037546933666,0.7857142857142857,0.3040439143827502,0.7222222222222221,1,False,True,False,False,True,False,True,False,False
3189,0.9411764705882354,0.028095464157783436,0.2857142857142857,0.002053550272490325,1.0,0,False,True,False,False,False,True,True,False,False
3190,0.5686274509803921,0.22705105519830823,0.75,0.35422425822078296,0.16666666666666666,1,False,True,False,False,True,False,False,True,False
3191,0.8627450980392156,0.10707349704371844,0.5357142857142857,0.017020772450833267,0.4444444444444444,1,False,True,False,False,True,False,False,True,False
3192,0.09803921568627455,0.1859652151396142,0.6428571428571428,0.18025169154621806,0.6666666666666666,1,False,True,False,False,True,False,False,False,True
3193,0.3137254901960784,0.16188338871865693,0.5,0.03400205355027249,0.4444444444444444,0,False,False,True,False,True,False,False,True,False
3194,0.8627450980392156,0.03012386172370636,0.8928571428571428,0.04548087302214148,0.6666666666666666,0,True,False,False,False,False,True,False,True,False
3195,0.9803921568627451,0.10892926502956281,0.4642857142857143,0.025735197325119134,0.8333333333333333,0,False,False,True,False,False,True,True,False,False
3196,0.3529411764705882,0.2619222303741746,0.6785714285714285,0.09275202064081299,0.0,1,False,True,False,False,False,True,True,False,False
3197,0.8039215686274509,0.07328125674334297,0.3214285714285714,0.045059631940605006,0.38888888888888884,0,True,False,False,False,False,True,False,True,False
3198,0.6666666666666666,0.44007595701523455,0.7142857142857143,0.11280046336518969,0.4444444444444444,1,False,True,False,False,False,True,False,False,True
3199,0.8823529411764707,0.07794225540546372,0.39285714285714285,0.0016586367585498776,0.6666666666666666,0,True,False,False,False,True,False,True,False,False
3200,0.4901960784313726,0.019938716499072116,0.9642857142857143,0.007003132980543928,0.8888888888888888,0,False,True,False,False,True,False,False,True,False
3201,0.9803921568627451,0.06387294462906219,0.0,0.011057578390332518,0.4444444444444444,0,False,True,False,False,False,True,True,False,False
3202,0.07843137254901966,0.39234387812351645,0.7142857142857143,0.05718347681857673,0.33333333333333326,0,False,False,True,False,False,True,True,False,False
3203,0.5490196078431373,0.04988994864269993,0.5714285714285714,0.17757944343522103,0.5,1,True,False,False,False,True,False,False,True,False
3204,0.7058823529411765,0.2622674895343317,0.2857142857142857,0.2307216386278072,0.22222222222222224,0,False,False,True,False,True,False,True,False,False
3205,0.37254901960784315,0.27586206896551724,0.7857142857142857,0.02956585841034147,0.8888888888888888,0,False,True,False,False,False,True,True,False,False
3206,0.9411764705882354,0.05580251176039014,0.6428571428571428,0.08994813469183582,0.05555555555555555,1,False,True,False,False,True,False,True,False,False
3207,0.3921568627450981,0.011264080100125156,0.8571428571428571,0.15402943422057236,0.4444444444444444,0,False,True,False,False,False,True,True,False,False
3208,0.17647058823529416,0.16693280393595442,0.6071428571428571,0.035897638417186635,0.05555555555555555,1,True,False,False,False,True,False,True,False,False
3209,0.07843137254901966,0.048336282421993004,0.9642857142857143,0.0553932022220467,0.5,0,True,False,False,False,True,False,False,True,False
3210,0.6862745098039217,0.1977903413749946,0.2142857142857143,0.07816654819261248,0.611111111111111,1,False,False,True,False,False,True,True,False,False
3211,0.09803921568627455,0.07569807086444262,0.2857142857142857,0.01525682542189927,0.05555555555555555,0,False,True,False,False,False,True,True,False,False
3212,0.4901960784313726,0.08596953087911614,0.75,0.002777558381381144,0.7777777777777777,1,True,False,False,False,False,True,False,False,True
3213,0.05882352941176472,0.1948124811186397,0.8928571428571428,0.017468341099965774,0.1111111111111111,1,False,True,False,False,True,False,True,False,False
3214,0.7450980392156864,0.062405593198394546,0.7142857142857143,0.10380959903114552,0.05555555555555555,0,False,True,False,False,False,True,True,False,False
3215,0.7450980392156864,0.0757843856544819,0.39285714285714285,0.00805623568438512,0.33333333333333326,1,True,False,False,False,False,True,False,False,True
3216,0.9607843137254902,0.06111087134780545,0.2142857142857143,0.022154648132059078,0.4444444444444444,0,True,False,False,False,True,False,False,True,False
3217,0.6666666666666666,0.059255103361961076,0.4642857142857143,0.04341415896585314,0.5555555555555555,0,False,True,False,False,True,False,False,True,False
3218,0.0,0.09662940744896638,0.5,0.008543295684911672,0.8333333333333333,0,False,True,False,False,True,False,False,True,False
3219,0.4509803921568628,0.21419015148245654,0.5,0.02241792380801938,0.33333333333333326,0,False,True,False,False,False,True,False,True,False
3220,0.6862745098039217,0.058133011091450526,0.17857142857142855,0.25507463865413477,0.6666666666666666,1,False,True,False,False,False,True,True,False,False
3221,0.09803921568627455,0.09619783349877001,0.7142857142857143,0.002053550272490325,0.1111111111111111,1,False,True,False,False,True,False,False,True,False
3222,0.7843137254901961,0.14384359760044882,0.4642857142857143,0.11158939525577231,0.5555555555555555,1,False,True,False,False,True,False,False,True,False
3223,0.8823529411764707,0.04065426610849769,0.03571428571428571,0.051088644920095835,0.1111111111111111,0,False,True,False,False,True,False,False,True,False
3224,0.8431372549019608,0.0420784601441457,0.25,0.11760524445146514,0.7777777777777777,0,False,False,True,False,False,True,True,False,False
3225,0.5882352941176471,0.3507833067196064,0.42857142857142855,0.0935550114524919,0.38888888888888884,1,False,False,True,False,True,False,False,False,True
3226,0.37254901960784315,0.16645807259073842,0.7857142857142857,0.026643498407182158,0.33333333333333326,0,False,True,False,False,True,False,False,False,True
3227,0.4509803921568628,0.11143239394070174,0.17857142857142855,0.19783850670036596,0.22222222222222224,1,False,False,True,False,False,True,False,True,False
3228,0.47058823529411764,0.13508264641146261,0.14285714285714285,0.07130821683384672,0.2777777777777778,1,True,False,False,False,False,True,True,False,False
3229,0.6862745098039217,0.0038410081567476586,0.14285714285714285,0.18208145749414212,1.0,0,False,True,False,False,True,False,False,True,False
3230,0.3921568627450981,0.12463855681671054,0.8571428571428571,0.0548534870863281,0.1111111111111111,0,False,True,False,False,False,True,False,True,False
3231,0.5686274509803921,0.08596953087911614,0.0,0.0,0.5555555555555555,0,False,False,True,False,True,False,False,False,True
3232,0.4509803921568628,0.10215355401147988,0.2857142857142857,0.15499039043782745,0.2777777777777778,1,True,False,False,False,False,True,True,False,False
3233,0.8431372549019608,0.05765827974623451,0.17857142857142855,0.35593555011452493,0.7222222222222221,1,True,False,False,False,False,True,False,True,False
3234,0.8039215686274509,0.011005135730007337,0.6785714285714285,0.07606034278493011,0.8888888888888888,1,False,False,True,False,False,True,True,False,False
3235,0.5686274509803921,0.027836519787665617,0.8928571428571428,0.06759602980280652,0.1111111111111111,1,False,True,False,False,False,True,False,True,False
3236,0.4117647058823529,0.38979759181735785,0.2142857142857143,0.1483163520522339,0.16666666666666666,1,False,True,False,False,True,False,False,True,False
3237,0.5294117647058824,0.06801605455094731,0.2857142857142857,0.22354737645788905,0.4444444444444444,1,False,True,False,False,False,True,True,False,False
3238,0.11764705882352944,0.08139484700703466,0.14285714285714285,0.35049890740594475,0.6666666666666666,1,False,True,False,False,True,False,False,True,False
3239,0.6666666666666666,0.08596953087911614,0.5,0.0,0.2777777777777778,0,False,False,False,True,True,False,False,False,True
3240,0.5294117647058824,0.00496310042725821,0.14285714285714285,0.1688123634257431,0.5,1,False,True,False,False,False,True,True,False,False
3241,0.2549019607843137,0.16352336972940312,0.25,0.024905878945844197,0.6666666666666666,0,False,True,False,False,False,True,False,False,True
3242,0.17647058823529416,0.09999568426049804,0.2142857142857143,0.08306347576547403,0.7222222222222221,1,False,True,False,False,False,True,False,False,True
3243,0.2941176470588236,0.09201156618186526,0.42857142857142855,0.020877761103651634,0.611111111111111,1,False,True,False,False,True,False,True,False,False
3244,0.2941176470588236,0.036079582236416205,0.42857142857142855,0.044941157886422875,0.6666666666666666,0,False,True,False,False,False,True,True,False,False
3245,0.5882352941176471,0.1768158473954512,0.25,0.2821130505752574,0.5,0,False,True,False,False,True,False,False,True,False
3246,0.8039215686274509,0.02386603944585905,0.35714285714285715,0.01662585893689282,0.33333333333333326,1,False,True,False,False,False,True,True,False,False
3247,0.47058823529411764,0.027275473652410342,0.9642857142857143,0.1053892530869073,0.22222222222222224,1,True,False,False,False,True,False,False,True,False
3248,0.23529411764705888,0.07997065297138665,0.8928571428571428,0.09466076929152516,0.611111111111111,1,False,False,True,False,True,False,False,True,False
3249,0.09803921568627455,0.04367528375987225,0.6071428571428571,0.0,0.05555555555555555,0,False,True,False,False,True,False,True,False,False
3250,0.8431372549019608,0.03681325795175003,0.8571428571428571,0.04154490166653503,0.38888888888888884,0,False,True,False,False,False,True,True,False,False
3251,0.1568627450980392,0.13417634111605023,0.6428571428571428,0.08717057631045468,0.38888888888888884,1,False,False,True,False,True,False,False,False,True
3252,0.8627450980392156,0.13629105347201242,0.17857142857142855,0.021825553537108706,1.0,1,True,False,False,False,False,True,False,True,False
3253,0.6862745098039217,0.22532475939752278,0.75,0.16981281099439224,0.22222222222222224,1,True,False,False,False,True,False,True,False,False
3254,0.823529411764706,0.07000129472185058,0.03571428571428571,0.3771292420293289,0.38888888888888884,1,False,True,False,False,True,False,False,False,True
3255,0.37254901960784315,0.009839886064477147,0.9642857142857143,0.02545875786536082,0.5,0,True,False,False,False,True,False,False,True,False
3256,0.33333333333333337,0.041387941823831514,0.42857142857142855,0.021786062185714664,0.6666666666666666,1,False,False,True,False,False,True,False,True,False
3257,0.823529411764706,0.5065383453454749,0.7857142857142857,0.06391017033936235,0.4444444444444444,0,True,False,False,False,True,False,False,True,False
3258,0.3921568627450981,0.11743127184843123,0.8571428571428571,0.1450517336703262,0.33333333333333326,1,False,True,False,False,True,False,False,False,True
3259,0.05882352941176472,0.16015709291787147,0.9642857142857143,0.03483137192954743,1.0,1,False,False,True,False,False,True,False,True,False
3260,0.9607843137254902,0.0009494626904320055,0.8928571428571428,0.002119369191480399,0.5555555555555555,0,True,False,False,False,True,False,False,True,False
3261,0.6274509803921569,0.09455785248802383,0.35714285714285715,0.08204986441302688,0.38888888888888884,1,True,False,False,False,False,True,True,False,False
3262,0.5098039215686275,0.00496310042725821,0.0,0.330384645762578,0.8333333333333333,1,False,True,False,False,True,False,False,False,True
3263,0.11764705882352944,0.10905873721462173,0.8214285714285714,0.05227338546191718,0.5,1,True,False,False,False,False,True,False,False,True
3264,0.09803921568627455,0.3282551465193561,0.03571428571428571,0.057394097359344975,0.2777777777777778,1,False,True,False,False,True,False,True,False,False
3265,0.27450980392156865,0.4473695567735531,0.5714285714285714,0.3654924571518837,0.5,1,False,True,False,False,False,True,False,False,True
3266,0.33333333333333337,0.10068620258081222,0.25,0.1249111444593634,0.5,1,True,False,False,False,False,True,False,True,False
3267,0.607843137254902,0.07936644944111174,0.03571428571428571,0.13374404338783139,1.0,0,False,True,False,False,False,True,False,True,False
3268,0.1960784313725491,0.3755556514608778,0.17857142857142855,0.0871047573914646,0.16666666666666666,1,True,False,False,False,False,True,False,False,True
3269,0.37254901960784315,0.1449656898709594,0.75,0.0,1.0,1,True,False,False,False,False,True,True,False,False
3270,0.4509803921568628,0.008674636398946958,0.14285714285714285,0.12294974067345919,0.1111111111111111,1,False,True,False,False,True,False,False,True,False
3271,0.27450980392156865,0.08117906003193646,0.5357142857142857,0.23738251322960274,0.8888888888888888,0,True,False,False,False,True,False,True,False,False
3272,0.9215686274509803,0.035561693496180574,0.25,0.1265697812179133,0.7222222222222221,1,False,False,True,False,False,True,False,False,True
3273,0.11764705882352944,0.08217168011738811,0.6428571428571428,0.13990469420530238,0.5,1,False,True,False,False,False,True,False,False,True
3274,0.3921568627450981,0.07867593112079756,0.5357142857142857,0.036134586525550905,0.2777777777777778,0,True,False,False,False,True,False,False,False,True
3275,0.8039215686274509,0.08596953087911614,0.42857142857142855,0.0,0.8333333333333333,1,False,True,False,False,False,True,True,False,False
3276,0.4901960784313726,0.05714039100599888,0.8928571428571428,0.16088776557933812,0.4444444444444444,1,False,True,False,False,True,False,False,False,True
3277,0.8431372549019608,0.08596953087911614,0.6785714285714285,0.0,0.611111111111111,1,False,True,False,False,False,True,True,False,False
3278,0.2549019607843137,0.09071684433127616,0.2142857142857143,0.08711792117526262,0.611111111111111,1,False,True,False,False,False,True,True,False,False
3279,0.7058823529411765,0.22955418410944714,0.5357142857142857,0.030210883816444198,0.7222222222222221,1,False,True,False,False,False,True,False,False,True
3280,0.3921568627450981,0.141210996504251,0.7857142857142857,0.17883000289603243,0.05555555555555555,1,False,False,True,False,True,False,True,False,False
3281,0.33333333333333337,0.053472012429329766,0.5357142857142857,0.012334465418739962,0.5,0,True,False,False,False,False,True,False,True,False
3282,0.07843137254901966,0.3549264166414915,0.9999999999999999,0.18626754074191085,0.16666666666666666,1,True,False,False,False,False,True,False,True,False
3283,0.03921568627450983,0.31496266885330804,0.39285714285714285,0.09721454334834004,0.2777777777777778,1,False,True,False,False,True,False,True,False,False
3284,0.43137254901960786,0.030425963488843813,0.4642857142857143,0.021786062185714664,0.6666666666666666,0,True,False,False,False,False,True,False,True,False
3285,0.4901960784313726,0.00522204479737603,0.8214285714285714,0.0822473211699971,0.7222222222222221,1,False,True,False,False,False,True,False,True,False
3286,0.7058823529411765,0.17504639419964613,0.6071428571428571,0.03496300976752758,0.16666666666666666,0,False,True,False,False,True,False,False,True,False
3287,0.4509803921568628,0.22761210133356352,0.9285714285714285,0.04114998815259458,0.5,0,False,True,False,False,True,False,False,True,False
3288,0.9411764705882354,0.44508221483751237,0.9642857142857143,0.045612510860121636,0.5,1,False,True,False,False,True,False,True,False,False
3289,0.3529411764705882,0.28557248284493547,0.6071428571428571,0.006884658926361794,0.22222222222222224,1,False,True,False,False,False,True,False,True,False
3290,0.9803921568627451,0.08596953087911614,0.5,0.0,0.16666666666666666,1,True,False,False,False,False,True,False,True,False
3291,0.47058823529411764,0.09775149971947693,0.6785714285714285,0.003369928652291815,0.611111111111111,1,True,False,False,False,False,True,True,False,False
3292,0.3921568627450981,0.003668378576669112,0.5357142857142857,0.11438011742095149,0.7222222222222221,1,False,True,False,False,True,False,False,False,True
3293,0.21568627450980393,0.036683785766691124,0.42857142857142855,0.04886396545823131,0.33333333333333326,0,False,True,False,False,False,True,False,True,False
3294,0.7843137254901961,0.07966855120624919,0.8928571428571428,0.1093647157939078,0.05555555555555555,1,False,True,False,False,False,True,False,True,False
3295,0.6274509803921569,0.12822062060334039,0.9999999999999999,0.04638917410420452,0.7222222222222221,1,False,False,True,False,False,True,False,False,True
3296,0.9607843137254902,0.08596953087911614,0.2857142857142857,0.0,0.5,1,True,False,False,False,True,False,False,True,False
3297,0.05882352941176472,0.1757369125199603,0.8928571428571428,0.13758786825685174,0.8333333333333333,1,True,False,False,False,False,True,False,False,True
3298,0.8039215686274509,0.042510034094342064,0.9642857142857143,0.12352894716057185,0.1111111111111111,1,False,False,True,False,False,True,False,True,False
3299,0.11764705882352944,0.10776401536403263,0.2857142857142857,0.012742542716478424,0.38888888888888884,0,False,True,False,False,True,False,False,True,False
3300,0.4117647058823529,0.011954598420439342,0.42857142857142855,0.11265566174341153,0.8888888888888888,1,False,False,True,False,False,True,False,True,False
3301,0.6274509803921569,0.06913814682145786,0.9999999999999999,0.03459442382118316,0.16666666666666666,1,False,True,False,False,False,True,False,True,False
3302,0.3137254901960784,0.17957792067670794,0.10714285714285714,0.003080325408735487,1.0,0,False,True,False,False,True,False,False,False,True
3303,0.4509803921568628,0.15307928013465108,0.2857142857142857,0.05643314114208988,0.7777777777777777,0,True,False,False,False,False,True,False,False,True
3304,0.6470588235294118,0.6048508912002072,0.5,0.05985572492957376,0.5,1,False,True,False,False,True,False,False,False,True
3305,0.5294117647058824,0.04216477493418497,0.4642857142857143,0.06629281520680304,0.5,1,True,False,False,False,False,True,False,False,True
3306,0.823529411764706,0.08929265029562816,0.6428571428571428,0.12849169365242347,0.611111111111111,0,False,True,False,False,True,False,False,False,True
3307,0.7843137254901961,0.051745716628544304,0.39285714285714285,0.03889898112313404,0.4444444444444444,0,True,False,False,False,True,False,True,False,False
3308,0.7450980392156864,0.07522333951922662,0.7142857142857143,0.03988626490798515,0.7777777777777777,0,False,True,False,False,False,True,False,False,True
3309,0.4117647058823529,0.25178024254456005,0.8928571428571428,0.006581891899007451,0.9444444444444444,0,False,True,False,False,False,True,False,True,False
3310,0.9411764705882354,0.1492382719779034,0.8571428571428571,0.1222652239159624,0.0,1,False,False,True,False,False,True,False,True,False
3311,0.3137254901960784,0.27715679081610634,0.17857142857142855,0.08834215306847801,0.1111111111111111,0,False,False,True,False,False,True,True,False,False
3312,0.6470588235294118,0.029476500798411808,0.07142857142857142,0.04527025248137325,0.38888888888888884,1,False,False,True,False,False,True,False,False,True
3313,0.09803921568627455,0.2675326917267274,0.8928571428571428,0.1286233314904036,0.33333333333333326,1,True,False,False,False,False,True,True,False,False
3314,0.8823529411764707,0.007984118078632774,0.8571428571428571,0.08116789089855989,0.7777777777777777,0,True,False,False,False,False,True,False,False,True
3315,0.09803921568627455,0.2841482888092875,0.75,0.06671405628833953,0.38888888888888884,1,True,False,False,False,True,False,True,False,False
3316,0.6470588235294118,0.05165940183850503,0.6785714285714285,0.07540215359502936,0.7777777777777777,1,False,True,False,False,True,False,True,False,False
3317,0.0,0.048897328557248286,0.5357142857142857,0.10652133849353658,0.22222222222222224,1,False,True,False,False,True,False,False,False,True
3318,0.17647058823529416,0.09291787147727763,0.6785714285714285,0.11361661796066662,0.611111111111111,1,False,True,False,False,False,True,False,True,False
3319,0.3921568627450981,0.3657589227914203,0.8214285714285714,0.03591080220098465,0.611111111111111,1,False,False,True,False,True,False,False,False,True
3320,0.07843137254901966,0.006344137067886582,0.7857142857142857,0.015980833530790092,0.4444444444444444,0,False,True,False,False,True,False,True,False,False
3321,0.019607843137254943,0.05623408571058651,0.5714285714285714,0.017942237316694313,0.4444444444444444,1,False,False,True,False,True,False,True,False,False
3322,0.4117647058823529,0.08596953087911614,0.5,0.0,0.7777777777777777,1,False,False,False,True,True,False,False,False,True
3323,0.9215686274509803,0.06529713866471021,0.17857142857142855,0.21721559645104388,0.7777777777777777,0,True,False,False,False,True,False,True,False,False
3324,0.019607843137254943,0.028742825083077985,0.25,0.05547218492483479,0.611111111111111,0,False,True,False,False,True,False,True,False,False
3325,0.17647058823529416,0.07159811833757715,0.6428571428571428,0.01956138272385014,0.22222222222222224,1,False,True,False,False,False,True,True,False,False
3326,0.6470588235294118,0.0630529541236891,0.8571428571428571,0.14880341205276046,0.0,1,False,False,True,False,False,True,False,True,False
3327,0.2941176470588236,0.3197962970955073,0.8928571428571428,0.188163125608825,1.0,1,False,True,False,False,True,False,True,False,False
3328,0.9215686274509803,0.18583574295455527,0.03571428571428571,0.22379748835005134,0.5555555555555555,1,False,True,False,False,False,True,False,True,False
3329,0.9803921568627451,0.09106210349143326,0.4642857142857143,0.0983071374035753,0.9444444444444444,1,False,True,False,False,True,False,False,False,True
3330,0.7450980392156864,0.5767122696474041,0.75,0.20760603427849303,0.2777777777777778,1,False,True,False,False,False,True,False,True,False
3331,0.4117647058823529,0.08104958784687756,0.39285714285714285,0.0016323091909538478,0.8888888888888888,0,False,True,False,False,True,False,True,False,False
3332,0.21568627450980393,0.0077683311035345905,0.5714285714285714,0.011939551904799516,0.7222222222222221,0,True,False,False,False,False,True,False,False,True
3333,0.4509803921568628,0.03940270165292823,0.9642857142857143,0.010228260011057578,0.611111111111111,0,False,True,False,False,False,True,False,False,True
3334,0.9019607843137255,0.0741444046437357,0.9285714285714285,0.13130874338519866,0.22222222222222224,1,True,False,False,False,False,True,True,False,False
3335,0.7647058823529412,0.022096586250053948,0.5,0.007595503251454598,0.33333333333333326,1,False,True,False,False,True,False,True,False,False
3336,0.7254901960784313,0.38172715894868586,0.6071428571428571,0.07222968169970777,0.8333333333333333,1,True,False,False,False,False,True,False,True,False
3337,0.17647058823529416,0.18851150144577272,0.5357142857142857,0.0673985730458363,0.4444444444444444,0,True,False,False,False,True,False,False,True,False
3338,0.6666666666666666,0.040438479133399506,0.42857142857142855,0.039188584366690364,0.7777777777777777,0,False,True,False,False,False,True,False,True,False
3339,0.9803921568627451,0.11570497604764576,0.7142857142857143,0.2151883737461496,0.16666666666666666,1,False,True,False,False,False,True,False,False,True
3340,0.9411764705882354,0.1654654525052868,0.5714285714285714,0.019679856778032277,0.33333333333333326,0,False,True,False,False,False,True,False,True,False
3341,0.607843137254902,0.08596953087911614,0.5,0.0,0.7222222222222221,0,False,False,False,True,True,False,True,False,False
3342,0.11764705882352944,0.27629364291571357,0.0,0.1567016823315694,0.16666666666666666,1,True,False,False,False,False,True,False,True,False
3343,0.3921568627450981,0.09373786198265072,0.9999999999999999,0.003251454598109681,0.16666666666666666,1,False,False,True,False,False,True,True,False,False
3344,0.37254901960784315,0.1929135557377757,0.8571428571428571,0.11769739093805123,0.7222222222222221,1,False,True,False,False,True,False,True,False,False
3345,0.4901960784313726,0.10694402485865953,0.8928571428571428,0.17850090830108206,0.33333333333333326,1,False,True,False,False,False,True,False,False,True
3346,0.05882352941176472,0.10418195157740279,0.9285714285714285,0.28352157544164497,0.7777777777777777,1,False,True,False,False,False,True,False,True,False
3347,0.8823529411764707,0.015795606577187003,0.07142857142857142,0.22008530131901113,0.611111111111111,1,False,True,False,False,False,True,False,True,False
3348,1.0,0.017435587587933194,0.5357142857142857,0.04051812653028987,0.7222222222222221,0,True,False,False,False,False,True,False,True,False
3349,0.4117647058823529,0.09762202753441802,0.9642857142857143,0.09296264118158123,0.6666666666666666,0,False,True,False,False,False,True,False,True,False
3350,0.27450980392156865,0.04052479392343878,0.03571428571428571,0.008477476765921596,1.0,0,True,False,False,False,False,True,True,False,False
3351,0.7647058823529412,0.0027620732812567435,0.5,0.031408788142063555,0.611111111111111,0,True,False,False,False,False,True,False,True,False
3352,0.3921568627450981,0.08596953087911614,0.5,0.0,0.8333333333333333,0,False,False,False,True,True,False,False,True,False
3353,0.27450980392156865,0.004272582106944024,0.2857142857142857,0.039873101124187134,0.8333333333333333,0,False,True,False,False,False,True,False,False,True
3354,0.4117647058823529,0.11712917008329378,0.5357142857142857,0.21915067266935206,0.0,1,False,False,True,False,False,True,True,False,False
3355,1.0,0.10029778602563548,0.10714285714285714,0.04490166653502883,0.7777777777777777,0,False,False,True,False,True,False,False,True,False
3356,0.5294117647058824,0.4489663803892797,0.39285714285714285,0.08690730063449438,0.22222222222222224,1,False,False,True,False,True,False,False,True,False
3357,0.2549019607843137,0.08571058650899832,0.0,0.05982939736197773,0.2777777777777778,1,True,False,False,False,False,True,False,True,False
3358,0.5098039215686275,0.008502006818868414,0.0,0.06467366979964721,0.8888888888888888,0,True,False,False,False,True,False,True,False,False
3359,0.7843137254901961,0.10387984981226533,0.2142857142857143,0.3677829555327383,0.5555555555555555,0,True,False,False,False,False,True,True,False,False
3360,0.7647058823529412,0.23814250571835485,0.6071428571428571,0.03699023247242188,0.16666666666666666,0,False,True,False,False,False,True,True,False,False
3361,0.5294117647058824,0.7457597859393208,0.7857142857142857,0.10394123686912565,0.9444444444444444,1,True,False,False,False,False,True,False,True,False
3362,0.4901960784313726,0.0728496827931466,0.9642857142857143,0.05738093357554696,0.7222222222222221,1,True,False,False,False,False,True,True,False,False
3363,0.9411764705882354,0.0499762634327392,0.7857142857142857,0.006647710817997525,0.4444444444444444,1,False,False,True,False,False,True,True,False,False
3364,0.019607843137254943,0.3070217081696949,0.5,0.07076850169812811,0.1111111111111111,1,True,False,False,False,False,True,True,False,False
3365,0.47058823529411764,0.027491260627508524,0.8928571428571428,0.1767632888397441,0.1111111111111111,1,False,True,False,False,True,False,False,False,True
3366,0.03921568627450983,0.12373225152129819,0.8571428571428571,0.010952268119948398,0.5555555555555555,1,True,False,False,False,False,True,False,True,False
3367,0.13725490196078433,0.06736869362565276,0.42857142857142855,0.007595503251454598,0.22222222222222224,0,False,False,True,False,False,True,False,True,False
3368,0.8431372549019608,0.005437831772474214,0.5357142857142857,0.01756048758655188,0.16666666666666666,0,False,True,False,False,False,True,False,False,True
3369,0.6274509803921569,0.05524146562513487,0.2142857142857143,0.15223915962404236,0.611111111111111,0,False,True,False,False,False,True,False,True,False
3370,0.8039215686274509,0.03992059039316387,0.5357142857142857,0.13557380933575547,0.611111111111111,1,True,False,False,False,True,False,False,True,False
3371,1.0,0.15001510508825686,0.42857142857142855,0.08767080009477923,0.16666666666666666,1,False,True,False,False,False,True,True,False,False
3372,0.6666666666666666,0.38474817660006044,0.4642857142857143,0.06650343574757128,0.1111111111111111,1,False,True,False,False,False,True,True,False,False
3373,0.09803921568627455,0.04039532173837987,0.5714285714285714,0.23085327646578735,0.05555555555555555,1,False,True,False,False,True,False,False,False,True
3374,0.7450980392156864,0.21600276207328126,0.39285714285714285,0.15326593476028752,0.16666666666666666,1,False,False,True,False,False,True,False,True,False
3375,1.0,0.007379914548357861,0.9999999999999999,0.1759734618118632,0.16666666666666666,1,False,True,False,False,False,True,False,True,False
3376,0.43137254901960786,0.09999568426049804,0.8214285714285714,0.17671063370455206,0.33333333333333326,1,False,True,False,False,False,True,False,True,False
3377,0.47058823529411764,0.009451469509300418,0.8214285714285714,0.1083905957928547,0.05555555555555555,1,True,False,False,False,False,True,True,False,False
3378,0.9607843137254902,0.35199171378015626,0.6785714285714285,0.06450254061027302,0.5555555555555555,1,False,False,True,False,True,False,False,True,False
3379,0.823529411764706,0.1882525570756549,0.42857142857142855,0.21063370455203642,0.22222222222222224,1,False,False,True,False,False,True,True,False,False
3380,0.3529411764705882,0.13888049717319062,0.8214285714285714,0.2742016165126504,0.6666666666666666,1,False,True,False,False,True,False,False,True,False
3381,0.07843137254901966,0.22485002805230678,0.6785714285714285,0.002540610273016876,0.16666666666666666,1,False,False,True,False,False,True,False,True,False
3382,0.9803921568627451,0.13499633162142333,0.5,0.005568280546560304,0.4444444444444444,1,False,True,False,False,False,True,True,False,False
3383,0.1960784313725491,0.449527426524535,0.8214285714285714,0.33572914198457204,0.33333333333333326,1,True,False,False,False,False,True,False,False,True
3384,0.21568627450980393,0.16205601829873548,0.7142857142857143,0.0341863465234447,0.6666666666666666,1,True,False,False,False,False,True,False,False,True
3385,0.17647058823529416,0.3347719131673212,0.10714285714285714,0.21762367374878233,0.5,1,False,True,False,False,True,False,False,False,True
3386,0.13725490196078433,0.09425575072288636,0.75,0.051852144380380695,0.33333333333333326,1,True,False,False,False,False,True,True,False,False
3387,0.4509803921568628,0.016140865737344096,0.03571428571428571,0.013348076771187111,0.9444444444444444,0,False,True,False,False,False,True,False,True,False
3388,0.5294117647058824,0.0972336109792413,0.9642857142857143,0.008832898928468,0.9444444444444444,1,False,False,True,False,False,True,False,True,False
3389,0.7843137254901961,0.017565059772992102,0.6071428571428571,0.017929073532896293,0.05555555555555555,0,False,True,False,False,True,False,True,False,False
3390,0.6862745098039217,0.11622286478788141,0.03571428571428571,0.030276702735434275,0.0,0,True,False,False,False,False,True,False,True,False
3391,0.7058823529411765,0.08527901255880196,0.8571428571428571,0.07061053629255193,0.6666666666666666,1,False,True,False,False,False,True,False,True,False
3392,0.3921568627450981,0.12614906564239783,0.5,0.12732011689440012,0.05555555555555555,1,False,True,False,False,False,True,False,True,False
3393,0.13725490196078433,0.0012947218505890985,0.8928571428571428,0.4525840507595503,0.16666666666666666,0,False,False,True,False,False,True,True,False,False
3394,0.1568627450980392,0.0280523067627638,0.6428571428571428,0.06134323249874944,0.4444444444444444,0,True,False,False,False,True,False,False,True,False
3395,0.9019607843137255,0.08752319709982306,0.5,0.07690282494800306,0.38888888888888884,1,False,False,True,False,False,True,False,True,False
3396,0.27450980392156865,0.389193388287083,0.8928571428571428,0.07769265197588396,0.9444444444444444,1,False,True,False,False,False,True,True,False,False
3397,0.9215686274509803,0.06266453756851237,0.6785714285714285,0.08164178711528843,0.8333333333333333,0,False,True,False,False,True,False,False,True,False
3398,0.8823529411764707,0.07151180354753787,0.3214285714285714,0.07679751467761894,0.16666666666666666,0,True,False,False,False,False,True,True,False,False
3399,0.7647058823529412,0.1624012774588926,0.9642857142857143,0.000934628649659058,0.16666666666666666,0,False,True,False,False,False,True,True,False,False
3400,0.33333333333333337,0.11984808596953088,0.8214285714285714,0.00018429297317220863,0.9444444444444444,0,False,True,False,False,True,False,False,True,False
3401,0.8039215686274509,0.045962625695912994,0.6785714285714285,0.01082063028196825,0.05555555555555555,1,True,False,False,False,True,False,False,False,True
3402,0.37254901960784315,0.06849078589616331,0.35714285714285715,0.011281362714898772,0.5555555555555555,0,False,True,False,False,True,False,False,True,False
3403,0.09803921568627455,0.031807000129472185,0.8928571428571428,0.12851802122001948,0.16666666666666666,0,False,True,False,False,True,False,True,False,False
3404,0.21568627450980393,0.43787492986923304,0.3214285714285714,0.02414237948555933,0.7222222222222221,0,False,True,False,False,True,False,True,False,False
3405,0.019607843137254943,0.01812610590824738,0.9999999999999999,0.23706658241845036,0.8888888888888888,0,True,False,False,False,True,False,False,False,True
3406,0.11764705882352944,0.06020456605239308,0.7857142857142857,0.27796645867888264,0.38888888888888884,0,True,False,False,False,True,False,True,False,False
3407,0.2941176470588236,0.003409434206551293,0.14285714285714285,0.39230708474844006,0.0,1,False,True,False,False,False,True,False,True,False
3408,0.03921568627450983,0.032454361054766734,0.2857142857142857,0.2946844641023616,1.0,1,True,False,False,False,False,True,True,False,False
3409,0.8627450980392156,0.19632298994432698,0.6785714285714285,0.03340968327936182,1.0,0,False,True,False,False,True,False,False,True,False
3410,0.03921568627450983,0.029088084243235078,0.6428571428571428,0.07507305900007899,0.33333333333333326,1,False,False,True,False,False,True,True,False,False
3411,0.5098039215686275,0.010789348754909153,0.42857142857142855,0.020311718400336992,0.0,0,False,False,True,False,False,True,False,True,False
3412,0.9607843137254902,0.08329377238789867,0.6071428571428571,0.17281415370033962,0.0,0,True,False,False,False,False,True,True,False,False
3413,0.823529411764706,0.0012947218505890985,0.5714285714285714,0.23095858673617142,0.5,0,False,True,False,False,False,True,False,True,False
3414,0.7647058823529412,0.011479867075223341,0.9285714285714285,0.2006950477845352,0.6666666666666666,1,True,False,False,False,False,True,True,False,False
3415,0.7254901960784313,0.21341331837210306,0.17857142857142855,0.05981623357817971,0.22222222222222224,1,True,False,False,False,True,False,True,False,False
3416,0.6274509803921569,0.19110094514695095,0.3214285714285714,0.14971171313482348,0.611111111111111,1,False,False,True,False,True,False,False,True,False
3417,0.5294117647058824,0.31936472314531095,0.03571428571428571,0.010807466498170236,0.1111111111111111,1,False,False,True,False,False,True,False,False,True
3418,0.0,0.24957921539855854,0.8214285714285714,0.0043308848695469025,1.0,0,False,False,True,False,False,True,True,False,False
3419,0.13725490196078433,0.08596953087911614,0.5,0.0,0.16666666666666666,1,False,True,False,False,False,True,False,True,False
3420,0.7058823529411765,0.006948340598161495,0.9642857142857143,0.05834188979280205,0.7777777777777777,0,False,False,True,False,True,False,False,True,False
3421,0.607843137254902,0.19770402658495534,0.9642857142857143,0.5702156227786115,0.6666666666666666,1,True,False,False,False,False,True,True,False,False
3422,0.9215686274509803,0.24181088429502395,0.7142857142857143,0.010781138930574204,0.5555555555555555,0,True,False,False,False,False,True,False,True,False
3423,0.823529411764706,0.20780285701955029,0.42857142857142855,0.20381486454466474,0.05555555555555555,1,False,True,False,False,False,True,False,False,True
3424,0.7058823529411765,0.09196840878684562,0.6071428571428571,0.06885975304741596,0.4444444444444444,0,False,True,False,False,True,False,False,True,False
3425,0.05882352941176472,0.034310129040611106,0.2142857142857143,0.18485901587552328,0.611111111111111,1,False,True,False,False,False,True,False,True,False
3426,0.5686274509803921,0.08596953087911614,0.03571428571428571,0.0,0.16666666666666666,1,False,True,False,False,False,True,False,False,True
3427,0.09803921568627455,0.16818436839152387,0.9999999999999999,0.2608403759576653,1.0,1,False,True,False,False,False,True,False,False,True
3428,0.8823529411764707,0.5115014457727332,0.4642857142857143,0.037240344364584156,0.5,1,False,False,True,False,False,True,False,True,False
3429,0.3529411764705882,0.0219239566699754,0.14285714285714285,0.31506200142168866,0.5555555555555555,1,False,True,False,False,True,False,True,False,False
3430,0.607843137254902,0.03310172198006128,0.6071428571428571,0.01732353947818761,0.33333333333333326,0,False,True,False,False,False,True,False,True,False
3431,0.1568627450980392,0.030814380044020543,0.35714285714285715,0.009004028117842193,0.6666666666666666,0,False,True,False,False,True,False,True,False,False
3432,0.21568627450980393,0.20361658970264554,0.3214285714285714,0.059500302767027356,0.4444444444444444,1,False,True,False,False,False,True,False,False,True
3433,0.1960784313725491,0.02680074230719434,0.35714285714285715,0.18556986020061605,0.611111111111111,1,False,False,True,False,True,False,False,True,False
3434,0.8823529411764707,0.008933580769064779,0.9285714285714285,0.06754337466761447,0.05555555555555555,1,False,True,False,False,False,True,False,True,False
3435,0.2941176470588236,0.8472228216304863,0.03571428571428571,0.18616223047152672,0.0,1,False,True,False,False,False,True,False,True,False
3436,0.0,0.0032368046264727463,0.5,0.13775899744622597,0.33333333333333326,1,False,False,True,False,False,True,False,True,False
3437,0.8627450980392156,0.23348150705623408,0.2142857142857143,0.024747913540268018,0.0,0,False,False,True,False,False,True,False,True,False
3438,0.3921568627450981,0.05886668680678434,0.2857142857142857,0.3131532527709765,0.8333333333333333,1,False,True,False,False,False,True,False,False,True
3439,0.5686274509803921,0.2385740796685512,0.14285714285714285,0.00660821946660348,0.16666666666666666,0,True,False,False,False,False,True,False,True,False
3440,0.23529411764705888,0.10469984031763843,0.2142857142857143,0.24068662296290447,0.38888888888888884,1,True,False,False,False,True,False,True,False,False
3441,0.6470588235294118,0.3002459971516119,0.6785714285714285,0.038227628149435276,0.8888888888888888,0,True,False,False,False,True,False,False,False,True
3442,0.05882352941176472,0.3374476716585387,0.03571428571428571,0.07303267251138668,1.0,0,False,True,False,False,False,True,True,False,False
3443,0.5294117647058824,0.0011652496655301886,0.07142857142857142,0.05778901087328542,0.16666666666666666,0,False,False,True,False,True,False,True,False,False
3444,0.7254901960784313,0.010141987829614604,0.03571428571428571,0.019850985967406472,0.16666666666666666,0,False,True,False,False,False,True,False,True,False
3445,0.5882352941176471,0.037287989296966036,0.7142857142857143,0.046691941131558855,0.38888888888888884,1,False,True,False,False,True,False,True,False,False
3446,0.5098039215686275,0.14328255146519359,0.75,0.022575889213595553,0.5,1,False,True,False,False,False,True,False,True,False
3447,0.07843137254901966,0.28375987225411076,0.7857142857142857,0.02401074164757918,0.8333333333333333,0,False,True,False,False,False,True,False,False,True
3448,0.47058823529411764,0.07975486599628846,0.6428571428571428,0.021812389753310693,1.0,1,False,False,True,False,False,True,False,True,False
3449,0.03921568627450983,0.1209270208450218,0.10714285714285714,0.07070268277913803,0.0,0,True,False,False,False,True,False,True,False,False
3450,0.6274509803921569,0.027059686677312157,0.8214285714285714,0.16840428612800465,0.22222222222222224,0,False,True,False,False,True,False,True,False,False
3451,0.05882352941176472,0.21164386517629796,0.6785714285714285,0.08863175631203433,0.05555555555555555,1,False,True,False,False,True,False,True,False,False
3452,0.47058823529411764,0.4429675024815502,0.2142857142857143,0.23556591106547664,0.8333333333333333,1,False,True,False,False,True,False,False,True,False
3453,0.37254901960784315,0.04048163652841915,0.9642857142857143,0.10658715741252665,0.6666666666666666,0,False,False,True,False,False,True,False,True,False
3454,0.6470588235294118,0.08842950239523542,0.75,0.12310770607903536,0.2777777777777778,1,True,False,False,False,False,True,False,False,True
3455,0.4901960784313726,0.011652496655301887,0.2142857142857143,0.11599926282810732,0.16666666666666666,0,True,False,False,False,True,False,False,True,False
3456,0.07843137254901966,0.10603771956324716,0.5714285714285714,0.06285706763552115,0.33333333333333326,0,True,False,False,False,False,True,False,True,False
3457,0.6666666666666666,0.08596953087911614,0.5,0.0,0.05555555555555555,1,False,False,False,True,True,False,True,False,False
3458,0.5294117647058824,0.020197660869189935,0.75,0.007608667035252614,0.5,0,True,False,False,False,True,False,False,False,True
3459,0.5490196078431373,0.07556859867938372,0.5357142857142857,0.20693468130479423,0.7222222222222221,0,False,True,False,False,False,True,False,True,False
3460,0.1568627450980392,0.05265202192395667,0.07142857142857142,0.15841297422531134,0.38888888888888884,1,False,False,True,False,True,False,True,False,False
3461,1.0,0.09550731517845583,0.5,0.029631677329331547,0.1111111111111111,1,True,False,False,False,False,True,True,False,False
3462,0.7254901960784313,0.11406499503689957,0.4642857142857143,0.1538714688149962,0.1111111111111111,0,True,False,False,False,False,True,False,True,False
3463,0.9607843137254902,0.001122092270510552,0.5,0.00134270594739752,0.05555555555555555,0,False,False,True,False,True,False,True,False,False
3464,0.09803921568627455,0.18531785421431962,0.4642857142857143,0.025801016244109208,0.8888888888888888,1,True,False,False,False,False,True,False,False,True
3465,0.3529411764705882,0.16162444434853915,0.2142857142857143,0.007095279467130031,1.0,1,True,False,False,False,False,True,False,False,True
3466,0.8431372549019608,0.05903931638686289,0.8571428571428571,0.1595582234157386,0.5,1,False,False,True,False,True,False,False,True,False
3467,0.1960784313725491,0.0070346553882007674,0.07142857142857142,0.1485006450254061,0.611111111111111,0,False,True,False,False,False,True,True,False,False
3468,0.019607843137254943,0.18208104958784688,0.5714285714285714,0.1769212542453203,0.5555555555555555,1,False,True,False,False,False,True,True,False,False
3469,0.9019607843137255,0.4020111346079151,0.3214285714285714,0.00047389621672853645,0.4444444444444444,0,True,False,False,False,False,True,False,True,False
3470,0.8431372549019608,0.035561693496180574,0.5,0.07325645683595293,0.6666666666666666,0,False,True,False,False,False,True,True,False,False
3471,0.8431372549019608,0.05062362435803375,0.9999999999999999,0.12850485743622148,0.2777777777777778,1,True,False,False,False,False,True,False,True,False
3472,0.1568627450980392,0.026282853566958697,0.17857142857142855,0.017784271911118133,0.7222222222222221,0,True,False,False,False,False,True,False,True,False
3473,0.3921568627450981,0.1113892365456821,0.9642857142857143,0.11049680120053708,0.5555555555555555,0,True,False,False,False,False,True,False,True,False
3474,0.4509803921568628,0.02179448448491649,0.5714285714285714,0.009254140010004476,0.22222222222222224,1,False,False,True,False,False,True,False,True,False
3475,0.6470588235294118,0.05701091882093997,0.5714285714285714,0.02107521786062186,0.05555555555555555,0,False,True,False,False,True,False,True,False,False
3476,0.4117647058823529,0.15458978896033834,0.4642857142857143,0.06801727088434299,0.33333333333333326,1,True,False,False,False,False,True,False,True,False
3477,0.03921568627450983,0.10633982132838463,0.8214285714285714,0.11162888660716636,0.8888888888888888,1,True,False,False,False,True,False,True,False,False
3478,0.21568627450980393,0.06326874109878727,0.8571428571428571,0.016599531369296792,0.2777777777777778,0,False,True,False,False,True,False,False,True,False
3479,0.5294117647058824,0.07056234085710587,0.6071428571428571,0.021575441644946423,0.7222222222222221,0,False,True,False,False,False,True,True,False,False
3480,0.5686274509803921,0.10690086746363989,0.8571428571428571,0.02408972435036727,0.16666666666666666,1,False,False,True,False,False,True,False,False,True
3481,0.4901960784313726,0.000776833110353459,0.14285714285714285,0.028723376247268517,0.1111111111111111,1,True,False,False,False,False,True,False,True,False
3482,0.9215686274509803,0.010573561779810971,0.9999999999999999,0.027051575704920623,0.5555555555555555,1,True,False,False,False,False,True,True,False,False
3483,0.3921568627450981,0.27586206896551724,0.25,0.05294473843561593,0.0,0,True,False,False,False,False,True,True,False,False
3484,0.5294117647058824,0.010487246989771697,0.2142857142857143,0.11170786930995445,0.7222222222222221,0,False,True,False,False,False,True,True,False,False
3485,0.4901960784313726,0.15886237106728238,0.7857142857142857,0.0606850433088487,0.2777777777777778,0,False,True,False,False,True,False,False,True,False
3486,0.6274509803921569,0.32708989685382595,0.10714285714285714,0.15754416449464234,0.8888888888888888,0,False,True,False,False,True,False,True,False,False
3487,0.3921568627450981,0.04087005308359588,0.6071428571428571,0.13378353473922544,0.8888888888888888,0,False,False,True,False,True,False,False,True,False
3488,0.6666666666666666,0.059902464287255625,0.14285714285714285,0.014243214069452123,0.5555555555555555,0,False,True,False,False,False,True,False,True,False
3489,1.0,0.10892926502956281,0.5357142857142857,0.005278677303003975,0.33333333333333326,0,False,False,True,False,True,False,True,False,False
3490,0.6470588235294118,0.2763799577057529,0.4642857142857143,0.22149382618539873,0.6666666666666666,1,False,False,True,False,True,False,False,True,False
3491,0.7843137254901961,0.3684346812826378,0.9285714285714285,0.008767080009477925,0.38888888888888884,0,False,False,True,False,False,True,True,False,False
3492,0.9803921568627451,0.17418324629925339,0.9285714285714285,0.016915462180449148,0.38888888888888884,1,False,True,False,False,False,True,True,False,False
3493,0.9019607843137255,0.01173881144534116,0.6428571428571428,0.0023563172998446675,0.4444444444444444,1,False,False,True,False,False,True,False,False,True
3494,0.33333333333333337,0.1431962366751543,0.4642857142857143,0.104230840112682,0.33333333333333326,1,False,True,False,False,True,False,False,True,False
3495,0.1960784313725491,0.06836131371110439,0.2857142857142857,0.09194902982913408,0.4444444444444444,0,False,True,False,False,False,True,False,False,True
3496,0.43137254901960786,0.0823874670924863,0.17857142857142855,0.4565595134665508,0.5555555555555555,1,False,True,False,False,False,True,True,False,False
3497,0.9215686274509803,0.08596953087911614,0.5,0.0,0.05555555555555555,0,False,False,True,False,False,True,False,True,False
3498,0.4117647058823529,0.027448103232488887,0.6428571428571428,0.05572229681699708,0.9444444444444444,1,False,True,False,False,False,True,False,True,False
3499,0.3137254901960784,0.20236502524707609,0.39285714285714285,0.04891662059342337,0.1111111111111111,0,True,False,False,False,True,False,True,False,False
3500,0.07843137254901966,0.07833067196064045,0.10714285714285714,0.03709554274280599,0.9444444444444444,0,False,True,False,False,False,True,False,False,True
3501,0.8431372549019608,0.04648051443614863,0.5357142857142857,0.017415685964773716,0.8333333333333333,0,False,True,False,False,True,False,True,False,False
3502,0.1960784313725491,0.06275085235855163,0.8571428571428571,0.01565173893583972,0.38888888888888884,0,False,True,False,False,True,False,True,False,False
3503,0.5686274509803921,0.24949290060851928,0.35714285714285715,0.014940894610746913,0.38888888888888884,1,False,False,True,False,True,False,False,True,False
3504,0.27450980392156865,0.17897371714643304,0.75,0.012755706500276439,0.2777777777777778,1,True,False,False,False,False,True,False,True,False
3505,0.5098039215686275,0.04117215484873333,0.10714285714285714,0.0289734881394308,0.05555555555555555,0,False,False,True,False,False,True,False,True,False
3506,0.6666666666666666,0.01618402313236373,0.5714285714285714,0.03856988652818366,0.8333333333333333,1,True,False,False,False,False,True,True,False,False
3507,0.6274509803921569,0.037590091062103495,0.25,0.34321933496564255,0.4444444444444444,1,False,False,True,False,False,True,False,True,False
3508,0.37254901960784315,0.3282551465193561,0.4642857142857143,0.09097490982808099,1.0,1,True,False,False,False,True,False,False,True,False
3509,0.2941176470588236,0.11281343058133012,0.9285714285714285,0.4622857594186873,0.7777777777777777,1,True,False,False,False,False,True,False,True,False
3510,0.6470588235294118,0.09870096240990894,0.03571428571428571,0.049074585998999554,0.05555555555555555,1,True,False,False,False,False,True,False,False,True
3511,0.019607843137254943,0.11747442924345086,0.35714285714285715,0.06442355790748493,0.7777777777777777,1,False,True,False,False,False,True,True,False,False
3512,0.6666666666666666,0.05899615899184325,0.35714285714285715,0.04132111734196878,0.5555555555555555,1,True,False,False,False,False,True,False,True,False
3513,0.7647058823529412,0.21306805921194596,0.8214285714285714,0.02127267461759208,0.611111111111111,1,True,False,False,False,True,False,False,False,True
3514,0.5294117647058824,0.0959388891286522,0.75,0.016270436774346416,0.7777777777777777,1,True,False,False,False,False,True,False,True,False
3515,0.9019607843137255,0.016054550947304822,0.8214285714285714,0.30559724087091594,0.8333333333333333,0,True,False,False,False,False,True,False,True,False
3516,0.7450980392156864,0.017910318933149198,0.17857142857142855,0.455822341573862,0.2777777777777778,1,False,True,False,False,False,True,False,True,False
3517,0.09803921568627455,0.09965042510034094,0.7142857142857143,0.004844272437669484,0.1111111111111111,1,True,False,False,False,False,True,False,True,False
3518,0.1568627450980392,0.3570411289974537,0.7142857142857143,0.017152410288813418,0.2777777777777778,0,False,True,False,False,False,True,False,True,False
3519,0.37254901960784315,0.0477320788917181,0.4642857142857143,0.05801279519785167,0.1111111111111111,0,True,False,False,False,True,False,True,False,False
3520,0.0,0.26369168356997974,0.3214285714285714,0.021720243266724587,0.6666666666666666,0,True,False,False,False,False,True,True,False,False
3521,0.13725490196078433,0.18700099262008543,0.8928571428571428,0.047639733565015926,0.611111111111111,1,False,False,True,False,False,True,True,False,False
3522,0.43137254901960786,0.036856415346769665,0.9285714285714285,0.014559144880604481,0.38888888888888884,0,False,True,False,False,True,False,True,False,False
3523,0.03921568627450983,0.004790470847179665,0.25,0.0642129373667167,0.05555555555555555,0,False,True,False,False,True,False,False,False,True
3524,0.05882352941176472,0.01389668119632299,0.2142857142857143,0.03338335571176579,0.33333333333333326,0,False,True,False,False,False,True,False,True,False
3525,0.47058823529411764,0.1687885719217988,0.25,0.04567832977911171,0.8888888888888888,1,False,True,False,False,True,False,True,False,False
3526,0.9019607843137255,0.028829139873117256,0.9642857142857143,0.0,0.33333333333333326,0,True,False,False,False,True,False,True,False,False
3527,0.7254901960784313,0.060075093867334166,0.25,0.05885527736092463,0.0,0,True,False,False,False,False,True,False,False,True
3528,0.27450980392156865,0.09019895559104052,0.7857142857142857,0.43069267830345154,0.16666666666666666,0,True,False,False,False,False,True,False,True,False
3529,0.3921568627450981,0.1673643778861508,0.03571428571428571,0.04199247031566754,0.7777777777777777,0,False,False,True,False,True,False,False,True,False
3530,0.6666666666666666,0.015579819602088818,0.9285714285714285,0.22020377537319327,0.16666666666666666,0,False,True,False,False,False,True,True,False,False
3531,0.8823529411764707,0.06749816581071166,0.5357142857142857,0.19511360345417686,0.611111111111111,0,False,True,False,False,False,True,True,False,False
3532,1.0,0.0859263734840965,0.2857142857142857,0.31990627385935816,0.8333333333333333,0,False,True,False,False,False,True,False,True,False
3533,0.2549019607843137,0.10077251737085151,0.42857142857142855,0.1644024958534081,0.9444444444444444,1,False,False,True,False,False,True,True,False,False
3534,0.6862745098039217,0.22083639031548055,0.7857142857142857,0.11348498012268646,0.7222222222222221,1,True,False,False,False,False,True,False,True,False
3535,0.21568627450980393,0.024383928186094687,0.39285714285714285,0.20451254508595954,0.7222222222222221,0,True,False,False,False,True,False,False,False,True
3536,0.3137254901960784,0.21354279055716197,0.9285714285714285,0.008280020008951373,0.5555555555555555,1,False,True,False,False,False,True,False,True,False
3537,0.7450980392156864,0.1528634931595529,0.75,0.06545033304373009,0.8333333333333333,0,False,True,False,False,True,False,False,True,False
3538,0.1568627450980392,0.10508825687281516,0.8571428571428571,0.47741094700260645,0.7777777777777777,1,False,False,True,False,True,False,False,True,False
3539,0.6666666666666666,0.15566872383582928,0.9999999999999999,0.154595476923887,0.2777777777777778,1,False,True,False,False,False,True,True,False,False
3540,0.23529411764705888,0.06874973026628113,0.5714285714285714,0.34458836848063606,0.6666666666666666,0,True,False,False,False,True,False,False,True,False
3541,0.27450980392156865,0.019291355573777567,0.9285714285714285,0.1592817839559803,0.8888888888888888,1,False,True,False,False,False,True,True,False,False
3542,0.33333333333333337,0.1419015148245652,0.03571428571428571,0.2188873969933918,0.16666666666666666,1,False,True,False,False,False,True,False,False,True
3543,0.9803921568627451,0.09628414828880928,0.42857142857142855,0.12911039149093015,0.611111111111111,1,True,False,False,False,True,False,False,True,False
3544,0.6274509803921569,0.08596953087911614,0.5,0.0,0.9444444444444444,0,False,False,False,True,True,False,True,False,False
3545,0.09803921568627455,0.05338569763929049,0.8928571428571428,0.0779954190032383,0.38888888888888884,1,True,False,False,False,False,True,False,True,False
3546,0.5098039215686275,0.3073238099348323,0.9642857142857143,0.27171366137482555,0.611111111111111,1,True,False,False,False,False,True,False,True,False
3547,0.43137254901960786,0.11462604117215484,0.6428571428571428,0.18358212884711583,0.16666666666666666,1,True,False,False,False,False,True,False,True,False
3548,0.5098039215686275,0.011566181865262613,0.35714285714285715,0.19557433588710738,0.38888888888888884,1,True,False,False,False,False,True,False,True,False
3549,0.6470588235294118,0.07733805187518882,0.14285714285714285,0.11772371850564728,0.05555555555555555,0,True,False,False,False,True,False,True,False,False
3550,0.8823529411764707,0.1828147253031807,0.0,0.0382539557170313,0.16666666666666666,1,False,True,False,False,True,False,False,True,False
3551,0.7254901960784313,0.20465236718311683,0.6785714285714285,0.0038174973014243213,0.611111111111111,0,True,False,False,False,False,True,False,False,True
3552,0.2549019607843137,0.08834318760519615,0.42857142857142855,0.28891872679883107,0.5,1,True,False,False,False,True,False,True,False,False
3553,0.6862745098039217,0.2914850459626257,0.25,0.09289682226259115,0.7777777777777777,1,False,True,False,False,False,True,True,False,False
3554,0.13725490196078433,0.04035216434336023,0.17857142857142855,0.037279835715978205,0.4444444444444444,1,False,False,True,False,False,True,False,False,True
3555,0.6666666666666666,0.06844762850114366,0.9999999999999999,0.017007608667035254,0.4444444444444444,0,True,False,False,False,False,True,False,False,True
3556,0.3529411764705882,0.296318674204825,0.5714285714285714,0.1863070320933049,0.33333333333333326,1,False,False,True,False,False,True,True,False,False
3557,0.5686274509803921,0.2933839713434897,0.39285714285714285,0.19073006344943788,0.05555555555555555,0,False,False,True,False,False,True,True,False,False
3558,0.2549019607843137,0.08596953087911614,0.5,0.0,0.33333333333333326,1,False,False,False,True,True,False,False,True,False
3559,0.37254901960784315,0.2536360105304044,0.07142857142857142,0.1090882763341495,0.4444444444444444,1,True,False,False,False,False,True,True,False,False
3560,0.9411764705882354,0.012040913210478616,0.4642857142857143,0.047995155727562334,0.9444444444444444,1,False,True,False,False,False,True,True,False,False
3561,0.47058823529411764,0.25924647188295713,0.8928571428571428,0.03817497301424321,0.611111111111111,1,False,True,False,False,False,True,False,False,True
3562,0.7647058823529412,0.05006257822277847,0.25,0.0009083010820630282,0.33333333333333326,1,False,False,True,False,False,True,False,True,False
3563,0.4509803921568628,0.025419705666565966,0.35714285714285715,0.1888608061501198,1.0,0,True,False,False,False,False,True,False,True,False
3564,0.2549019607843137,0.03543222131112166,0.9285714285714285,0.009635889740146909,0.8333333333333333,1,False,True,False,False,False,True,False,True,False
3565,0.4901960784313726,0.07008760951188986,0.4642857142857143,0.10491535687017876,0.38888888888888884,0,True,False,False,False,True,False,False,False,True
3566,0.7254901960784313,0.03746061887704458,0.25,0.07386199089066162,1.0,0,False,False,True,False,True,False,False,True,False
3567,0.43137254901960786,0.050019420827758836,0.9999999999999999,0.07877208224732117,0.2777777777777778,1,True,False,False,False,True,False,True,False,False
3568,0.4117647058823529,0.018773466833541926,0.07142857142857142,0.27521522786509756,0.05555555555555555,0,True,False,False,False,True,False,True,False,False
3569,0.9215686274509803,0.045487894350696986,0.2142857142857143,0.0033830924360898295,0.05555555555555555,0,True,False,False,False,False,True,False,True,False
3570,0.3529411764705882,0.1099650425100341,0.9642857142857143,0.15633309638522497,0.38888888888888884,1,False,True,False,False,True,False,True,False,False
3571,0.8823529411764707,0.08596953087911614,0.5,0.0,0.5,1,False,True,False,False,False,True,True,False,False
3572,0.9803921568627451,0.05511199344007595,0.10714285714285714,0.0040939367611826346,0.5555555555555555,0,True,False,False,False,False,True,False,True,False
3573,0.03921568627450983,0.17767899529584394,0.8571428571428571,0.059158044388278964,0.1111111111111111,0,False,True,False,False,True,False,True,False,False
3574,0.8039215686274509,0.2899745371369384,0.5357142857142857,0.006858331358765764,0.8333333333333333,1,True,False,False,False,True,False,False,False,True
3575,0.3529411764705882,0.18303051227827888,0.42857142857142855,0.16392859963667958,0.1111111111111111,1,True,False,False,False,False,True,False,False,True
3576,0.1568627450980392,0.052220447973760305,0.6785714285714285,0.0794171076534239,0.38888888888888884,1,True,False,False,False,False,True,True,False,False
3577,0.5294117647058824,0.17664321781537265,0.6428571428571428,0.0031066529763315166,1.0,0,False,True,False,False,False,True,True,False,False
3578,0.37254901960784315,0.021362910534720125,0.14285714285714285,0.004357212437142932,0.611111111111111,0,False,True,False,False,False,True,False,True,False
3579,0.8627450980392156,0.018082948513227743,0.7857142857142857,0.09988679145933707,0.9444444444444444,1,False,True,False,False,False,True,False,False,True
3580,0.11764705882352944,0.054896206464977775,0.14285714285714285,0.17276149856514758,0.6666666666666666,0,True,False,False,False,False,True,False,True,False
3581,0.2549019607843137,0.08596953087911614,0.5,0.0,0.5555555555555555,1,False,False,False,True,True,False,True,False,False
3582,0.1568627450980392,0.03659747097665185,0.8214285714285714,0.08516968117315642,0.6666666666666666,1,True,False,False,False,False,True,False,True,False
3583,0.3529411764705882,0.008458849423848776,0.10714285714285714,0.16940473369665376,0.1111111111111111,0,False,True,False,False,True,False,False,True,False
3584,0.9019607843137255,0.018298735488325925,0.03571428571428571,0.09929442118842641,0.2777777777777778,0,True,False,False,False,False,True,False,True,False
3585,1.0,0.2534202235553062,0.8928571428571428,0.026814627596556357,0.1111111111111111,1,False,True,False,False,False,True,True,False,False
3586,0.2549019607843137,0.08596953087911614,0.5,0.0,0.0,1,False,False,False,True,True,False,True,False,False
3587,0.7254901960784313,0.03780587803720167,0.5357142857142857,0.10421767632888398,0.7222222222222221,0,False,True,False,False,True,False,True,False,False
3588,0.6862745098039217,0.10491562729273661,0.75,0.1394966169075639,0.33333333333333326,1,False,True,False,False,False,True,False,True,False
3589,0.7647058823529412,0.09710413879418238,0.03571428571428571,0.10213779848879763,0.4444444444444444,1,False,False,True,False,False,True,False,False,True
3590,0.3137254901960784,0.13793103448275862,0.6428571428571428,0.36665087012610903,0.0,1,False,True,False,False,False,True,False,True,False
3591,0.5686274509803921,0.03439644383065038,0.5714285714285714,0.023141931916910195,0.5,1,True,False,False,False,True,False,False,True,False
3592,0.1568627450980392,0.08596953087911614,0.5,0.0,0.6666666666666666,1,False,False,True,False,False,True,True,False,False
3593,0.6274509803921569,0.04790470847179664,0.8571428571428571,0.08139167522312614,0.611111111111111,0,True,False,False,False,False,True,False,False,True
3594,1.0,0.15338138189978853,0.6071428571428571,0.11738146012689887,0.16666666666666666,1,False,False,True,False,False,True,False,True,False
3595,0.47058823529411764,0.002114712355962194,0.9642857142857143,0.01103125082273649,0.33333333333333326,0,False,True,False,False,False,True,True,False,False
3596,0.2549019607843137,0.060377195632471625,0.7857142857142857,0.0504436195139931,0.5,0,False,True,False,False,False,True,True,False,False
3597,0.1960784313725491,0.0561046135255276,0.7142857142857143,0.15449016665350288,0.33333333333333326,1,False,True,False,False,True,False,False,False,True
3598,0.6666666666666666,0.10150619308618532,0.6071428571428571,0.12924202932891032,0.7777777777777777,1,False,True,False,False,True,False,False,True,False
3599,0.7843137254901961,0.009796728669457511,0.25,0.004317721085748887,1.0,0,False,True,False,False,False,True,True,False,False
3600,0.2549019607843137,0.08596953087911614,0.5,0.0,0.33333333333333326,1,False,False,False,True,True,False,False,True,False
3601,0.5686274509803921,0.031807000129472185,0.5,0.009728036226733012,0.7222222222222221,1,True,False,False,False,True,False,False,True,False
3602,0.7843137254901961,0.08596953087911614,0.5,0.0,0.7222222222222221,1,False,False,False,True,True,False,False,True,False
3603,0.05882352941176472,0.2104786155107678,0.42857142857142855,0.23967301161045731,0.9444444444444444,1,False,True,False,False,False,True,False,False,True
3604,0.05882352941176472,0.10685771006862027,0.5357142857142857,0.002237843245662533,0.5,0,False,True,False,False,True,False,False,True,False
3605,0.5294117647058824,0.1748306072245479,0.75,0.20603954400652924,0.1111111111111111,0,False,True,False,False,False,True,False,False,True
3606,0.13725490196078433,0.1403910059988779,0.6785714285714285,0.26523707974620225,0.2777777777777778,1,False,True,False,False,True,False,False,True,False
3607,0.019607843137254943,0.05688144663588106,0.42857142857142855,0.045941605455072004,0.4444444444444444,0,True,False,False,False,True,False,False,False,True
3608,0.7843137254901961,0.21423330887747616,0.6785714285714285,0.13386251744201352,0.7222222222222221,0,False,True,False,False,False,True,True,False,False
3609,0.8823529411764707,0.04518579258555954,0.03571428571428571,0.06146170655293157,0.38888888888888884,0,False,True,False,False,False,True,False,True,False
3610,0.4117647058823529,0.109619783349877,0.07142857142857142,0.11214227417528895,0.0,0,True,False,False,False,True,False,True,False,False
3611,0.7843137254901961,0.17711794916058865,0.5,0.04380907247979359,0.1111111111111111,1,False,False,True,False,False,True,False,True,False
3612,0.2941176470588236,0.061671917483060716,0.7857142857142857,0.04100518653081642,0.2777777777777778,0,True,False,False,False,True,False,False,True,False
3613,0.5490196078431373,0.04669630141124682,0.6428571428571428,0.058170760603427844,0.0,0,True,False,False,False,True,False,True,False,False
3614,0.9411764705882354,0.07962539381122954,0.42857142857142855,0.01657320380170076,0.9444444444444444,0,False,True,False,False,True,False,True,False,False
3615,0.9215686274509803,0.22057744594536274,0.14285714285714285,0.18730747966195402,0.5,1,False,True,False,False,True,False,True,False,False
3616,0.5686274509803921,0.3441370678865823,0.8928571428571428,0.045151778427191105,0.8888888888888888,1,False,True,False,False,True,False,False,False,True
3617,0.21568627450980393,0.10198092443140132,0.75,0.053826711950082935,0.0,0,False,True,False,False,False,True,False,True,False
3618,0.6666666666666666,0.14021837641879936,0.17857142857142855,0.23640839322854962,0.38888888888888884,1,False,False,True,False,False,True,False,False,True
3619,0.1960784313725491,0.3024470242976134,0.4642857142857143,0.07228233683489982,0.611111111111111,1,True,False,False,False,True,False,False,False,True
3620,0.8823529411764707,0.013421949851106986,0.10714285714285714,0.08276070873811968,1.0,1,False,True,False,False,True,False,False,True,False
3621,0.9607843137254902,0.034180656855552195,0.75,0.33014769765421376,0.7222222222222221,1,False,True,False,False,True,False,False,True,False
3622,0.3921568627450981,0.15976867636269476,0.6428571428571428,0.22936576889661167,1.0,1,False,True,False,False,False,True,True,False,False
3623,0.3921568627450981,0.22472055586724785,0.7857142857142857,0.01954821894005213,0.8888888888888888,1,True,False,False,False,True,False,True,False,False
3624,0.07843137254901966,0.25182339993957964,0.2142857142857143,0.06750388331622041,0.8333333333333333,1,False,True,False,False,True,False,False,True,False
3625,0.9215686274509803,0.06944024858659531,0.10714285714285714,0.3739304425664113,1.0,1,False,True,False,False,False,True,False,True,False
3626,0.37254901960784315,0.012127228000517888,0.03571428571428571,0.04904825843140352,0.22222222222222224,0,True,False,False,False,False,True,True,False,False
3627,0.7058823529411765,0.07457597859393207,0.9285714285714285,0.04891662059342337,1.0,1,False,True,False,False,True,False,True,False,False
3628,0.03921568627450983,0.03396486988045402,0.2142857142857143,0.022852328673353867,0.16666666666666666,0,False,True,False,False,False,True,False,True,False
3629,0.8431372549019608,0.04458158905528462,0.07142857142857142,0.012782034067872471,0.22222222222222224,0,False,True,False,False,True,False,False,False,True
3630,0.6274509803921569,0.19157567649216695,0.5,0.14198457204538872,0.22222222222222224,1,False,True,False,False,True,False,True,False,False
3631,0.1568627450980392,0.010185145224634241,0.0,0.15477976989705922,0.0,1,False,True,False,False,False,True,False,True,False
3632,0.1568627450980392,0.22756894393854385,0.03571428571428571,0.36586104309822814,0.9444444444444444,1,False,True,False,False,False,True,True,False,False
3633,0.05882352941176472,0.07224547926287168,0.3214285714285714,0.15634626016902298,0.7777777777777777,1,True,False,False,False,False,True,False,True,False
3634,0.6666666666666666,0.11734495705839196,0.5357142857142857,0.029368401653371245,1.0,0,True,False,False,False,True,False,True,False,False
3635,0.3137254901960784,0.012170385395537525,0.8571428571428571,0.004317721085748887,0.7222222222222221,0,True,False,False,False,False,True,False,True,False
3636,0.6470588235294118,0.05329938284925122,0.9642857142857143,0.44538346102203613,0.2777777777777778,0,False,False,True,False,True,False,False,True,False
3637,0.4509803921568628,0.012170385395537525,0.5,0.04383540004738962,0.9444444444444444,0,False,True,False,False,False,True,False,True,False
3638,0.607843137254902,0.4218635363169479,0.8214285714285714,0.03937287733986257,0.38888888888888884,1,False,False,True,False,False,True,False,True,False
3639,0.0,0.21315437400198525,0.5,0.24895347918805782,0.22222222222222224,1,False,True,False,False,True,False,True,False,False
3640,0.13725490196078433,0.07971170860126882,0.4642857142857143,0.09264671037042888,0.38888888888888884,1,False,True,False,False,False,True,True,False,False
3641,0.8627450980392156,0.03275646281990419,0.75,0.025471921649158836,0.2777777777777778,0,False,True,False,False,False,True,False,True,False
3642,0.43137254901960786,0.3508696215096457,0.4642857142857143,0.23159044835847617,0.5,1,False,True,False,False,True,False,False,True,False
3643,0.9019607843137255,0.054723576884899226,0.17857142857142855,0.5281046784087619,0.1111111111111111,1,False,False,True,False,False,True,False,False,True
3644,0.7647058823529412,0.022743947175348493,0.4642857142857143,0.009543743253560803,0.6666666666666666,1,False,True,False,False,False,True,False,True,False
3645,0.21568627450980393,0.107246126623797,0.5714285714285714,0.20876444725271834,0.33333333333333326,0,False,True,False,False,True,False,False,True,False
3646,0.21568627450980393,0.3726641059945621,0.6071428571428571,0.05214174762393702,0.16666666666666666,1,False,True,False,False,False,True,True,False,False
3647,0.8823529411764707,0.0005178887402356394,0.6785714285714285,0.07819287576020852,0.6666666666666666,1,False,True,False,False,False,True,False,False,True
3648,0.9019607843137255,0.03521643433602348,0.6428571428571428,0.2593791959560856,0.2777777777777778,1,False,True,False,False,False,True,False,False,True
3649,0.27450980392156865,0.36096845194424065,0.5714285714285714,0.38185504041281626,0.8333333333333333,0,False,True,False,False,False,True,True,False,False
3650,0.7843137254901961,0.024297613396055413,0.5357142857142857,0.03201432219677224,0.0,0,False,True,False,False,False,True,False,True,False
3651,0.3529411764705882,0.015579819602088818,0.25,0.025208645973198534,0.6666666666666666,0,False,False,True,False,True,False,True,False,False
3652,0.4901960784313726,0.10931768158473953,0.2142857142857143,0.008846062712266014,0.05555555555555555,0,False,True,False,False,False,True,False,True,False
3653,1.0,0.25626861162660225,0.6785714285714285,0.08689413685069637,1.0,0,False,True,False,False,True,False,False,True,False
3654,0.5490196078431373,0.08596953087911614,0.9642857142857143,0.0,0.2777777777777778,0,True,False,False,False,True,False,True,False,False
3655,0.4117647058823529,0.6751542876871952,0.39285714285714285,0.055906589790169284,0.5555555555555555,0,False,False,True,False,True,False,True,False,False
3656,0.7647058823529412,0.1472098744119805,0.2857142857142857,0.00802990811678909,0.8888888888888888,1,False,True,False,False,False,True,False,True,False
3657,0.3921568627450981,0.009969358249536058,0.9285714285714285,0.05472184924834795,0.4444444444444444,1,False,True,False,False,False,True,False,True,False
3658,0.9803921568627451,0.6393336498208968,0.4642857142857143,0.0042913935181528575,0.22222222222222224,0,False,False,True,False,True,False,False,False,True
3659,0.7254901960784313,0.06784342497086876,0.6785714285714285,0.18988758128636496,0.22222222222222224,0,False,True,False,False,False,True,False,False,True
3660,0.37254901960784315,0.043891070734970436,0.0,0.02478740489166206,0.8333333333333333,0,True,False,False,False,True,False,True,False,False
3661,0.5490196078431373,0.10569246040309006,0.3214285714285714,0.04191348761287945,0.16666666666666666,0,False,True,False,False,False,True,True,False,False
3662,0.9803921568627451,0.08596953087911614,0.5,0.0,0.6666666666666666,0,False,False,True,False,False,True,False,False,True
3663,0.05882352941176472,0.011695654050321523,0.5714285714285714,0.1444330358318195,0.8888888888888888,1,False,False,True,False,True,False,True,False,False
3664,0.11764705882352944,0.00017262958007854647,0.5714285714285714,0.026037964352473478,0.4444444444444444,0,True,False,False,False,True,False,True,False,False
3665,0.5294117647058824,0.08596953087911614,0.5,0.0,0.6666666666666666,0,False,True,False,False,True,False,False,True,False
3666,0.5294117647058824,0.23477622890682318,0.5714285714285714,0.13244082879182792,0.8333333333333333,1,False,True,False,False,True,False,False,True,False
3667,0.05882352941176472,0.1099650425100341,0.6071428571428571,0.05218123897533107,0.5,1,False,True,False,False,False,True,True,False,False
3668,0.4117647058823529,0.9244314013206162,0.6785714285714285,0.1529894953005292,0.5,1,False,False,True,False,True,False,False,True,False
3669,0.21568627450980393,0.04376159854991153,0.7857142857142857,0.06206724060764026,0.8333333333333333,1,False,False,True,False,False,True,False,True,False
3670,0.8627450980392156,0.04259634888438134,0.03571428571428571,0.04471737356185662,0.0,0,False,True,False,False,False,True,True,False,False
3671,0.03921568627450983,0.02252816020025031,0.25,0.06318616223047152,0.5555555555555555,0,True,False,False,False,False,True,False,True,False
3672,0.4117647058823529,0.023218678520564497,0.42857142857142855,0.14538082826527657,0.6666666666666666,1,False,True,False,False,True,False,False,False,True
3673,0.8431372549019608,0.04345949678477407,0.7857142857142857,0.24484637864307718,0.9444444444444444,0,False,True,False,False,False,True,False,True,False
3674,0.019607843137254943,0.2038323766777437,0.8571428571428571,0.00537082378959008,0.22222222222222224,1,True,False,False,False,False,True,True,False,False
3675,0.4509803921568628,0.30581330110914506,0.75,0.07820603954400653,0.16666666666666666,1,False,True,False,False,False,True,True,False,False
3676,0.6470588235294118,0.4780544646325148,0.6785714285714285,0.0035147302740699787,0.2777777777777778,1,False,True,False,False,False,True,True,False,False
3677,0.5098039215686275,0.03422381425057183,0.75,0.06654292709896532,0.7777777777777777,0,False,True,False,False,True,False,False,True,False
3678,0.7843137254901961,0.2759052263605369,0.5,0.22802306294921412,0.05555555555555555,1,True,False,False,False,True,False,True,False,False
3679,0.0,0.05152992965344612,0.6785714285714285,0.04725798383487349,0.16666666666666666,1,False,False,True,False,False,True,False,False,True
3680,0.13725490196078433,0.015493504812049544,0.7857142857142857,0.2837980149014033,0.7222222222222221,1,False,False,True,False,False,True,False,False,True
3681,0.43137254901960786,0.2641664149151957,0.2857142857142857,0.10487586551878472,0.16666666666666666,1,True,False,False,False,False,True,True,False,False
3682,0.7254901960784313,0.13089637909455784,0.07142857142857142,0.2864965905799963,0.9444444444444444,1,True,False,False,False,True,False,False,False,True
3683,0.09803921568627455,0.08596953087911614,0.5,0.0,0.8333333333333333,1,False,False,False,True,True,False,False,True,False
3684,0.4117647058823529,0.0727202106080877,0.03571428571428571,0.01149198325566701,0.4444444444444444,0,False,False,True,False,True,False,False,False,True
3685,0.47058823529411764,0.08596953087911614,0.5,0.0,0.38888888888888884,0,True,False,False,False,True,False,False,False,True
3686,0.33333333333333337,0.172802209658625,0.4642857142857143,0.05277360924624175,0.5555555555555555,0,True,False,False,False,False,True,True,False,False
3687,0.3137254901960784,0.07820119977558156,0.5714285714285714,0.0,0.7222222222222221,0,True,False,False,False,True,False,False,False,True
3688,0.21568627450980393,0.5872426740321954,0.42857142857142855,0.07192691467235342,0.8888888888888888,1,True,False,False,False,False,True,True,False,False
3689,0.09803921568627455,0.007293599758318588,0.6428571428571428,0.067135297369876,0.6666666666666666,0,False,True,False,False,False,True,False,True,False
3690,0.4901960784313726,0.056795131845841784,0.7857142857142857,0.3295684911671011,0.38888888888888884,1,False,True,False,False,False,True,False,False,True
3691,0.5098039215686275,0.08514954037374305,0.5,0.05988205249716979,0.7222222222222221,1,True,False,False,False,False,True,True,False,False
3692,0.13725490196078433,0.09054421475119762,0.9285714285714285,0.1621778163915436,0.5555555555555555,1,False,False,True,False,False,True,True,False,False
3693,0.3529411764705882,0.04915627292736611,0.8571428571428571,0.29968670194560726,0.4444444444444444,1,True,False,False,False,True,False,True,False,False
3694,0.8039215686274509,0.16917698847697554,0.4642857142857143,0.2206776715899218,0.38888888888888884,1,False,True,False,False,False,True,False,False,True
3695,0.0,0.26895688576237536,0.03571428571428571,0.024642603269883896,0.7222222222222221,0,False,True,False,False,False,True,True,False,False
3696,0.5490196078431373,0.3615294980794959,0.2142857142857143,0.0721638627807177,0.7777777777777777,1,True,False,False,False,False,True,False,True,False
3697,0.8627450980392156,0.21173017996633725,0.5714285714285714,0.04499381302161493,0.0,1,True,False,False,False,False,True,True,False,False
3698,0.9411764705882354,0.24612662379698763,0.6071428571428571,0.05377405681489088,0.611111111111111,1,True,False,False,False,True,False,False,False,True
3699,0.6666666666666666,0.08596953087911614,0.5,0.0,0.22222222222222224,0,False,False,False,True,True,False,True,False,False
3700,0.7647058823529412,0.2263173794829744,0.9285714285714285,0.18437195587499672,0.7222222222222221,1,False,False,True,False,True,False,False,False,True
3701,0.2549019607843137,0.04682577359630573,0.7142857142857143,0.06337045520364373,0.8333333333333333,0,True,False,False,False,False,True,False,False,True
3702,0.6666666666666666,0.06581502740494584,0.25,0.07811389305742043,1.0,0,True,False,False,False,False,True,True,False,False
3703,0.9215686274509803,0.04932890250744465,0.9642857142857143,0.4257167680278019,0.8333333333333333,1,False,True,False,False,False,True,False,True,False
3704,0.8627450980392156,0.08156747658711319,0.9285714285714285,0.006516072980017377,0.33333333333333326,1,False,True,False,False,False,True,False,True,False
3705,0.37254901960784315,0.043545811574813346,0.03571428571428571,0.07049206223836979,0.1111111111111111,0,False,False,True,False,False,True,True,False,False
3706,0.9411764705882354,0.42207932329204606,0.0,0.15664902719637733,0.38888888888888884,1,False,True,False,False,True,False,True,False,False
3707,0.23529411764705888,0.04859522679211083,0.5357142857142857,0.017257720559197536,0.7222222222222221,0,True,False,False,False,True,False,False,False,True
3708,0.7254901960784313,0.01337879245608735,0.2142857142857143,0.09957086064818471,0.1111111111111111,1,False,True,False,False,False,True,False,False,True
3709,0.9411764705882354,0.0968883518190842,0.75,0.028828686517652632,0.5555555555555555,1,True,False,False,False,False,True,False,True,False
3710,0.8823529411764707,0.007595701523456044,0.8214285714285714,0.21277940131111286,0.7222222222222221,1,False,True,False,False,True,False,True,False,False
3711,0.9411764705882354,0.015148245651892451,0.35714285714285715,0.04171603085590923,0.05555555555555555,0,False,True,False,False,False,True,True,False,False
3712,0.13725490196078433,0.03206594449959,0.5,0.04203196166706158,0.16666666666666666,1,False,False,True,False,True,False,False,True,False
3713,0.823529411764706,0.08083380087177938,0.42857142857142855,0.09601663902272069,0.22222222222222224,1,True,False,False,False,False,True,True,False,False
3714,0.37254901960784315,0.07354020111346078,0.8214285714285714,0.02135165732038017,1.0,1,False,True,False,False,True,False,False,False,True
3715,0.6274509803921569,0.20819127357472703,0.03571428571428571,0.03531843193007398,0.5,1,False,True,False,False,False,True,False,True,False
3716,0.4901960784313726,0.17414008890423374,0.4642857142857143,0.05674907195324224,0.05555555555555555,1,False,False,True,False,True,False,False,True,False
3717,0.7450980392156864,0.07194337749773425,0.8214285714285714,0.04595476923887002,0.1111111111111111,0,False,True,False,False,False,True,False,True,False
3718,0.3921568627450981,0.052565707133917394,0.17857142857142855,0.0783640049495827,0.7777777777777777,0,True,False,False,False,False,True,False,True,False
3719,0.9411764705882354,0.049242587717405376,0.2857142857142857,0.09639838875286313,1.0,0,False,True,False,False,False,True,True,False,False
3720,0.8039215686274509,0.19256829657761856,0.9642857142857143,0.0880657136087197,0.05555555555555555,1,False,False,True,False,False,True,False,True,False
3721,0.823529411764706,0.006905183203141859,0.2142857142857143,0.11181317958033857,0.1111111111111111,1,True,False,False,False,True,False,False,False,True
3722,0.7843137254901961,0.001683138405765828,0.6071428571428571,0.03872785193375984,0.611111111111111,1,True,False,False,False,True,False,False,True,False
3723,0.1568627450980392,0.20551551508350954,0.8214285714285714,0.014230050285654109,0.7222222222222221,1,False,True,False,False,False,True,True,False,False
3724,0.4509803921568628,0.08394113331319321,0.2857142857142857,0.15064634178448252,0.8888888888888888,1,False,False,True,False,False,True,False,True,False
3725,0.7058823529411765,0.018169263303267014,0.7857142857142857,0.2003396256219888,0.8333333333333333,0,False,True,False,False,True,False,False,False,True
3726,0.9411764705882354,0.034784860385827114,0.10714285714285714,0.031290314087881424,0.8888888888888888,1,False,False,True,False,False,True,True,False,False
3727,0.7843137254901961,0.3490138535238013,0.2857142857142857,0.05505094384329832,0.4444444444444444,0,False,True,False,False,True,False,False,False,True
3728,0.3137254901960784,0.2541107418756204,0.10714285714285714,0.07269041413263828,0.1111111111111111,1,True,False,False,False,True,False,False,False,True
3729,0.4509803921568628,0.16015709291787147,0.39285714285714285,0.08025958981649685,0.7222222222222221,1,False,True,False,False,False,True,True,False,False
3730,0.3921568627450981,0.08523585516378232,0.10714285714285714,0.11344548877129243,0.1111111111111111,1,True,False,False,False,False,True,False,False,True
3731,0.9803921568627451,0.09511889862327909,0.8571428571428571,0.004475686491325066,0.2777777777777778,0,False,True,False,False,False,True,False,True,False
3732,0.7450980392156864,0.47887445513788784,0.8214285714285714,0.13461285311850038,1.0,1,False,True,False,False,False,True,True,False,False
3733,0.7843137254901961,0.43692546717880104,0.6785714285714285,0.00673985730458363,0.6666666666666666,1,False,True,False,False,False,True,False,True,False
3734,0.7450980392156864,0.031375426179275814,0.4642857142857143,0.0665165995313693,0.22222222222222224,0,False,True,False,False,True,False,False,False,True
3735,0.23529411764705888,0.21578697509818306,0.8214285714285714,0.1851749466866756,0.0,1,False,True,False,False,False,True,False,False,True
3736,0.1960784313725491,0.02844072331794053,0.8214285714285714,0.06318616223047152,0.611111111111111,0,False,True,False,False,False,True,False,False,True
3737,0.8823529411764707,0.031116481809158,0.2142857142857143,0.017007608667035254,0.7777777777777777,1,False,False,True,False,True,False,False,True,False
3738,0.3529411764705882,0.14595830995641104,0.8928571428571428,0.44251375615406896,1.0,1,False,True,False,False,True,False,False,True,False
3739,0.1960784313725491,0.06723922144059384,0.42857142857142855,0.23176157754785037,0.05555555555555555,1,True,False,False,False,False,True,False,True,False
3740,0.23529411764705888,0.34720124293297655,0.75,0.15537214016796988,0.1111111111111111,1,False,True,False,False,False,True,False,True,False
3741,0.8823529411764707,0.012084070605498251,0.25,0.05584077087117922,0.33333333333333326,0,True,False,False,False,True,False,False,True,False
3742,0.8627450980392156,0.09274524189719908,0.7857142857142857,0.021391148671774215,0.5555555555555555,1,False,True,False,False,True,False,False,True,False
3743,0.0,0.3246299253377066,0.14285714285714285,0.29879156464734224,0.5,0,False,False,True,False,True,False,False,False,True
3744,0.7647058823529412,0.30356911656812396,0.39285714285714285,0.0800358054919306,0.38888888888888884,1,True,False,False,False,True,False,True,False,False
3745,0.8431372549019608,0.02205342885503431,0.42857142857142855,0.20145854724482004,0.05555555555555555,0,False,True,False,False,False,True,True,False,False
3746,0.3529411764705882,0.05912563117690216,0.9999999999999999,0.04409867572334992,0.7222222222222221,1,True,False,False,False,False,True,True,False,False
3747,0.21568627450980393,0.12498381597686764,0.6785714285714285,0.04300608166811468,0.6666666666666666,1,False,True,False,False,False,True,True,False,False
3748,0.13725490196078433,0.022485002805230678,0.4642857142857143,0.44613379669852304,0.33333333333333326,1,True,False,False,False,True,False,False,False,True
3749,0.13725490196078433,0.445729575762807,0.9642857142857143,0.07769265197588396,0.4444444444444444,0,False,True,False,False,False,True,True,False,False
3750,0.8627450980392156,0.31876051961503604,0.6071428571428571,0.015967669746992076,0.33333333333333326,1,False,True,False,False,True,False,False,True,False
3751,0.21568627450980393,0.023650252470760868,0.9285714285714285,0.026116947055261564,0.0,0,False,True,False,False,True,False,True,False,False
3752,0.9215686274509803,0.01670191187259937,0.8214285714285714,0.0692546665613564,0.0,1,True,False,False,False,False,True,False,False,True
3753,0.6274509803921569,0.08596953087911614,0.5,0.0,0.2777777777777778,0,False,False,False,True,True,False,False,True,False
3754,0.8627450980392156,0.3109490311164818,0.6785714285714285,0.06538451412474001,0.0,1,True,False,False,False,True,False,True,False,False
3755,0.4901960784313726,0.027879677182685254,0.10714285714285714,0.057170313034778715,0.8333333333333333,1,True,False,False,False,False,True,False,True,False
3756,0.7450980392156864,0.06969919295671313,0.7142857142857143,0.15913698233420215,0.1111111111111111,0,False,True,False,False,True,False,False,True,False
3757,0.5294117647058824,0.07712226490009064,0.6071428571428571,0.04616538977963826,0.6666666666666666,0,True,False,False,False,False,True,False,False,True
3758,0.07843137254901966,0.11829441974882396,0.2142857142857143,0.4263354658663086,0.16666666666666666,1,True,False,False,False,True,False,False,True,False
3759,0.13725490196078433,0.009624099089378965,0.5,0.02099623515783377,0.8888888888888888,0,False,False,True,False,True,False,False,True,False
3760,0.47058823529411764,0.03327435156013983,0.7142857142857143,0.09414738172340258,0.5,1,True,False,False,False,False,True,False,True,False
3761,0.5098039215686275,0.3470717707479177,0.17857142857142855,0.009899165416107206,0.16666666666666666,0,True,False,False,False,False,True,False,False,True
3762,0.8823529411764707,0.30948167968581414,0.5357142857142857,0.1394044704209778,0.611111111111111,0,True,False,False,False,False,True,False,True,False
3763,0.43137254901960786,0.19679772128954298,0.6785714285714285,0.5529052470842218,0.6666666666666666,1,False,True,False,False,False,True,False,False,True
3764,0.5686274509803921,0.0025462863061585603,0.8214285714285714,0.18008056235684386,0.16666666666666666,1,False,True,False,False,False,True,False,True,False
3765,0.8627450980392156,0.0512709852833283,0.25,0.08543295684911673,0.8333333333333333,1,False,True,False,False,False,True,False,False,True
3766,0.9019607843137255,0.1280048336282422,0.9642857142857143,0.06983387304846905,1.0,0,False,True,False,False,True,False,False,False,True
3767,0.43137254901960786,0.041690043588968974,0.7142857142857143,0.18976910723218282,0.33333333333333326,1,False,True,False,False,False,True,False,True,False
3768,0.9411764705882354,0.31116481809158,0.5357142857142857,0.28944527815075166,0.0,0,False,False,True,False,False,True,False,True,False
3769,0.9019607843137255,0.13007638858918477,0.9642857142857143,0.4769370507858779,0.8333333333333333,1,False,True,False,False,False,True,False,True,False
3770,0.37254901960784315,0.009667256484398602,0.75,0.053194850327778216,0.05555555555555555,1,True,False,False,False,False,True,False,False,True
3771,0.33333333333333337,0.3103448275862069,0.5357142857142857,0.49510307242713847,0.0,1,True,False,False,False,True,False,False,True,False
3772,0.33333333333333337,0.40973630831643,0.07142857142857142,0.017850090830108207,0.7222222222222221,0,False,True,False,False,False,True,False,True,False
3773,0.019607843137254943,0.010487246989771697,0.5714285714285714,0.030790090303556856,0.22222222222222224,0,False,True,False,False,False,True,False,True,False
3774,0.05882352941176472,0.08596953087911614,0.5,0.0,0.7777777777777777,0,False,False,False,True,True,False,False,True,False
3775,0.5686274509803921,0.08596953087911614,0.8571428571428571,0.0,0.5,0,True,False,False,False,False,True,False,True,False
3776,0.6274509803921569,0.06460662034439602,0.07142857142857142,0.15383197746360214,0.05555555555555555,1,False,False,True,False,False,True,False,False,True
3777,0.6862745098039217,0.02563549264166415,0.6785714285714285,0.2018534607587605,0.5555555555555555,1,False,True,False,False,False,True,False,False,True
3778,0.33333333333333337,0.1117344957058392,0.9999999999999999,0.15892636179343392,0.8333333333333333,1,False,False,True,False,False,True,True,False,False
3779,0.7058823529411765,0.4103836692417246,0.2142857142857143,0.10500750335676487,1.0,1,False,True,False,False,False,True,True,False,False
3780,0.3529411764705882,0.09054421475119762,0.6071428571428571,0.07598136008214201,0.16666666666666666,1,True,False,False,False,False,True,True,False,False
3781,0.9019607843137255,0.01122092270510552,0.39285714285714285,0.12988705473501302,0.5,1,True,False,False,False,False,True,True,False,False
3782,0.5294117647058824,0.1252859177420051,0.6428571428571428,0.05219440275912908,0.611111111111111,1,False,True,False,False,False,True,True,False,False
3783,0.7647058823529412,0.0538604289845065,0.5357142857142857,0.19384988020956742,0.05555555555555555,0,False,True,False,False,True,False,True,False,False
3784,0.37254901960784315,0.250830779854128,0.75,0.1190795882368428,0.05555555555555555,0,False,True,False,False,False,True,True,False,False
3785,0.9411764705882354,0.07384230287859825,0.9285714285714285,0.12601690229839665,0.4444444444444444,1,False,True,False,False,False,True,True,False,False
3786,0.6274509803921569,0.027750204997626343,0.8214285714285714,0.08085196008740753,0.611111111111111,0,True,False,False,False,False,True,False,True,False
3787,0.21568627450980393,0.027448103232488887,0.5714285714285714,0.22798357159782007,0.05555555555555555,1,False,True,False,False,False,True,False,True,False
3788,0.9803921568627451,0.18959043632126366,0.6785714285714285,0.03057946976278862,0.9444444444444444,1,True,False,False,False,True,False,False,True,False
3789,0.27450980392156865,0.039963747788183505,0.5,0.050535766000579206,0.8333333333333333,0,False,True,False,False,True,False,True,False,False
3790,0.7843137254901961,0.08596953087911614,0.0,0.0,1.0,1,True,False,False,False,True,False,False,True,False
3791,0.7450980392156864,0.029864917353588538,0.03571428571428571,0.07147934602322091,0.7777777777777777,1,True,False,False,False,False,True,True,False,False
3792,0.019607843137254943,0.05023520780285702,0.25,0.23169575862886027,0.8333333333333333,1,True,False,False,False,True,False,True,False,False
3793,0.5490196078431373,0.08109274524189719,0.75,0.0447831924808467,0.2777777777777778,0,True,False,False,False,False,True,False,False,True
3794,0.7843137254901961,0.37132622674895344,0.8571428571428571,0.048548034647078964,0.7777777777777777,0,False,True,False,False,True,False,False,True,False
3795,0.17647058823529416,0.08596953087911614,0.5,0.0,0.611111111111111,1,True,False,False,False,False,True,True,False,False
3796,0.019607843137254943,0.02999438953864745,0.6428571428571428,0.06573993628728642,0.611111111111111,0,False,True,False,False,True,False,True,False,False
3797,0.9803921568627451,0.05744249277113633,0.2857142857142857,0.07644209251507253,0.5,0,False,True,False,False,True,False,False,True,False
3798,0.1960784313725491,0.020931336584523758,0.2857142857142857,0.042611168154174234,0.7777777777777777,0,False,True,False,False,False,True,True,False,False
3799,0.23529411764705888,0.09235682534202234,0.42857142857142855,0.034107363820656614,0.16666666666666666,0,True,False,False,False,True,False,False,False,True
3800,0.17647058823529416,0.07992749557636701,0.17857142857142855,0.1123660584998552,0.5,0,True,False,False,False,False,True,False,True,False
3801,0.2549019607843137,0.2991239048811014,0.5,0.013440223257773215,1.0,1,True,False,False,False,True,False,False,False,True
3802,0.33333333333333337,0.3443096974666609,0.6428571428571428,0.22265223915962404,0.7222222222222221,1,False,True,False,False,False,True,False,False,True
3803,0.9803921568627451,0.06262138017349272,0.7142857142857143,0.15907116341521207,0.5,1,False,True,False,False,False,True,True,False,False
3804,0.1568627450980392,0.08760951188986234,0.5,0.02228628597003923,0.8888888888888888,0,False,False,True,False,True,False,False,False,True
3805,0.7450980392156864,0.29334081394847006,0.6071428571428571,0.12471368770239318,0.5555555555555555,1,True,False,False,False,True,False,True,False,False
3806,0.5294117647058824,0.21280911484182816,0.2142857142857143,0.09718821578074402,0.9444444444444444,0,False,True,False,False,True,False,True,False,False
3807,0.03921568627450983,0.00047473134521600275,0.8928571428571428,0.02148329515836032,0.05555555555555555,0,True,False,False,False,False,True,False,False,True
3808,0.37254901960784315,0.04993310603771956,0.35714285714285715,0.03360714003633204,0.5555555555555555,0,False,True,False,False,True,False,False,True,False
3809,0.09803921568627455,0.07090760001726296,0.25,0.055380038438248694,0.38888888888888884,1,False,True,False,False,False,True,False,True,False
3810,0.5098039215686275,0.03379224030037547,0.17857142857142855,0.12653028986651924,1.0,1,False,True,False,False,False,True,False,True,False
3811,0.019607843137254943,0.028829139873117256,0.25,0.10721901903483137,0.8333333333333333,1,False,True,False,False,False,True,True,False,False
3812,0.5490196078431373,0.005006257822277847,0.03571428571428571,0.08000947792433458,0.16666666666666666,1,False,True,False,False,True,False,False,True,False
3813,0.7254901960784313,0.13348582279573604,0.6428571428571428,0.15404259800437037,0.7222222222222221,1,False,False,True,False,True,False,False,False,True
3814,0.03921568627450983,0.03944585904794787,0.5357142857142857,0.1493826185398731,0.8888888888888888,0,True,False,False,False,True,False,True,False,False
3815,0.2941176470588236,0.006948340598161495,0.2142857142857143,0.10130848010952268,0.5555555555555555,1,False,True,False,False,False,True,False,False,True
3816,0.5686274509803921,0.034008027275473654,0.3214285714285714,0.16284916936524235,0.1111111111111111,0,True,False,False,False,True,False,False,True,False
3817,0.7647058823529412,0.20961546761037503,0.39285714285714285,0.0428481162625385,0.16666666666666666,1,False,False,True,False,False,True,False,True,False
3818,0.019607843137254943,0.24690345690734108,0.5714285714285714,0.22438985862096203,0.6666666666666666,1,False,True,False,False,False,True,False,True,False
3819,0.3137254901960784,0.0854516421388805,0.2142857142857143,0.10049232551404576,0.8888888888888888,0,True,False,False,False,True,False,False,True,False
3820,0.7843137254901961,0.0696560355616935,0.75,0.18197614722375802,0.5,1,True,False,False,False,False,True,True,False,False
3821,0.21568627450980393,0.4932890250744465,0.25,0.08322144117105021,0.611111111111111,1,False,True,False,False,True,False,False,False,True
3822,0.6666666666666666,0.08596953087911614,0.5,0.0,0.38888888888888884,0,False,False,False,True,True,False,False,True,False
3823,0.823529411764706,0.03141858357429546,0.10714285714285714,0.0823263038727852,0.1111111111111111,0,False,True,False,False,True,False,True,False,False
3824,0.0,0.044667903845323896,0.07142857142857142,0.048837637890635284,0.5,1,True,False,False,False,True,False,True,False,False
3825,0.8627450980392156,0.024556557766173236,0.6428571428571428,0.12591159202801255,0.33333333333333326,0,False,True,False,False,False,True,False,True,False
3826,0.27450980392156865,0.0617582322731,0.5,0.06801727088434299,0.5,1,True,False,False,False,False,True,True,False,False
3827,0.4901960784313726,0.3129774286824047,0.10714285714285714,0.1904667877734776,0.33333333333333326,1,True,False,False,False,True,False,False,True,False
3828,0.7058823529411765,0.12368909412627854,0.8571428571428571,0.11935602769660111,0.9444444444444444,1,False,True,False,False,False,True,False,False,True
3829,0.3921568627450981,0.06874973026628113,0.2857142857142857,0.12150172445567754,0.7222222222222221,1,False,False,True,False,False,True,False,False,True
3830,0.9411764705882354,0.08596953087911614,0.5,0.0,0.611111111111111,0,False,False,True,False,True,False,False,True,False
3831,0.5882352941176471,0.006430451857925856,0.6071428571428571,0.4371297685806808,0.38888888888888884,0,False,True,False,False,True,False,True,False,False
3832,0.47058823529411764,0.030555435673902724,0.7142857142857143,0.1940999921017297,0.33333333333333326,0,False,False,True,False,False,True,False,True,False
3833,0.43137254901960786,0.10802295973415045,0.5357142857142857,0.16384961693389147,0.22222222222222224,1,False,True,False,False,False,True,True,False,False
3834,0.4509803921568628,0.1237754089163178,0.0,0.042203090856435775,0.0,0,False,True,False,False,False,True,False,False,True
3835,0.7254901960784313,0.00522204479737603,0.10714285714285714,0.08078614116841745,0.7777777777777777,0,False,True,False,False,False,True,False,False,True
3836,0.5294117647058824,0.06680764749039748,0.6071428571428571,0.015533264881657585,0.4444444444444444,1,True,False,False,False,False,True,False,True,False
3837,0.3921568627450981,0.13560053515169826,0.25,0.08143116657452018,0.611111111111111,0,True,False,False,False,False,True,False,True,False
3838,0.823529411764706,0.15506452030555434,0.6785714285714285,0.016612695153094804,0.9444444444444444,1,False,True,False,False,False,True,True,False,False
3839,0.33333333333333337,0.13158689741487203,0.5357142857142857,0.08480109522681199,0.5555555555555555,1,False,True,False,False,False,True,False,False,True
3840,0.6862745098039217,0.050019420827758836,0.7142857142857143,0.11016770660558671,0.5,1,False,True,False,False,True,False,False,False,True
3841,0.6666666666666666,0.012731431530792802,0.35714285714285715,0.052089092488744965,0.5,0,False,False,True,False,False,True,False,True,False
3842,0.8627450980392156,0.0721160070778128,0.6785714285714285,0.07269041413263828,0.9444444444444444,1,False,False,True,False,True,False,False,False,True
3843,0.1568627450980392,0.01782400414310992,0.7142857142857143,0.21953242239949453,0.0,1,True,False,False,False,False,True,False,False,True
3844,0.7254901960784313,0.3818566311337448,0.7142857142857143,0.012097517310375694,0.5555555555555555,0,True,False,False,False,False,True,False,True,False
3845,0.5686274509803921,0.08346640196797721,0.7142857142857143,0.16521865044888503,0.05555555555555555,1,True,False,False,False,False,True,False,False,True
3846,0.8431372549019608,0.049415217297483924,0.9285714285714285,0.01971934812942632,0.5555555555555555,0,False,True,False,False,True,False,False,True,False
3847,0.6470588235294118,0.18820939968063527,0.6428571428571428,0.003935971355606456,0.05555555555555555,0,False,True,False,False,False,True,False,True,False
3848,0.607843137254902,0.08920633550558889,0.7857142857142857,0.021614932996340472,0.4444444444444444,1,True,False,False,False,False,True,False,True,False
3849,0.03921568627450983,0.04803418065685556,0.6428571428571428,0.15252876286759867,0.0,1,True,False,False,False,False,True,True,False,False
3850,0.03921568627450983,0.08596953087911614,0.5,0.0,0.2777777777777778,0,False,False,False,True,True,False,False,False,True
3851,0.5294117647058824,0.26136118423891935,0.6428571428571428,0.21691282942368956,0.05555555555555555,1,False,False,True,False,False,True,True,False,False
3852,0.8431372549019608,0.14470674550084156,0.35714285714285715,0.07833767738198667,0.7777777777777777,0,True,False,False,False,True,False,False,True,False
3853,0.27450980392156865,0.006214664882827672,0.07142857142857142,0.0023694810836426823,0.0,0,False,True,False,False,False,True,False,True,False
3854,0.7843137254901961,0.10815243191920935,0.25,0.13282257852197035,0.9444444444444444,0,True,False,False,False,False,True,True,False,False
3855,0.43137254901960786,0.18656941866988908,0.6785714285714285,0.012294974067345917,0.16666666666666666,1,False,False,True,False,True,False,True,False,False
3856,0.7647058823529412,0.01898925380864011,0.6428571428571428,0.16404707369086172,0.6666666666666666,1,False,True,False,False,True,False,True,False,False
3857,0.1960784313725491,0.03361961072029692,0.3214285714285714,0.019377089750677937,0.16666666666666666,1,True,False,False,False,True,False,False,True,False
3858,0.9215686274509803,0.27724310560614557,0.5357142857142857,0.044625227075270515,0.7777777777777777,1,False,True,False,False,False,True,False,False,True
3859,0.607843137254902,0.0026326010961978336,0.14285714285714285,0.15084379854145277,0.05555555555555555,0,False,True,False,False,False,True,False,False,True
3860,0.6862745098039217,0.18091579992231668,0.6785714285714285,0.3247900376484217,0.4444444444444444,1,True,False,False,False,False,True,True,False,False
3861,0.6274509803921569,0.08312114280782013,0.2857142857142857,0.04890345680962536,0.611111111111111,0,False,True,False,False,False,True,True,False,False
3862,0.4509803921568628,0.07664753355487464,0.25,0.18622804939051682,0.7222222222222221,1,False,True,False,False,True,False,False,False,True
3863,0.7450980392156864,0.08596953087911614,0.5,0.0,0.16666666666666666,0,False,False,False,True,True,False,True,False,False
3864,0.6470588235294118,0.2215700660308144,0.5357142857142857,0.17334070505226024,0.7777777777777777,1,False,True,False,False,True,False,True,False,False
3865,0.5294117647058824,0.05774459453627379,0.2142857142857143,0.11283995471658373,0.16666666666666666,1,False,True,False,False,True,False,True,False,False
3866,0.7058823529411765,0.10077251737085151,0.5,0.022549561645999524,0.22222222222222224,1,True,False,False,False,False,True,False,True,False
3867,0.11764705882352944,0.14643304130162704,0.8214285714285714,0.03793802490587895,0.5,1,False,True,False,False,True,False,True,False,False
3868,0.05882352941176472,0.15700660308143802,0.9999999999999999,0.014875075691756839,0.611111111111111,1,True,False,False,False,False,True,False,False,True
3869,0.7058823529411765,0.40434163393897543,0.7142857142857143,0.050851696811731566,0.611111111111111,0,True,False,False,False,False,True,False,True,False
3870,0.0,0.09813991627465365,0.6785714285714285,0.023984414079983148,0.38888888888888884,0,False,True,False,False,False,True,False,False,True
3871,0.0,0.06607397177506366,0.7857142857142857,0.10877234552299712,0.16666666666666666,1,True,False,False,False,True,False,True,False,False
3872,0.9019607843137255,0.39782486729101035,0.5714285714285714,0.5480214832951583,0.1111111111111111,1,True,False,False,False,False,True,True,False,False
3873,0.37254901960784315,0.13305424884553968,0.17857142857142855,0.0012768870284074454,0.0,0,False,True,False,False,False,True,True,False,False
3874,0.3529411764705882,0.04583315351085408,0.5,0.0819840454940368,0.9444444444444444,0,False,True,False,False,False,True,True,False,False
3875,0.5490196078431373,0.017521902377972465,0.25,0.08977700550246163,0.7222222222222221,1,True,False,False,False,False,True,False,False,True
3876,0.17647058823529416,0.23935091277890466,0.2142857142857143,0.25862886027959875,0.8888888888888888,0,False,False,True,False,False,True,True,False,False
3877,0.33333333333333337,0.05821932588148979,0.03571428571428571,0.07427006818840008,0.2777777777777778,0,False,True,False,False,False,True,False,False,True
3878,0.5294117647058824,0.13987311725864227,0.42857142857142855,0.08262907090013955,0.2777777777777778,1,False,True,False,False,False,True,True,False,False
3879,0.6666666666666666,0.0823874670924863,0.7857142857142857,0.06718795250506805,0.5,0,False,True,False,False,False,True,True,False,False
3880,0.823529411764706,0.02869966768805835,0.9999999999999999,0.03298844219782534,1.0,0,False,True,False,False,False,True,False,False,True
3881,0.9019607843137255,0.11920072504423633,0.17857142857142855,0.0060685043308848705,0.5,1,True,False,False,False,False,True,False,True,False
3882,0.5882352941176471,0.008113590263691683,0.9999999999999999,0.055327383303056636,0.1111111111111111,0,False,True,False,False,False,True,True,False,False
3883,0.5098039215686275,0.06905183203141858,0.14285714285714285,0.005686754600742438,0.0,0,False,True,False,False,True,False,False,True,False
3884,0.1960784313725491,0.10241249838159769,0.6785714285714285,0.08420872495590133,0.9444444444444444,1,False,True,False,False,False,True,False,False,True
3885,0.9411764705882354,0.0741444046437357,0.0,0.03866203301476977,0.7777777777777777,0,False,True,False,False,True,False,True,False,False
3886,0.9411764705882354,0.1788010875663545,0.9999999999999999,0.08032540873548694,0.16666666666666666,0,False,True,False,False,True,False,False,False,True
3887,0.7254901960784313,0.22782788830866169,0.6071428571428571,0.015191006502909195,0.9444444444444444,0,False,True,False,False,True,False,False,False,True
3888,0.07843137254901966,0.190971472961892,0.5,0.2840744543611616,0.5,0,False,True,False,False,True,False,False,True,False
3889,0.13725490196078433,0.005135730007336757,0.7857142857142857,0.23686912566148013,1.0,1,True,False,False,False,False,True,False,True,False
3890,0.6470588235294118,0.027922834577704888,0.3214285714285714,0.022194139483453123,0.8888888888888888,0,False,False,True,False,False,True,True,False,False
3891,0.9215686274509803,0.0996072677053213,0.07142857142857142,0.044309296264118156,0.5,0,False,True,False,False,True,False,True,False,False
3892,1.0,0.08596953087911614,0.14285714285714285,0.0,0.16666666666666666,1,True,False,False,False,False,True,False,True,False
3893,0.21568627450980393,0.23326572008113589,0.8214285714285714,0.010596845957401997,0.22222222222222224,1,False,True,False,False,True,False,False,True,False
3894,0.7254901960784313,0.23935091277890466,0.9999999999999999,0.0461127346444462,0.33333333333333326,1,False,True,False,False,False,True,True,False,False
3895,0.0,0.04678261620128609,0.42857142857142855,0.030447831924808468,1.0,0,False,True,False,False,False,True,False,True,False
3896,0.5882352941176471,0.07263389581804841,0.25,0.2602480056867546,1.0,0,False,True,False,False,False,True,False,False,True
3897,0.05882352941176472,0.0823874670924863,0.75,0.20156385751520417,0.38888888888888884,1,True,False,False,False,True,False,False,False,True
3898,0.9411764705882354,0.02218290104009322,0.7142857142857143,0.09131716820682938,0.0,1,False,True,False,False,False,True,False,False,True
3899,0.8627450980392156,0.004099952526865478,0.9999999999999999,0.0773767211647316,0.38888888888888884,1,False,True,False,False,False,True,False,True,False
3900,0.9607843137254902,0.08596953087911614,0.5,0.0,1.0,1,False,False,False,True,True,False,False,True,False
3901,0.07843137254901966,0.03564800828621984,0.2857142857142857,0.28375852355000925,0.8888888888888888,1,True,False,False,False,True,False,True,False,False
3902,0.5686274509803921,0.03551853610116094,0.5714285714285714,0.3669536371534634,0.4444444444444444,1,False,True,False,False,False,True,False,False,True
3903,0.4509803921568628,0.011264080100125156,0.9285714285714285,0.014111576231471976,0.8333333333333333,0,False,True,False,False,True,False,False,True,False
3904,0.03921568627450983,0.3415476241854042,0.6071428571428571,0.01842929731722086,0.4444444444444444,1,False,True,False,False,False,True,False,True,False
3905,0.1960784313725491,0.11225238444607484,0.42857142857142855,0.11892162283126663,1.0,0,False,True,False,False,True,False,False,True,False
3906,0.8627450980392156,0.1423762461697812,0.0,0.08210251954821894,0.8333333333333333,0,False,True,False,False,False,True,True,False,False
3907,0.05882352941176472,0.08596953087911614,0.5,0.0,0.6666666666666666,1,False,False,False,True,True,False,True,False,False
3908,0.4901960784313726,0.08596953087911614,0.5,0.0,1.0,0,True,False,False,False,False,True,False,True,False
3909,0.5098039215686275,0.12580380648224074,0.6785714285714285,0.23062949214122105,0.22222222222222224,1,True,False,False,False,False,True,True,False,False
3910,0.8823529411764707,0.005135730007336757,0.7142857142857143,0.2139509780691362,0.05555555555555555,0,True,False,False,False,False,True,True,False,False
3911,0.823529411764706,0.0267575849121747,0.14285714285714285,0.04654713950978069,0.16666666666666666,1,False,True,False,False,False,True,True,False,False
3912,0.5098039215686275,0.23037417461482027,0.25,0.23345970565779428,0.611111111111111,1,False,True,False,False,True,False,True,False,False
3913,0.8039215686274509,0.1884683440507531,0.9285714285714285,0.09484506226469737,0.9444444444444444,1,False,True,False,False,True,False,False,False,True
3914,0.9803921568627451,0.05588882655042941,0.5,0.17264302451096544,0.1111111111111111,1,True,False,False,False,True,False,True,False,False
3915,0.9607843137254902,0.06124034353286435,0.9285714285714285,0.058723639522944474,1.0,1,False,True,False,False,False,True,True,False,False
3916,0.09803921568627455,0.09874411980492857,0.07142857142857142,0.01267672379748835,0.16666666666666666,1,False,False,True,False,False,True,False,False,True
3917,0.27450980392156865,4.3157395019636617e-05,0.17857142857142855,0.05988205249716979,0.16666666666666666,0,True,False,False,False,False,True,False,False,True
3918,0.5686274509803921,0.035734323076259115,0.9642857142857143,0.06437090277229286,0.8333333333333333,0,False,False,True,False,True,False,False,True,False
3919,0.8039215686274509,0.03021017651374563,0.42857142857142855,0.08431403522628544,0.5555555555555555,1,True,False,False,False,False,True,False,True,False
3920,0.7058823529411765,0.03733114669198567,0.39285714285714285,0.011755258931627308,0.6666666666666666,0,False,False,True,False,False,True,False,False,True
3921,0.7058823529411765,0.21224806870657287,0.6428571428571428,0.5008819735144671,0.5555555555555555,1,True,False,False,False,False,True,False,True,False
3922,0.8039215686274509,0.04246687669932243,0.9999999999999999,0.029473711923755367,0.33333333333333326,1,False,False,True,False,False,True,False,False,True
3923,0.7058823529411765,0.02753441802252816,0.6071428571428571,0.02331306110628439,0.7222222222222221,0,False,True,False,False,True,False,False,True,False
3924,0.6666666666666666,0.09084631651633508,0.8214285714285714,0.0787984098149172,0.16666666666666666,1,False,True,False,False,True,False,False,False,True
3925,0.43137254901960786,0.2598938328082517,0.0,0.08114156333096385,0.38888888888888884,1,True,False,False,False,True,False,True,False,False
3926,0.09803921568627455,0.03577748047127875,0.8571428571428571,0.06102730168759708,0.611111111111111,1,False,False,True,False,False,True,False,False,True
3927,0.05882352941176472,0.010573561779810971,0.9285714285714285,0.15563541584393017,0.6666666666666666,0,False,True,False,False,False,True,False,True,False
3928,0.33333333333333337,0.05705407621595961,0.2142857142857143,0.07656056656925467,0.4444444444444444,0,False,True,False,False,True,False,False,False,True
3929,0.1568627450980392,0.17828319882611887,0.39285714285714285,0.09908380064765816,0.4444444444444444,1,True,False,False,False,True,False,False,True,False
3930,0.9411764705882354,0.10357774804712788,0.3214285714285714,0.13546849906537134,0.05555555555555555,1,True,False,False,False,True,False,False,True,False
3931,0.5490196078431373,0.21971429804497,0.9999999999999999,0.002672248110997025,0.1111111111111111,1,False,True,False,False,False,True,False,True,False
3932,0.23529411764705888,0.41543308445902205,0.39285714285714285,0.0890398336097728,0.611111111111111,1,True,False,False,False,True,False,False,False,True
3933,0.9019607843137255,0.20370290449268483,0.35714285714285715,0.22703577916436302,0.8888888888888888,1,False,False,True,False,True,False,True,False,False
3934,1.0,0.11989124336455052,0.10714285714285714,0.001842929731722086,0.16666666666666666,0,False,False,True,False,True,False,True,False,False
3935,0.3137254901960784,0.0880410858400587,0.6428571428571428,0.05470868546454993,0.7222222222222221,1,False,True,False,False,False,True,True,False,False
3936,0.8627450980392156,0.005308359587415303,0.17857142857142855,0.27451754732380274,0.4444444444444444,0,False,True,False,False,False,True,False,False,True
3937,0.607843137254902,0.53800008631479,0.8571428571428571,0.0,0.38888888888888884,0,False,True,False,False,False,True,True,False,False
3938,0.9215686274509803,0.06262138017349272,0.2857142857142857,0.06464734223205118,0.0,0,False,True,False,False,True,False,True,False,False
3939,0.4117647058823529,0.021362910534720125,0.6785714285714285,0.4204249269409999,0.6666666666666666,0,False,True,False,False,False,True,True,False,False
3940,0.05882352941176472,0.1422467739847223,0.3214285714285714,0.023405207592870497,0.1111111111111111,0,True,False,False,False,True,False,False,False,True
3941,0.07843137254901966,0.043286867204695524,0.14285714285714285,0.007108443250928047,0.7222222222222221,0,False,True,False,False,False,True,False,True,False
3942,0.7058823529411765,0.11410815243191921,0.9285714285714285,0.2066187504936419,1.0,1,False,False,True,False,True,False,False,True,False
3943,0.7843137254901961,0.11441025419705667,0.42857142857142855,0.21362188347418581,0.2777777777777778,1,False,False,True,False,True,False,False,True,False
3944,0.9411764705882354,0.0763885891847568,0.2857142857142857,0.06726693520785615,0.16666666666666666,0,False,True,False,False,False,True,False,True,False
3945,0.23529411764705888,0.08596953087911614,0.5,0.0,0.0,0,False,False,True,False,True,False,True,False,False
3946,0.6470588235294118,0.03987743299814423,0.6071428571428571,0.19026933101650736,0.5,1,True,False,False,False,True,False,True,False,False
3947,0.8627450980392156,0.07707910750507099,0.7142857142857143,0.14127372772029592,0.6666666666666666,0,True,False,False,False,False,True,False,False,True
3948,0.4117647058823529,0.09990936947045875,0.0,0.03244872706210673,0.611111111111111,0,False,True,False,False,False,True,False,True,False
3949,0.43137254901960786,0.14108152431919208,0.8214285714285714,0.0017902745965300267,0.5555555555555555,1,True,False,False,False,False,True,False,False,True
3950,0.9803921568627451,0.1983945449052695,0.7142857142857143,0.06880709791222389,0.16666666666666666,1,False,True,False,False,False,True,True,False,False
3951,0.03921568627450983,0.06503819429459239,0.39285714285714285,0.20623700076349943,0.8888888888888888,1,True,False,False,False,False,True,False,True,False
3952,0.8039215686274509,0.13447844288118768,0.3214285714285714,0.23818550404128164,0.7777777777777777,1,False,True,False,False,False,True,True,False,False
3953,0.6470588235294118,0.021147123559621943,0.03571428571428571,0.329489508464313,0.1111111111111111,1,True,False,False,False,False,True,False,False,True
3954,0.607843137254902,0.34927279789391913,0.9642857142857143,0.22290235105178635,0.5,1,False,True,False,False,False,True,False,True,False
3955,0.8627450980392156,0.06253506538345345,0.2857142857142857,0.09136982334202143,0.7222222222222221,0,False,True,False,False,True,False,True,False,False
3956,0.9803921568627451,0.16930646066203442,0.03571428571428571,0.061935602769660106,1.0,0,True,False,False,False,True,False,False,True,False
3957,0.9411764705882354,0.00267575849121747,0.7857142857142857,0.15701761314272175,0.16666666666666666,1,True,False,False,False,False,True,False,True,False
3958,0.3921568627450981,0.029735445168529627,0.8214285714285714,0.1417871152884185,0.7222222222222221,1,False,True,False,False,False,True,True,False,False
3959,0.8823529411764707,0.08644426222433214,0.75,0.08135218387173208,0.2777777777777778,1,False,True,False,False,False,True,False,False,True
3960,0.8431372549019608,0.2726252643390445,0.4642857142857143,0.009622725956348893,0.611111111111111,0,False,False,True,False,True,False,True,False,False
3961,0.3921568627450981,0.0970178240041431,0.35714285714285715,0.27430692678303453,0.05555555555555555,1,True,False,False,False,True,False,True,False,False
3962,0.8431372549019608,0.3440507530965431,0.7857142857142857,0.0640418081773425,0.8888888888888888,1,False,True,False,False,True,False,False,False,True
3963,0.1960784313725491,0.08562427171895905,0.35714285714285715,0.04754758707842982,0.0,0,True,False,False,False,True,False,False,True,False
3964,0.7450980392156864,0.08730741012472487,0.5714285714285714,0.1045862622752284,0.8888888888888888,1,False,True,False,False,False,True,False,False,True
3965,0.05882352941176472,0.016529282292520823,0.10714285714285714,0.11798699418160756,0.22222222222222224,0,False,True,False,False,False,True,True,False,False
3966,0.9803921568627451,0.21009019895559103,0.42857142857142855,0.02491904272964221,0.8333333333333333,1,True,False,False,False,False,True,False,False,True
3967,0.0,0.03672694316171076,0.2142857142857143,0.1909933391253982,0.7222222222222221,1,True,False,False,False,False,True,False,False,True
3968,0.5294117647058824,0.2976133960554141,0.5357142857142857,0.036055603822762815,0.5,1,True,False,False,False,False,True,False,False,True
3969,0.4509803921568628,0.08596953087911614,0.5,0.0,0.1111111111111111,0,False,False,False,True,True,False,False,True,False
3970,0.6666666666666666,0.37158517111907124,0.42857142857142855,0.05491930600531817,0.1111111111111111,1,False,False,True,False,False,True,True,False,False
3971,0.23529411764705888,0.09507574122825947,0.0,0.13810125582497432,0.9444444444444444,1,False,True,False,False,False,True,True,False,False
3972,0.9019607843137255,0.14634672651158775,0.35714285714285715,0.3544348787615512,0.9444444444444444,1,False,False,True,False,False,True,True,False,False
3973,0.6470588235294118,0.19515774027879676,0.17857142857142855,0.17449911802648554,0.16666666666666666,1,False,True,False,False,False,True,True,False,False
3974,0.1960784313725491,0.018169263303267014,0.6785714285714285,0.2968959797804281,0.33333333333333326,1,False,True,False,False,False,True,False,True,False
3975,0.6862745098039217,0.11894178067411851,0.07142857142857142,0.01595450596319406,0.0,0,True,False,False,False,False,True,False,True,False
3976,0.9803921568627451,0.004531526477061845,0.39285714285714285,0.007779796224626807,0.8333333333333333,1,False,True,False,False,False,True,False,True,False
3977,0.3137254901960784,0.0891200207155496,0.14285714285714285,0.08590685306584525,0.8888888888888888,0,True,False,False,False,False,True,False,False,True
3978,0.6666666666666666,0.02179448448491649,0.2857142857142857,0.03610825895795487,0.38888888888888884,0,True,False,False,False,False,True,False,False,True
3979,0.33333333333333337,0.026153381381899786,0.8928571428571428,0.1854118947950399,0.2777777777777778,1,False,True,False,False,True,False,False,True,False
3980,0.7647058823529412,0.08596953087911614,0.8928571428571428,0.0,0.05555555555555555,0,True,False,False,False,True,False,False,False,True
3981,0.4117647058823529,0.0733244141383626,0.39285714285714285,0.37186372851012295,0.5,0,False,True,False,False,False,True,False,True,False
3982,0.4509803921568628,0.12636485261749603,0.9642857142857143,0.030974383276729064,0.8888888888888888,0,False,True,False,False,True,False,True,False,False
3983,0.3529411764705882,0.010012515644555693,0.9285714285714285,0.0700444935892373,1.0,1,False,False,True,False,False,True,False,True,False
3984,0.7058823529411765,0.09071684433127616,0.3214285714285714,0.07325645683595293,0.16666666666666666,0,False,False,True,False,True,False,False,False,True
3985,0.7450980392156864,0.026110223986880152,0.6428571428571428,0.02878919516625859,0.6666666666666666,0,False,True,False,False,True,False,True,False,False
3986,0.3921568627450981,0.11048293125026974,0.14285714285714285,0.09392359739883631,1.0,0,True,False,False,False,False,True,False,True,False
3987,0.13725490196078433,0.13132795304475423,0.8928571428571428,0.06168549087749783,0.8333333333333333,0,False,True,False,False,False,True,True,False,False
3988,0.5294117647058824,0.10534720124293298,0.14285714285714285,0.06233051628360056,0.6666666666666666,0,True,False,False,False,False,True,False,True,False
3989,0.07843137254901966,0.17357904276897845,0.2857142857142857,0.047455440591843714,0.22222222222222224,0,False,False,True,False,True,False,False,True,False
3990,0.3137254901960784,0.05295412368909413,0.9285714285714285,0.0018034383803280417,0.611111111111111,0,False,True,False,False,False,True,False,True,False
3991,0.7058823529411765,0.18756203875534072,0.9642857142857143,0.07775847089487402,0.33333333333333326,0,True,False,False,False,False,True,False,True,False
3992,0.6862745098039217,0.07341072892840189,0.8928571428571428,0.04300608166811468,0.4444444444444444,0,False,True,False,False,True,False,False,False,True
3993,0.3529411764705882,0.08571058650899832,0.9285714285714285,0.0001448016217781639,0.22222222222222224,1,False,True,False,False,True,False,True,False,False
3994,0.5098039215686275,0.13521211859652152,0.6785714285714285,0.03876734328515388,0.16666666666666666,1,False,False,True,False,False,True,False,True,False
3995,0.6470588235294118,0.0024168141210996505,0.5714285714285714,0.034396967064212934,0.5,0,True,False,False,False,True,False,False,True,False
3996,0.1960784313725491,0.13741314574252297,0.3214285714285714,0.05265513519205961,0.8333333333333333,0,False,True,False,False,False,True,False,True,False
3997,0.8627450980392156,0.12481118639678909,0.7142857142857143,0.014888239475554855,0.5555555555555555,1,True,False,False,False,True,False,False,True,False
3998,0.9019607843137255,0.04803418065685556,0.0,0.07462549035094647,0.4444444444444444,0,False,True,False,False,False,True,True,False,False
3999,0.21568627450980393,0.011609339260282249,0.75,0.12417397256667456,0.22222222222222224,1,False,True,False,False,True,False,False,True,False
4000,0.3921568627450981,0.012343014975616072,0.9642857142857143,0.10475739146460258,0.5555555555555555,1,False,False,True,False,False,True,True,False,False
4001,0.1960784313725491,0.33235509904622157,0.5357142857142857,0.17148461153674013,0.4444444444444444,1,True,False,False,False,False,True,True,False,False
4002,0.7450980392156864,0.1513529843338656,0.8928571428571428,0.0633441276360477,0.8888888888888888,1,True,False,False,False,True,False,False,True,False
4003,0.5294117647058824,0.01760821716801174,0.8928571428571428,0.07710028170497328,0.5555555555555555,1,False,True,False,False,False,True,False,False,True
4004,0.07843137254901966,0.05714039100599888,0.5,0.17511781586499223,0.2777777777777778,0,True,False,False,False,False,True,False,True,False
4005,0.3137254901960784,0.11622286478788141,0.7857142857142857,0.05877629465813653,0.8333333333333333,1,False,False,True,False,False,True,False,True,False
4006,0.37254901960784315,0.2337404514263519,0.5714285714285714,0.12735960824579418,1.0,1,False,True,False,False,False,True,False,True,False
4007,0.7843137254901961,0.005783090932631307,0.8928571428571428,0.06005318168654398,0.7222222222222221,0,False,True,False,False,True,False,False,True,False
4008,0.8823529411764707,0.034957489965905655,0.6785714285714285,0.056959692494010485,0.1111111111111111,0,True,False,False,False,False,True,False,True,False
4009,0.21568627450980393,0.28548616805489624,0.8571428571428571,0.15038306610852223,0.5,1,False,True,False,False,False,True,False,True,False
4010,0.09803921568627455,0.0012084070605498252,0.42857142857142855,0.020232735697548902,0.16666666666666666,0,False,True,False,False,False,True,False,False,True
4011,0.3137254901960784,0.029131241638254715,0.0,0.04353263302003528,0.05555555555555555,0,False,False,True,False,False,True,False,False,True
4012,0.9803921568627451,0.41362047386819734,0.8571428571428571,0.026735644893768264,0.6666666666666666,0,False,False,True,False,True,False,True,False,False
4013,0.3529411764705882,0.123041733200984,0.25,0.04684990653713504,0.5555555555555555,1,True,False,False,False,True,False,True,False,False
4014,0.4901960784313726,0.03927322946786932,0.14285714285714285,0.027578127056841217,0.611111111111111,1,True,False,False,False,False,True,True,False,False
4015,0.9215686274509803,0.008976738164084416,0.17857142857142855,0.09121185793644526,0.0,1,False,False,True,False,False,True,False,True,False
4016,0.8431372549019608,0.0037115359716887487,0.7857142857142857,0.1685359239659848,0.4444444444444444,0,True,False,False,False,True,False,False,True,False
4017,0.8431372549019608,0.03633852660653403,0.6785714285714285,0.16266487639207014,0.611111111111111,0,False,True,False,False,True,False,False,True,False
4018,1.0,0.27612101333563505,0.4642857142857143,0.047745043835400056,0.33333333333333326,0,False,True,False,False,False,True,True,False,False
4019,0.607843137254902,0.06961287816667386,0.75,0.4726719848353211,0.8888888888888888,0,False,True,False,False,True,False,False,True,False
4020,0.09803921568627455,0.16494756376505113,0.7857142857142857,0.09488455361609141,0.5,1,False,True,False,False,True,False,False,True,False
4021,0.6862745098039217,0.32428466617754953,0.35714285714285715,0.05369507411210278,0.2777777777777778,0,False,True,False,False,True,False,False,True,False
4022,0.7254901960784313,0.06788658236588839,0.17857142857142855,0.1900982018271332,0.33333333333333326,1,False,True,False,False,False,True,False,True,False
4023,0.1960784313725491,0.027491260627508524,0.35714285714285715,0.13783798014901402,1.0,1,False,True,False,False,False,True,False,True,False
4024,0.6274509803921569,0.09425575072288636,0.42857142857142855,0.14568359529263092,0.7222222222222221,1,False,True,False,False,False,True,False,True,False
4025,0.4509803921568628,0.3090501057356178,0.39285714285714285,0.02299713029513203,0.5555555555555555,1,True,False,False,False,False,True,False,True,False
4026,0.43137254901960786,0.21125544862112125,0.75,0.06652976331516731,0.05555555555555555,0,False,True,False,False,True,False,False,True,False
4027,0.27450980392156865,0.00880410858400587,0.03571428571428571,0.20843535265776797,0.0,1,True,False,False,False,True,False,False,True,False
4028,0.5098039215686275,0.15273402097449398,0.7142857142857143,0.0738488271068636,0.5,1,False,True,False,False,False,True,False,True,False
4029,0.1960784313725491,0.10983557032497518,0.07142857142857142,0.12113313850933312,0.611111111111111,0,True,False,False,False,True,False,False,True,False
4030,0.9803921568627451,0.30814380044020545,0.7857142857142857,0.0933707184793197,0.4444444444444444,1,False,False,True,False,False,True,True,False,False
4031,0.9607843137254902,0.016917698847697553,0.10714285714285714,0.19454756075086221,0.5555555555555555,1,True,False,False,False,False,True,False,True,False
4032,0.3137254901960784,0.09887359198998749,0.5714285714285714,0.03526577679488192,0.0,0,True,False,False,False,True,False,False,True,False
4033,0.9803921568627451,0.2739199861896336,0.9642857142857143,0.09022457415159414,0.5,1,False,False,True,False,False,True,False,True,False
4034,0.2549019607843137,0.06831815631608476,0.9642857142857143,0.013848300555511676,1.0,0,False,True,False,False,False,True,False,True,False
4035,0.5098039215686275,0.08514954037374305,0.75,0.12341047310638971,0.5555555555555555,1,False,False,True,False,False,True,False,True,False
4036,0.33333333333333337,0.009451469509300418,0.17857142857142855,0.13865413474449095,0.1111111111111111,1,True,False,False,False,True,False,False,False,True
4037,0.5294117647058824,0.042207932329204605,0.2142857142857143,0.004607324329305215,0.8333333333333333,0,True,False,False,False,True,False,False,False,True
4038,0.9803921568627451,0.050796253938112296,0.5,0.11861885580391228,0.5,1,False,True,False,False,False,True,False,True,False
4039,0.9019607843137255,0.37581459583099563,0.35714285714285715,0.056406813574493855,0.05555555555555555,1,True,False,False,False,False,True,True,False,False
4040,0.9019607843137255,0.04302792283457771,0.8214285714285714,0.013953610825895794,1.0,1,True,False,False,False,True,False,False,True,False
4041,0.05882352941176472,0.07997065297138665,0.07142857142857142,0.05735460600795093,0.16666666666666666,1,True,False,False,False,False,True,False,True,False
4042,0.11764705882352944,0.14405938457554704,0.17857142857142855,0.022747018402969752,0.8333333333333333,0,True,False,False,False,False,True,True,False,False
4043,0.8627450980392156,0.02291657675542704,0.8928571428571428,0.05656477898007003,0.2777777777777778,1,False,True,False,False,False,True,False,True,False
4044,0.6666666666666666,0.08627163264425358,0.03571428571428571,0.05107548113629781,0.5555555555555555,0,False,True,False,False,True,False,True,False,False
4045,0.9215686274509803,0.17366535755901774,0.9999999999999999,0.14120790880130585,0.8888888888888888,0,False,True,False,False,True,False,True,False,False
4046,0.1568627450980392,0.2610590824737819,0.4642857142857143,0.1567148461153674,0.7777777777777777,1,False,True,False,False,True,False,True,False,False
4047,0.13725490196078433,0.12744378749298693,0.2857142857142857,0.09835979253876734,0.16666666666666666,1,False,True,False,False,True,False,False,False,True
4048,1.0,0.14315307928013465,0.6071428571428571,0.002422136218834742,0.38888888888888884,0,False,True,False,False,False,True,False,False,True
4049,0.8627450980392156,0.017478744982952828,0.6428571428571428,0.28159966300713474,0.9444444444444444,0,False,True,False,False,True,False,False,False,True
4050,0.3137254901960784,0.37736826205170254,0.39285714285714285,0.12206776715899219,0.7222222222222221,1,False,True,False,False,False,True,False,True,False
4051,0.3137254901960784,0.018428207673384833,0.42857142857142855,0.0036595318958481424,0.05555555555555555,1,False,True,False,False,True,False,False,True,False
4052,0.9411764705882354,0.1929567131327953,0.8928571428571428,0.17990943316746966,0.8333333333333333,1,False,False,True,False,False,True,True,False,False
4053,0.6274509803921569,0.039834275603124594,0.39285714285714285,0.023536845430850644,0.7777777777777777,0,True,False,False,False,True,False,False,False,True
4054,0.607843137254902,0.3511285658797635,0.39285714285714285,0.0911592028012532,0.2777777777777778,1,True,False,False,False,True,False,True,False,False
4055,0.13725490196078433,0.1647749341849726,0.6071428571428571,0.06618750493641892,0.4444444444444444,1,False,True,False,False,True,False,False,False,True
4056,0.3529411764705882,0.18147684605757194,0.2857142857142857,0.05734144222415292,0.611111111111111,1,True,False,False,False,False,True,False,True,False
4057,0.7254901960784313,0.03202278710457037,0.5714285714285714,0.23216965484558882,0.5,1,True,False,False,False,True,False,False,True,False
4058,0.03921568627450983,0.0757843856544819,0.7142857142857143,0.06056656925466656,0.33333333333333326,1,False,False,True,False,True,False,False,True,False
4059,0.07843137254901966,0.12455224202667127,0.5357142857142857,0.008253692441355343,0.22222222222222224,0,True,False,False,False,True,False,True,False,False
4060,0.23529411764705888,0.19028095464157785,0.5714285714285714,0.30862491114445934,0.38888888888888884,1,True,False,False,False,False,True,False,False,True
4061,0.9019607843137255,0.014198782961460446,0.7142857142857143,0.2666982597477819,0.611111111111111,1,False,False,True,False,False,True,False,True,False
4062,0.8823529411764707,0.42462560959820467,0.8214285714285714,0.12146223310428349,0.0,1,False,True,False,False,False,True,False,False,True
4063,0.5882352941176471,0.08596953087911614,0.5,0.0,0.5,1,False,False,False,True,True,False,True,False,False
4064,0.2941176470588236,0.04082689568857624,0.35714285714285715,0.010267751362451623,0.5555555555555555,0,True,False,False,False,True,False,True,False,False
4065,0.9607843137254902,0.22403003754693365,0.8214285714285714,0.16473159044835847,0.22222222222222224,0,False,True,False,False,False,True,False,False,True
4066,0.607843137254902,0.09455785248802383,0.03571428571428571,0.008266856225153359,0.6666666666666666,1,False,True,False,False,True,False,False,True,False
4067,0.4117647058823529,0.08596953087911614,0.5,0.0,0.9444444444444444,0,False,False,False,True,True,False,False,False,True
4068,0.5490196078431373,0.048897328557248286,0.39285714285714285,0.0811810546823579,0.5,1,False,True,False,False,False,True,False,True,False
4069,0.4117647058823529,0.11259764360623192,0.7142857142857143,0.018376642182028804,0.8888888888888888,1,True,False,False,False,False,True,False,True,False
4070,0.823529411764706,0.169479090242113,0.0,0.0008161545954769239,1.0,0,False,False,True,False,True,False,True,False,False
4071,0.03921568627450983,0.06853394329118295,0.7857142857142857,0.05793381249506358,0.16666666666666666,1,False,True,False,False,True,False,False,False,True
4072,0.17647058823529416,0.12843640757843858,0.42857142857142855,0.0155464286654556,0.4444444444444444,0,False,True,False,False,False,True,True,False,False
4073,0.8039215686274509,0.15558240904579,0.75,0.01842929731722086,0.9444444444444444,1,False,True,False,False,False,True,True,False,False
4074,0.3921568627450981,0.16076129644814638,0.7142857142857143,0.008424821630729537,0.8333333333333333,1,False,True,False,False,True,False,False,False,True
4075,0.2941176470588236,0.08596953087911614,0.5,0.0,0.33333333333333326,1,False,True,False,False,True,False,False,True,False
4076,0.21568627450980393,0.25432652885071855,0.4642857142857143,0.13237500987283785,0.611111111111111,1,False,True,False,False,False,True,False,False,True
4077,0.019607843137254943,0.08596953087911614,0.4642857142857143,0.0,0.16666666666666666,0,False,True,False,False,False,True,True,False,False
4078,0.7843137254901961,0.08596953087911614,0.5357142857142857,0.0,0.611111111111111,0,False,True,False,False,False,True,False,True,False
4079,0.4509803921568628,0.035820637866298397,0.5714285714285714,0.0743885422425822,0.611111111111111,1,True,False,False,False,True,False,False,True,False
4080,0.6666666666666666,0.08540848474386085,0.17857142857142855,0.003501566490271964,0.16666666666666666,0,False,False,True,False,False,True,False,True,False
4081,0.5686274509803921,0.28211989124336456,0.8928571428571428,0.007569175683858569,0.611111111111111,1,True,False,False,False,True,False,False,True,False
4082,0.5686274509803921,0.06154244529800181,0.9642857142857143,0.03136929679066951,0.38888888888888884,0,True,False,False,False,False,True,False,True,False
4083,0.9019607843137255,0.17936213370160978,0.2142857142857143,0.08266856225153357,0.1111111111111111,1,False,True,False,False,True,False,False,True,False
4084,0.6666666666666666,0.013163005480989167,0.8928571428571428,0.14168180501803437,0.8333333333333333,1,True,False,False,False,True,False,True,False,False
4085,0.3529411764705882,0.0836821889430754,0.8928571428571428,0.09782007740304874,0.05555555555555555,0,False,True,False,False,True,False,True,False,False
4086,0.9607843137254902,0.6201286090371585,0.0,0.05241818708369534,0.2777777777777778,0,False,True,False,False,False,True,True,False,False
4087,0.13725490196078433,0.19053989901169566,0.8571428571428571,0.013255930284601007,0.8888888888888888,1,True,False,False,False,False,True,False,True,False
4088,0.4901960784313726,0.030598593068922358,0.5,0.1598214990916989,0.611111111111111,1,False,True,False,False,False,True,False,False,True
4089,0.9411764705882354,0.09011264080100125,0.6785714285714285,0.04762656978121791,0.4444444444444444,0,False,True,False,False,False,True,False,True,False
4090,0.7647058823529412,0.03443960122567002,0.7142857142857143,0.1402732801516468,0.8333333333333333,0,False,False,True,False,False,True,True,False,False
4091,0.11764705882352944,0.06823184152604549,0.6071428571428571,0.07577073954137378,0.33333333333333326,1,False,False,True,False,False,True,False,True,False
4092,0.5686274509803921,0.19610720296922876,0.9642857142857143,0.141326382855488,0.38888888888888884,0,False,True,False,False,False,True,True,False,False
4093,0.11764705882352944,0.08596953087911614,0.8928571428571428,0.0,0.33333333333333326,0,False,True,False,False,False,True,False,True,False
4094,0.03921568627450983,0.033533295930257646,0.42857142857142855,0.26734328515388467,0.22222222222222224,1,True,False,False,False,True,False,False,False,True
4095,0.0,0.3306719606404558,0.8214285714285714,0.08066766711423531,0.33333333333333326,1,True,False,False,False,False,True,False,False,True
4096,0.6862745098039217,0.11626602218290105,0.03571428571428571,0.0754416449464234,0.9444444444444444,1,False,True,False,False,True,False,True,False,False
4097,0.47058823529411764,0.0618877044581589,0.6428571428571428,0.03251454598109681,0.9444444444444444,0,True,False,False,False,False,True,False,True,False
4098,0.7058823529411765,0.09024211298606016,0.5,0.28915567490719535,0.8333333333333333,1,False,False,True,False,True,False,False,True,False
4099,0.0,0.12027965991972725,0.39285714285714285,0.064489376826475,0.33333333333333326,1,False,True,False,False,False,True,False,False,True
4100,0.27450980392156865,0.10625350653834535,0.5,0.014374851907432273,0.05555555555555555,1,False,False,True,False,False,True,True,False,False
4101,0.7058823529411765,0.08627163264425358,0.8571428571428571,0.05969775952399758,0.8888888888888888,0,False,False,True,False,True,False,False,False,True
4102,0.23529411764705888,0.09101894609641362,0.6071428571428571,0.014309032988442197,0.38888888888888884,0,False,True,False,False,False,True,False,True,False
4103,0.7647058823529412,0.02511760390142851,0.4642857142857143,0.07353289629571123,0.05555555555555555,1,True,False,False,False,False,True,False,False,True
4104,0.13725490196078433,0.21690906736869361,0.17857142857142855,0.08676249901271621,0.9444444444444444,1,False,True,False,False,True,False,False,False,True
4105,0.07843137254901966,0.10103146174096932,0.39285714285714285,0.04340099518205513,1.0,0,True,False,False,False,True,False,True,False,False
4106,0.1568627450980392,0.01821242069828665,0.6785714285714285,0.007832451359818866,0.4444444444444444,1,True,False,False,False,True,False,False,True,False
4107,0.0,0.188123084890596,0.7857142857142857,0.30262222573256453,0.611111111111111,1,False,True,False,False,False,True,True,False,False
4108,0.6862745098039217,0.3488843813387424,0.17857142857142855,0.15631993260142696,1.0,1,True,False,False,False,False,True,False,False,True
4109,0.6666666666666666,0.3810797980233913,0.8928571428571428,0.19225706237000764,0.38888888888888884,1,True,False,False,False,False,True,False,False,True
4110,0.019607843137254943,0.059600362522118165,0.2857142857142857,0.0481399573493405,0.38888888888888884,0,False,True,False,False,True,False,False,True,False
4111,0.7647058823529412,0.0188597816235812,0.8571428571428571,0.15065950556828056,0.5,1,False,True,False,False,True,False,False,True,False
4112,0.43137254901960786,0.09460100988304347,0.8928571428571428,0.0699655108864492,0.9444444444444444,1,False,True,False,False,True,False,False,False,True
4113,0.1568627450980392,0.015450347417029909,0.10714285714285714,0.023642155701234763,0.7777777777777777,0,True,False,False,False,True,False,True,False,False
4114,0.6470588235294118,0.35190539899011697,0.5714285714285714,0.013993102177289841,0.5555555555555555,1,False,False,True,False,False,True,False,False,True
4115,0.8823529411764707,0.026239696171939064,0.03571428571428571,0.04457257194007846,0.7222222222222221,0,True,False,False,False,False,True,False,False,True
4116,0.2549019607843137,0.0377195632471624,0.5357142857142857,0.015585920016849643,0.7777777777777777,0,False,True,False,False,True,False,False,False,True
4117,0.05882352941176472,0.06758448060075094,0.8214285714285714,0.6696680093726141,0.7222222222222221,0,True,False,False,False,False,True,False,True,False
4118,0.5686274509803921,0.06253506538345345,0.4642857142857143,0.00531816865439802,0.611111111111111,0,False,True,False,False,True,False,False,True,False
4119,0.5882352941176471,0.20495446894825428,0.8928571428571428,0.0,0.16666666666666666,0,False,True,False,False,False,True,False,True,False
4120,0.7254901960784313,0.07889171809589574,0.25,0.06335729141984572,0.1111111111111111,0,False,True,False,False,True,False,False,False,True
4121,0.1960784313725491,0.024254456001035776,0.4642857142857143,0.03766158544612063,0.611111111111111,1,False,True,False,False,False,True,True,False,False
4122,0.6666666666666666,0.08596953087911614,0.5,0.0,0.33333333333333326,0,False,False,False,True,True,False,False,True,False
4123,0.13725490196078433,0.09214103836692418,0.5357142857142857,0.017112918937419373,0.33333333333333326,1,False,False,True,False,False,True,False,True,False
4124,0.03921568627450983,0.02067239221440594,0.10714285714285714,0.16134849801226864,1.0,0,True,False,False,False,True,False,False,True,False
4125,0.2549019607843137,0.1224806870657287,0.0,0.042558513018982176,0.7222222222222221,0,True,False,False,False,True,False,False,False,True
4126,0.23529411764705888,0.1079798023391308,0.7857142857142857,0.09423952820998868,0.0,0,False,True,False,False,False,True,True,False,False
4127,0.8627450980392156,0.1624012774588926,0.6785714285714285,0.1324276650080299,0.33333333333333326,1,False,False,True,False,True,False,True,False,False
4128,0.607843137254902,0.35941478572353375,0.9285714285714285,0.23153779322328408,0.5,1,True,False,False,False,False,True,False,True,False
4129,0.6470588235294118,0.31504898364334727,0.4642857142857143,0.19025616723270938,0.9444444444444444,0,False,False,True,False,False,True,False,False,True
4130,0.8627450980392156,0.3781019377670364,0.25,0.09870205091751574,0.6666666666666666,0,False,True,False,False,False,True,False,True,False
4131,0.3529411764705882,0.03633852660653403,0.8571428571428571,0.051773161677592605,0.38888888888888884,0,True,False,False,False,False,True,True,False,False
4132,0.7254901960784313,0.01825557809330629,0.9642857142857143,0.0736776979174894,0.4444444444444444,1,True,False,False,False,True,False,False,True,False
4133,0.2941176470588236,0.04660998662120755,0.8571428571428571,0.15420056340994656,0.7777777777777777,0,False,True,False,False,False,True,False,True,False
4134,0.019607843137254943,0.2919166199128221,0.07142857142857142,0.22115156780665035,0.38888888888888884,1,True,False,False,False,False,True,False,True,False
4135,0.7647058823529412,0.4631651633507401,0.14285714285714285,0.011544638390859068,0.0,0,False,False,True,False,False,True,True,False,False
4136,0.3137254901960784,0.25393811229554186,0.17857142857142855,0.05116762762288392,0.1111111111111111,0,False,True,False,False,True,False,True,False,False
4137,0.6470588235294118,0.015105088256872816,0.75,0.15760998341363242,1.0,1,False,True,False,False,False,True,False,True,False
4138,0.8039215686274509,0.38138189978852877,0.8928571428571428,0.059500302767027356,0.4444444444444444,1,True,False,False,False,True,False,False,True,False
4139,0.2941176470588236,0.07129601657243968,0.25,0.04251902166758813,1.0,0,False,True,False,False,True,False,False,False,True
4140,0.7254901960784313,0.0012084070605498252,0.17857142857142855,0.05580127951978517,0.7777777777777777,0,True,False,False,False,True,False,False,True,False
4141,0.019607843137254943,0.07561175607440335,0.17857142857142855,0.09724087091593608,0.7222222222222221,0,True,False,False,False,True,False,False,True,False
4142,0.019607843137254943,0.006085192697768763,0.10714285714285714,0.8996919674591265,0.0,0,False,True,False,False,True,False,True,False,False
4143,0.4901960784313726,0.10163566527124424,0.2142857142857143,0.07153200115841298,0.1111111111111111,0,True,False,False,False,True,False,False,False,True
4144,0.23529411764705888,0.0535151698243494,0.8214285714285714,0.024629439486085883,0.05555555555555555,1,True,False,False,False,False,True,False,True,False
4145,0.9019607843137255,0.08303482801778084,0.6428571428571428,0.018718900560777192,0.0,0,False,False,True,False,True,False,False,False,True
4146,0.5882352941176471,0.1229554184109447,0.2142857142857143,0.004554669194113156,0.9444444444444444,0,True,False,False,False,False,True,False,True,False
4147,0.6470588235294118,0.2629580078546459,0.07142857142857142,0.08617012874180553,0.0,1,False,False,True,False,True,False,False,True,False
4148,0.7450980392156864,0.1403910059988779,0.25,0.08282652765710977,0.4444444444444444,1,False,True,False,False,True,False,False,True,False
4149,0.03921568627450983,0.07371283069353933,0.0,0.02419503462075139,0.33333333333333326,1,False,True,False,False,False,True,True,False,False
4150,0.13725490196078433,0.22161322342583403,0.0,0.1251612563515257,0.6666666666666666,1,False,True,False,False,False,True,False,True,False
4151,0.43137254901960786,0.3055543567390272,0.4642857142857143,0.1423136666403391,0.8888888888888888,1,False,True,False,False,False,True,True,False,False
4152,0.2549019607843137,0.016529282292520823,0.17857142857142855,0.031579917331437744,0.6666666666666666,0,False,False,True,False,False,True,False,True,False
4153,0.5098039215686275,0.09826938845971257,0.3214285714285714,0.04441460653450228,0.6666666666666666,0,False,True,False,False,True,False,False,True,False
4154,0.5490196078431373,0.08596953087911614,0.5,0.0,0.5,1,False,False,False,True,True,False,False,False,True
4155,0.7450980392156864,0.006257822277847309,0.9642857142857143,0.04937735302635389,0.2777777777777778,0,False,True,False,False,False,True,True,False,False
4156,0.7450980392156864,0.1429804497000561,0.4642857142857143,0.15064634178448252,0.22222222222222224,0,False,True,False,False,True,False,False,True,False
4157,0.0,0.25713175952699496,0.10714285714285714,0.06347576547402785,0.5,0,False,False,True,False,False,True,True,False,False
4158,0.3137254901960784,0.023002891545466315,0.17857142857142855,0.16604796882815998,0.7222222222222221,1,False,True,False,False,False,True,True,False,False
4159,0.7843137254901961,0.21669328039359545,0.5357142857142857,0.1543322012479267,0.5555555555555555,1,True,False,False,False,True,False,False,True,False
4160,0.5686274509803921,0.2485865953131069,0.9642857142857143,0.11603875417950137,0.22222222222222224,1,False,True,False,False,False,True,True,False,False
4161,0.23529411764705888,0.31815631608476114,0.7142857142857143,0.20319616670615803,0.16666666666666666,1,False,False,True,False,False,True,False,True,False
4162,0.3921568627450981,0.03992059039316387,0.9642857142857143,0.2949214122107258,0.1111111111111111,1,True,False,False,False,False,True,True,False,False
4163,0.3529411764705882,0.3033533295930258,0.0,0.09135665955822342,0.7222222222222221,1,True,False,False,False,True,False,False,False,True
4164,0.3529411764705882,0.05006257822277847,0.17857142857142855,0.028552247057894324,0.6666666666666666,0,False,True,False,False,False,True,False,True,False
4165,0.47058823529411764,0.10405247939234387,0.2857142857142857,0.05355027249032462,0.22222222222222224,1,False,True,False,False,True,False,False,True,False
4166,0.4117647058823529,0.006689396228043675,0.5,0.1495537477292473,0.611111111111111,1,False,False,True,False,True,False,False,True,False
4167,0.5882352941176471,0.005826248327650944,0.39285714285714285,0.11082589579548745,0.5,0,False,False,True,False,True,False,False,False,True
4168,0.3137254901960784,0.16499072116007077,0.07142857142857142,0.020614485427691336,0.05555555555555555,0,False,True,False,False,False,True,True,False,False
4169,0.43137254901960786,0.07612964481463899,0.35714285714285715,0.0055419529789642735,0.33333333333333326,0,False,True,False,False,False,True,False,True,False
4170,0.607843137254902,0.03832376677743732,0.5,0.12097517310375695,0.33333333333333326,0,False,True,False,False,False,True,True,False,False
4171,0.17647058823529416,0.027361788442449613,0.07142857142857142,0.030447831924808468,0.16666666666666666,1,False,True,False,False,False,True,False,True,False
4172,0.17647058823529416,0.14354149583531137,0.4642857142857143,0.07292736224100255,0.611111111111111,1,True,False,False,False,True,False,True,False,False
4173,0.6862745098039217,4.3157395019636617e-05,0.03571428571428571,0.14463049258878974,0.16666666666666666,0,False,True,False,False,True,False,True,False,False
4174,0.13725490196078433,0.21224806870657287,0.9999999999999999,0.08709159360766658,0.33333333333333326,1,False,True,False,False,False,True,False,False,True
4175,1.0,0.01070303396486988,0.10714285714285714,0.009161993523418371,0.6666666666666666,0,True,False,False,False,False,True,False,True,False
4176,0.37254901960784315,0.02753441802252816,0.8928571428571428,0.021614932996340472,0.38888888888888884,0,False,True,False,False,False,True,True,False,False
4177,0.607843137254902,0.06318242630874801,0.6428571428571428,0.02607745570386752,0.7222222222222221,0,True,False,False,False,True,False,True,False,False
4178,0.9607843137254902,0.08588321608907686,0.39285714285714285,0.031408788142063555,0.1111111111111111,1,False,False,True,False,True,False,False,False,True
4179,0.2549019607843137,0.05675197445082215,0.03571428571428571,0.08776294658136535,0.05555555555555555,1,False,True,False,False,True,False,True,False,False
4180,0.9607843137254902,0.05006257822277847,0.5714285714285714,0.07383566332306558,0.5,0,True,False,False,False,True,False,True,False,False
4181,0.5294117647058824,0.4301065987656985,0.07142857142857142,0.023918595160993077,0.2777777777777778,1,False,True,False,False,True,False,False,True,False
4182,0.8823529411764707,0.13283846187044152,0.3214285714285714,0.007371718926888344,0.33333333333333326,0,False,True,False,False,False,True,True,False,False
4183,1.0,0.0030641750463941994,0.5357142857142857,0.01979833083221441,0.8333333333333333,0,False,True,False,False,False,True,False,False,True
4184,0.4509803921568628,0.08596953087911614,0.5,0.0,0.2777777777777778,1,False,False,False,True,True,False,False,False,True
4185,0.27450980392156865,0.2692589875275128,0.2857142857142857,0.06656925466656136,0.8333333333333333,1,False,True,False,False,True,False,True,False,False
4186,0.4117647058823529,0.046437357041128995,0.35714285714285715,0.2127267461759208,0.611111111111111,1,False,True,False,False,True,False,False,True,False
4187,0.5686274509803921,0.012860903715851711,0.7142857142857143,0.19891793697180318,0.7777777777777777,1,False,False,True,False,False,True,False,False,True
4188,0.05882352941176472,0.18389366017867162,0.5,0.07545480873022142,0.1111111111111111,1,True,False,False,False,False,True,False,True,False
4189,0.23529411764705888,0.1205817616848647,0.07142857142857142,0.1291630466261222,0.8333333333333333,1,False,False,True,False,False,True,False,True,False
4190,0.43137254901960786,0.10936083897975918,0.5357142857142857,0.022549561645999524,0.9444444444444444,1,True,False,False,False,False,True,True,False,False
4191,0.13725490196078433,0.007120970178240041,0.7142857142857143,0.122791775267883,0.7777777777777777,1,False,True,False,False,False,True,False,True,False
4192,0.33333333333333337,0.019593457338915023,0.7142857142857143,0.03348866598214991,0.2777777777777778,0,False,True,False,False,True,False,False,False,True
4193,0.21568627450980393,0.12614906564239783,0.7142857142857143,0.18788668614906667,0.8888888888888888,0,False,True,False,False,True,False,True,False,False
4194,0.5882352941176471,0.030167019118725994,0.9642857142857143,0.00921464865861043,0.05555555555555555,0,False,True,False,False,False,True,True,False,False
4195,0.2549019607843137,0.09080315912131544,0.39285714285714285,0.15621462233104283,0.05555555555555555,1,True,False,False,False,False,True,True,False,False
4196,0.6470588235294118,0.10193776703638169,0.7857142857142857,0.011083905957928547,0.8888888888888888,1,True,False,False,False,True,False,False,False,True
4197,0.33333333333333337,0.04315739501963661,0.14285714285714285,0.22433720348576994,1.0,0,False,True,False,False,False,True,True,False,False
4198,0.6470588235294118,0.38384187130464803,0.2142857142857143,0.038201300581839244,0.22222222222222224,1,False,True,False,False,False,True,False,True,False
4199,0.1960784313725491,0.23926459798886537,0.2857142857142857,0.11189216228312666,0.16666666666666666,0,False,True,False,False,False,True,False,False,True
4200,0.7843137254901961,0.16589702645548313,0.7142857142857143,0.07039991575178368,0.9444444444444444,1,False,True,False,False,True,False,False,True,False
4201,0.21568627450980393,0.010530404384791334,0.6071428571428571,0.048034647078956376,0.38888888888888884,0,False,True,False,False,True,False,False,True,False
4202,0.9411764705882354,0.014544042121617539,0.7142857142857143,0.10919358660453361,0.4444444444444444,1,True,False,False,False,False,True,True,False,False
4203,0.27450980392156865,0.08786845625998015,0.25,0.31038885817339334,0.9444444444444444,1,False,True,False,False,False,True,False,True,False
4204,0.5882352941176471,0.02270078978032886,0.39285714285714285,0.004436195139931022,0.5555555555555555,0,True,False,False,False,False,True,False,False,True
4205,0.9411764705882354,0.4957489965905658,0.6785714285714285,0.2644867440697154,0.8333333333333333,1,False,True,False,False,False,True,True,False,False
4206,0.5490196078431373,0.022355530620171767,0.03571428571428571,0.09891267145828397,0.8333333333333333,1,False,True,False,False,False,True,False,False,True
4207,0.4901960784313726,0.08653057701437142,0.3214285714285714,0.17341968775504832,0.16666666666666666,0,True,False,False,False,False,True,False,True,False
4208,0.33333333333333337,0.05860774243666652,0.6428571428571428,0.05099649843350973,0.4444444444444444,0,True,False,False,False,True,False,False,False,True
4209,0.607843137254902,0.13206162876008803,0.2857142857142857,0.06722744385646211,0.6666666666666666,0,False,True,False,False,False,True,False,True,False
4210,0.4117647058823529,0.08596953087911614,0.5,0.0,0.38888888888888884,1,False,False,False,True,True,False,False,True,False
4211,0.7254901960784313,0.0728496827931466,0.8214285714285714,0.05643314114208988,0.5555555555555555,0,False,True,False,False,False,True,False,True,False
4212,0.3137254901960784,0.0416037287989297,0.25,0.0805623568438512,0.4444444444444444,0,False,True,False,False,False,True,True,False,False
4213,0.43137254901960786,0.28315566872383585,0.8214285714285714,0.0021456967590764288,0.9444444444444444,0,True,False,False,False,False,True,False,True,False
4214,0.4509803921568628,0.00535151698243494,0.8214285714285714,0.01817918542505858,0.1111111111111111,1,True,False,False,False,False,True,True,False,False
4215,0.9607843137254902,0.3172500107893488,0.8214285714285714,0.10808782876550035,0.9444444444444444,1,False,True,False,False,True,False,False,True,False
4216,0.13725490196078433,0.23171205386042898,0.0,0.13292788879235448,1.0,1,False,True,False,False,True,False,False,True,False
4217,0.7843137254901961,0.04574683872081481,0.17857142857142855,0.09201484874812417,0.4444444444444444,0,False,False,True,False,True,False,True,False,False
4218,0.09803921568627455,0.20163134953174225,0.39285714285714285,0.016283600558144432,0.9444444444444444,0,False,True,False,False,True,False,False,True,False
4219,0.07843137254901966,0.004099952526865478,0.8571428571428571,0.06208040439143827,0.8333333333333333,0,False,True,False,False,False,True,False,False,True
4220,0.8431372549019608,0.4411548918907255,0.8214285714285714,0.0461917173472343,0.7222222222222221,1,True,False,False,False,True,False,True,False,False
4221,0.5490196078431373,0.09680203702904493,0.6428571428571428,0.0720848800779296,1.0,1,False,False,True,False,False,True,False,False,True
4222,0.5294117647058824,0.04678261620128609,0.9285714285714285,0.2151225548271595,0.7777777777777777,1,False,True,False,False,False,True,False,True,False
4223,0.1960784313725491,0.05830564067152907,0.5714285714285714,0.15749150935945028,0.16666666666666666,1,True,False,False,False,False,True,False,False,True
4224,0.0,0.008890423374045144,0.03571428571428571,0.009240976226206461,0.611111111111111,0,True,False,False,False,False,True,True,False,False
4225,0.823529411764706,0.5880626645375685,0.35714285714285715,0.23274886133270148,0.33333333333333326,1,False,True,False,False,True,False,False,False,True
4226,0.3529411764705882,0.005178887402356394,0.6071428571428571,0.06721428007266408,0.5555555555555555,1,True,False,False,False,False,True,False,True,False
4227,0.1568627450980392,0.13775840490268007,0.7857142857142857,0.14343258826317035,0.33333333333333326,0,False,False,True,False,True,False,True,False,False
4228,0.5098039215686275,0.07569807086444262,0.9642857142857143,0.015888687044203986,0.1111111111111111,0,False,True,False,False,False,True,False,False,True
4229,0.6470588235294118,0.38509343576021754,0.75,0.11698654661295843,0.16666666666666666,0,False,True,False,False,True,False,False,True,False
4230,0.8431372549019608,0.03655431358163221,0.35714285714285715,0.028394281652318144,0.05555555555555555,1,False,False,True,False,False,True,True,False,False
4231,0.05882352941176472,0.09831254585473222,0.6071428571428571,0.06075086222783877,0.7777777777777777,1,True,False,False,False,True,False,False,False,True
4232,0.6862745098039217,0.08523585516378232,0.25,0.0017902745965300267,0.611111111111111,0,False,True,False,False,True,False,True,False,False
4233,0.33333333333333337,0.1571360752664969,0.5,0.017310375694389597,0.8888888888888888,0,True,False,False,False,False,True,False,True,False
4234,0.27450980392156865,0.009106210349143325,0.2857142857142857,0.01017560487586552,0.9444444444444444,0,True,False,False,False,False,True,True,False,False
4235,0.9803921568627451,0.027879677182685254,0.5,0.02886817786904668,0.38888888888888884,0,True,False,False,False,True,False,False,True,False
4236,0.23529411764705888,0.03128911138923655,0.2142857142857143,0.011097069741726561,0.38888888888888884,1,False,False,True,False,False,True,False,False,True
4237,0.3529411764705882,0.1734927279789392,0.6785714285714285,0.12398967959350235,0.22222222222222224,0,False,True,False,False,True,False,False,True,False
4238,0.9411764705882354,0.02714600146735143,0.42857142857142855,0.0031066529763315166,0.4444444444444444,1,False,True,False,False,True,False,False,True,False
4239,0.09803921568627455,0.11031030167019118,0.42857142857142855,0.10126898875812865,0.22222222222222224,1,True,False,False,False,False,True,False,True,False
4240,0.9215686274509803,0.031375426179275814,0.0,0.015967669746992076,0.5,0,False,True,False,False,False,True,True,False,False
4241,0.21568627450980393,0.25605282465150403,0.6785714285714285,0.3057552062764921,0.0,1,True,False,False,False,False,True,False,False,True
4242,0.9803921568627451,0.36908204220793234,0.10714285714285714,0.2848116262538504,0.16666666666666666,0,False,True,False,False,True,False,False,True,False
4243,0.7058823529411765,0.0946441672780631,0.8214285714285714,0.02690677408314246,0.8333333333333333,0,False,True,False,False,True,False,False,True,False
4244,0.3137254901960784,0.05623408571058651,0.10714285714285714,0.10036068767606561,0.9444444444444444,1,False,True,False,False,False,True,False,True,False
4245,0.43137254901960786,0.03452591601570929,0.10714285714285714,0.0029881789221493826,0.611111111111111,1,True,False,False,False,True,False,False,False,True
4246,0.4901960784313726,0.006603081438004402,0.42857142857142855,0.2827712397651581,0.7777777777777777,1,True,False,False,False,False,True,True,False,False
4247,0.5490196078431373,0.04048163652841915,0.03571428571428571,0.07795592765184424,0.9444444444444444,1,False,True,False,False,True,False,False,True,False
4248,0.6274509803921569,0.13749946053256226,0.9642857142857143,0.00464681568069926,0.22222222222222224,1,False,True,False,False,False,True,True,False,False
4249,0.5098039215686275,0.09874411980492857,0.8928571428571428,0.044151330858541976,0.7222222222222221,0,False,True,False,False,True,False,False,True,False
4250,0.47058823529411764,0.3732683095248371,0.7857142857142857,0.008424821630729537,0.33333333333333326,0,True,False,False,False,True,False,True,False,False
4251,0.17647058823529416,0.06534029605972984,0.5,0.052562988705473504,0.5555555555555555,1,False,True,False,False,False,True,False,True,False
4252,0.9019607843137255,0.1532519097147296,0.10714285714285714,0.11673643472079616,0.7777777777777777,1,True,False,False,False,False,True,False,False,True
4253,0.43137254901960786,0.08700530835958742,0.9285714285714285,0.06683253034252166,0.5555555555555555,1,True,False,False,False,False,True,False,False,True
4254,0.3921568627450981,0.09304734366233654,0.17857142857142855,0.0509701708659137,0.33333333333333326,1,False,True,False,False,False,True,False,False,True
4255,0.3921568627450981,0.04035216434336023,0.07142857142857142,0.013361240554985125,0.16666666666666666,0,True,False,False,False,False,True,True,False,False
4256,0.823529411764706,0.07858961633075828,0.2142857142857143,0.0295921859779375,0.0,0,False,True,False,False,False,True,True,False,False
4257,0.23529411764705888,0.08596953087911614,0.5,0.0,0.05555555555555555,0,False,False,False,True,True,False,False,True,False
4258,0.7058823529411765,0.08596953087911614,0.5,0.0,0.16666666666666666,1,False,False,False,True,True,False,True,False,False
4259,0.6274509803921569,0.3656294506063614,0.10714285714285714,0.015296316773293314,0.22222222222222224,1,False,True,False,False,False,True,True,False,False
4260,0.4509803921568628,0.05170255923352467,0.3214285714285714,0.09527946713003185,0.05555555555555555,0,True,False,False,False,False,True,False,False,True
4261,0.8431372549019608,0.005567303957533123,0.7142857142857143,0.044190822209936025,0.05555555555555555,0,False,True,False,False,False,True,False,True,False
4262,0.1960784313725491,0.08877476155539252,0.2857142857142857,0.02697259300213253,0.9444444444444444,1,True,False,False,False,False,True,False,False,True
4263,0.3137254901960784,0.10180829485132277,0.17857142857142855,0.10742963957559962,0.7222222222222221,1,True,False,False,False,False,True,True,False,False
4264,0.05882352941176472,0.02386603944585905,0.9999999999999999,0.0643050838533028,0.1111111111111111,0,True,False,False,False,True,False,False,True,False
4265,0.9019607843137255,0.18501575244918217,0.6785714285714285,0.0,0.9444444444444444,0,False,True,False,False,True,False,True,False,False
4266,0.47058823529411764,0.5431358163221268,0.9285714285714285,0.09463444172392912,0.5,1,True,False,False,False,False,True,False,False,True
4267,0.5686274509803921,0.37736826205170254,0.35714285714285715,0.07117657899586657,0.2777777777777778,1,True,False,False,False,True,False,False,False,True
4268,0.1568627450980392,0.02844072331794053,0.2142857142857143,0.03808282652765711,0.05555555555555555,0,False,True,False,False,False,True,True,False,False
4269,0.3921568627450981,0.2696042466876699,0.6071428571428571,0.08623594766079563,0.5555555555555555,1,True,False,False,False,False,True,False,True,False
4270,0.37254901960784315,0.15782659358681111,0.10714285714285714,0.11659163309901797,0.9444444444444444,1,False,False,True,False,False,True,False,False,True
4271,0.3529411764705882,0.07833067196064045,0.14285714285714285,0.002843377300371219,0.7222222222222221,0,False,True,False,False,False,True,True,False,False
4272,0.3529411764705882,0.10072935997583186,0.10714285714285714,0.06604270331464077,0.6666666666666666,1,False,False,True,False,True,False,False,True,False
4273,0.21568627450980393,0.24526347589659486,0.10714285714285714,0.006252797304057078,0.33333333333333326,0,False,True,False,False,False,True,False,True,False
4274,0.7058823529411765,0.08471796642354668,0.9285714285714285,0.021720243266724587,0.5,0,False,True,False,False,False,True,False,True,False
4275,0.8039215686274509,0.0604635104225109,0.42857142857142855,0.086578206039544,1.0,1,False,True,False,False,True,False,False,True,False
4276,0.3137254901960784,0.08799792844503906,0.5357142857142857,0.21181844509385778,0.6666666666666666,1,True,False,False,False,False,True,False,False,True
4277,0.7058823529411765,0.11203659747097666,0.8571428571428571,0.22577205591975358,0.05555555555555555,1,False,True,False,False,False,True,False,True,False
4278,0.9215686274509803,0.02714600146735143,0.4642857142857143,0.0076349946028486425,0.611111111111111,0,False,False,True,False,True,False,False,True,False
4279,0.7450980392156864,0.2992965344611799,0.35714285714285715,0.057196640602374754,0.38888888888888884,1,True,False,False,False,False,True,False,True,False
4280,0.5294117647058824,0.14518147684605756,0.9999999999999999,0.09210699523471026,0.9444444444444444,1,True,False,False,False,False,True,True,False,False
4281,0.7843137254901961,0.12986060161408658,0.03571428571428571,0.01675749677487297,0.05555555555555555,0,False,True,False,False,True,False,False,True,False
4282,0.6666666666666666,0.013551422036165897,0.75,0.15269989205697285,0.8333333333333333,1,False,False,True,False,False,True,False,True,False
4283,0.9019607843137255,0.1199775581545898,0.4642857142857143,0.14359055366874654,0.38888888888888884,1,True,False,False,False,False,True,False,True,False
4284,0.9215686274509803,0.01670191187259937,0.8214285714285714,0.24607061053629256,0.8333333333333333,0,False,True,False,False,True,False,True,False,False
4285,0.33333333333333337,0.010616719174830607,0.8214285714285714,0.0008951372982650133,0.38888888888888884,0,True,False,False,False,False,True,False,True,False
4286,0.2549019607843137,0.0970178240041431,0.9285714285714285,0.025722033541321118,0.6666666666666666,0,True,False,False,False,True,False,True,False,False
4287,0.6666666666666666,0.06672133270035821,0.2142857142857143,0.18487217965932126,0.2777777777777778,0,True,False,False,False,False,True,False,True,False
4288,0.8431372549019608,0.11505761512235121,0.8928571428571428,0.11693389147776637,0.0,0,False,True,False,False,True,False,False,True,False
4289,0.7843137254901961,0.012084070605498251,0.35714285714285715,0.2367374878235,0.05555555555555555,1,False,True,False,False,True,False,False,True,False
4290,0.11764705882352944,0.07302231237322516,0.10714285714285714,0.006200142168865019,0.33333333333333326,0,False,True,False,False,False,True,False,True,False
4291,0.7843137254901961,0.024858659531310688,0.2142857142857143,0.09570070821156834,0.6666666666666666,0,False,True,False,False,True,False,False,True,False
4292,0.23529411764705888,0.5632903197962972,0.9999999999999999,0.08864492009583236,0.16666666666666666,1,True,False,False,False,True,False,False,True,False
4293,0.33333333333333337,0.10664192309352208,0.5357142857142857,0.0038306610852223365,0.4444444444444444,1,False,False,True,False,False,True,False,True,False
4294,0.7058823529411765,0.15057615122351214,0.8928571428571428,0.07588921359555591,1.0,1,False,False,True,False,False,True,True,False,False
4295,0.23529411764705888,0.050968883518190844,0.17857142857142855,0.09903114551246611,0.1111111111111111,0,True,False,False,False,False,True,False,True,False
4296,0.6862745098039217,0.012904061110871348,0.9285714285714285,0.022365268672827315,0.05555555555555555,0,True,False,False,False,False,True,False,False,True
4297,0.5882352941176471,0.48219757455439993,0.17857142857142855,0.03362030382013006,0.8333333333333333,0,False,True,False,False,False,True,False,False,True
4298,0.019607843137254943,0.04367528375987225,0.03571428571428571,0.10769291525155991,0.5,0,True,False,False,False,False,True,False,False,True
4299,0.2941176470588236,0.07138233136247896,0.8214285714285714,0.0665165995313693,0.611111111111111,0,False,True,False,False,False,True,False,True,False
4300,0.1568627450980392,0.13585947952181607,0.25,0.2055656477898007,0.9444444444444444,1,False,True,False,False,True,False,False,False,True
4301,0.1568627450980392,0.0032368046264727463,0.9285714285714285,0.04413816707474397,0.05555555555555555,1,True,False,False,False,True,False,False,True,False
4302,0.7254901960784313,0.21518277156790816,0.2142857142857143,0.03265934760287497,0.7222222222222221,1,False,True,False,False,False,True,False,True,False
4303,0.1960784313725491,0.09956411031030167,0.9285714285714285,0.4413290156122476,0.611111111111111,1,False,True,False,False,False,True,False,True,False
4304,0.4117647058823529,0.042207932329204605,0.8571428571428571,0.2549166732485586,0.38888888888888884,1,True,False,False,False,False,True,False,False,True
4305,0.6274509803921569,0.008243062448750593,0.8214285714285714,0.003093489192533502,0.33333333333333326,0,False,True,False,False,False,True,False,True,False
4306,0.6862745098039217,0.022959734150446682,0.4642857142857143,0.15510886449200958,0.6666666666666666,1,False,True,False,False,True,False,False,False,True
4307,0.8627450980392156,0.2918303051227828,0.2857142857142857,0.012308137851143933,0.7777777777777777,0,False,True,False,False,True,False,False,True,False
4308,0.43137254901960786,0.14997194769323724,0.5,0.002935523786957323,0.7222222222222221,1,False,True,False,False,False,True,False,False,True
4309,0.8627450980392156,0.0372448319019464,0.8571428571428571,0.033672958955322116,0.22222222222222224,1,False,True,False,False,False,True,False,False,True
4310,0.8627450980392156,0.00880410858400587,0.75,0.03305426111681542,0.38888888888888884,1,True,False,False,False,True,False,False,False,True
4311,0.6470588235294118,0.1519140304691209,0.6071428571428571,0.18018587262722796,0.9444444444444444,1,False,True,False,False,False,True,True,False,False
4312,0.1568627450980392,0.11000819990505373,0.39285714285714285,0.13059789906010583,0.22222222222222224,1,True,False,False,False,True,False,False,False,True
4313,0.4509803921568628,0.06710974925553494,0.7857142857142857,0.42080667667114235,0.4444444444444444,1,False,True,False,False,False,True,False,False,True
4314,0.13725490196078433,0.05852142764662725,0.6428571428571428,0.1309138298712582,0.5,1,False,True,False,False,False,True,False,True,False
4315,0.11764705882352944,0.03163437054939364,0.42857142857142855,0.05705183898059659,0.8888888888888888,0,True,False,False,False,False,True,True,False,False
4316,0.6862745098039217,0.08596953087911614,0.5,0.0,0.1111111111111111,0,False,False,False,True,True,False,True,False,False
4317,0.33333333333333337,0.4569073410728929,0.8571428571428571,0.7921701813969407,0.0,1,True,False,False,False,True,False,False,True,False
4318,0.03921568627450983,0.025031289111389236,0.3214285714285714,0.13041360608693361,0.33333333333333326,1,False,False,True,False,True,False,False,False,True
4319,0.5294117647058824,0.11769021621854904,0.3214285714285714,0.15102809151462498,0.7777777777777777,1,False,True,False,False,False,True,False,True,False
4320,0.09803921568627455,0.07146864615251823,0.03571428571428571,0.2934470684253482,1.0,0,False,True,False,False,True,False,True,False,False
4321,0.8431372549019608,0.07664753355487464,0.4642857142857143,0.012703051365084381,0.38888888888888884,0,False,False,True,False,True,False,False,True,False
4322,0.8431372549019608,0.03797850761728022,0.42857142857142855,0.12847852986862543,0.5555555555555555,1,False,True,False,False,False,True,False,True,False
4323,0.3921568627450981,0.22575633334771913,0.75,0.2003527894057868,0.05555555555555555,1,False,True,False,False,False,True,False,True,False
4324,0.5294117647058824,0.08596953087911614,0.9999999999999999,0.3251322960271701,0.05555555555555555,1,False,True,False,False,False,True,False,False,True
4325,0.7647058823529412,0.10150619308618532,0.17857142857142855,0.024958534081036255,0.5555555555555555,0,True,False,False,False,False,True,False,True,False
4326,0.0,0.04704156057140391,0.2857142857142857,0.07382249953926756,0.8888888888888888,0,False,True,False,False,False,True,False,False,True
4327,0.6862745098039217,0.02598075180182124,0.42857142857142855,0.12017218229207804,0.5,1,False,True,False,False,False,True,False,False,True
4328,0.3921568627450981,0.011609339260282249,0.2857142857142857,0.029934444356685883,0.22222222222222224,0,False,True,False,False,False,True,True,False,False
4329,0.823529411764706,0.08596953087911614,0.42857142857142855,0.0,0.1111111111111111,1,True,False,False,False,True,False,False,True,False
4330,0.6666666666666666,0.02826809373786198,0.14285714285714285,0.03136929679066951,0.4444444444444444,0,False,True,False,False,False,True,False,True,False
4331,0.23529411764705888,0.15165508609900308,0.4642857142857143,0.04271647842455836,0.05555555555555555,1,False,True,False,False,False,True,True,False,False
4332,0.9411764705882354,0.06408873160416037,0.14285714285714285,0.06134323249874944,1.0,1,True,False,False,False,False,True,False,True,False
4333,0.17647058823529416,0.06956972077165423,0.2857142857142857,0.07932496116683779,0.8888888888888888,0,False,False,True,False,False,True,True,False,False
4334,0.8431372549019608,0.08199905053730956,0.25,0.06283074006792512,0.611111111111111,0,True,False,False,False,False,True,False,False,True
4335,0.9019607843137255,0.05934141815200034,0.2142857142857143,0.07157149250980702,0.4444444444444444,0,True,False,False,False,True,False,False,True,False
4336,0.17647058823529416,0.013724051616244444,0.25,0.03734565463496828,0.16666666666666666,0,False,True,False,False,False,True,True,False,False
4337,0.8823529411764707,0.047991023261835915,0.75,0.018231840560250637,0.9444444444444444,1,False,True,False,False,False,True,False,False,True
4338,0.23529411764705888,0.14112468171421175,0.07142857142857142,0.005107548113629782,0.8333333333333333,1,False,True,False,False,False,True,False,False,True
4339,0.7058823529411765,0.1419015148245652,0.7857142857142857,0.022970802727536002,0.5,0,True,False,False,False,True,False,False,False,True
4340,0.7254901960784313,0.04367528375987225,0.8214285714285714,0.09184371955874997,0.611111111111111,1,False,True,False,False,False,True,False,False,True
4341,0.4509803921568628,0.07979802339130809,0.5,0.16242792828370586,0.5555555555555555,0,True,False,False,False,True,False,False,True,False
4342,0.019607843137254943,0.027836519787665617,0.25,0.0195218913724561,0.22222222222222224,1,False,False,True,False,True,False,False,False,True
4343,0.4117647058823529,0.030598593068922358,0.0,0.012097517310375694,0.5555555555555555,1,False,True,False,False,True,False,False,False,True
4344,0.3137254901960784,0.0030210176513745628,0.2142857142857143,0.14569675907642893,0.8333333333333333,0,False,True,False,False,True,False,True,False,False
4345,0.6862745098039217,0.29398817487376466,0.6428571428571428,0.03834610220361741,0.7777777777777777,1,False,True,False,False,False,True,False,True,False
4346,0.2549019607843137,0.030641750463941995,0.03571428571428571,0.31868204196614275,0.2777777777777778,1,False,True,False,False,False,True,True,False,False
4347,0.17647058823529416,0.03344698114021838,0.4642857142857143,0.13194060500750338,0.6666666666666666,1,False,True,False,False,False,True,False,True,False
4348,0.6666666666666666,0.04246687669932243,0.6071428571428571,0.04166337572071716,0.8333333333333333,1,False,False,True,False,False,True,False,True,False
4349,0.47058823529411764,0.017651374563031376,0.5,0.03600294868757076,0.1111111111111111,0,False,True,False,False,False,True,True,False,False
4350,0.03921568627450983,0.1320184713650684,0.4642857142857143,0.07811389305742043,0.9444444444444444,1,False,True,False,False,False,True,True,False,False
4351,0.9019607843137255,0.010098830434594967,0.8214285714285714,0.008688097306689834,0.0,0,False,True,False,False,False,True,True,False,False
4352,0.7254901960784313,0.018643994648483018,0.8571428571428571,0.013190111365610931,0.8888888888888888,1,False,False,True,False,False,True,False,True,False
4353,0.3137254901960784,0.13400371153597168,0.6428571428571428,0.020364373535529053,0.2777777777777778,1,True,False,False,False,False,True,False,False,True
4354,0.21568627450980393,0.05373095679944758,0.6428571428571428,0.15695179422373168,0.4444444444444444,0,False,False,True,False,False,True,False,True,False
4355,1.0,0.15933710241249838,0.75,0.07595503251454598,0.16666666666666666,1,False,False,True,False,False,True,False,True,False
4356,0.4509803921568628,0.10551983082301152,0.9285714285714285,0.0011189216228312665,0.33333333333333326,1,False,True,False,False,True,False,True,False,False
4357,0.5490196078431373,0.038280609382417674,0.8928571428571428,0.11788168391122344,0.5555555555555555,1,False,True,False,False,False,True,False,True,False
4358,0.823529411764706,0.13624789607699278,0.5714285714285714,0.058039122765447704,0.1111111111111111,0,False,True,False,False,False,True,False,True,False
4359,0.47058823529411764,0.016011393552285185,0.75,0.07531000710844325,0.8333333333333333,1,False,True,False,False,False,True,False,True,False
4360,0.6862745098039217,0.09952095291528203,0.9642857142857143,0.025379775162572733,0.2777777777777778,1,True,False,False,False,True,False,False,False,True
4361,0.4901960784313726,0.07440334901385352,0.6428571428571428,0.08451149198325567,0.33333333333333326,1,False,True,False,False,False,True,True,False,False
4362,0.7254901960784313,0.04035216434336023,0.9285714285714285,0.4076034015217334,0.611111111111111,0,False,True,False,False,False,True,False,True,False
4363,0.0,0.11993440075957015,0.5357142857142857,0.00802990811678909,0.33333333333333326,1,True,False,False,False,False,True,False,True,False
4364,0.37254901960784315,0.26550429416080445,0.6785714285714285,0.03517363030829582,1.0,1,True,False,False,False,True,False,True,False,False
4365,0.5294117647058824,0.8825687281515687,0.8571428571428571,0.029315746518179184,0.8333333333333333,1,True,False,False,False,True,False,False,False,True
4366,0.2941176470588236,0.12118596521513961,0.6428571428571428,0.030092409762262063,0.9444444444444444,0,False,True,False,False,False,True,True,False,False
4367,0.9019607843137255,0.06715290665055458,0.0,0.05012768870284074,0.5,0,True,False,False,False,False,True,False,False,True
4368,0.3137254901960784,0.03301540719002201,0.6428571428571428,0.17948819208593317,0.0,1,True,False,False,False,True,False,True,False,False
4369,0.7647058823529412,0.03849639635751586,0.2142857142857143,0.25698338730484693,0.38888888888888884,1,False,True,False,False,True,False,True,False,False
4370,0.5294117647058824,0.08454533684346813,0.9999999999999999,0.023786957323012926,0.1111111111111111,1,True,False,False,False,False,True,False,False,True
4371,0.21568627450980393,0.059255103361961076,0.7857142857142857,0.08245794171076534,0.8333333333333333,0,False,False,True,False,False,True,False,False,True
4372,0.5098039215686275,0.3173794829744077,0.35714285714285715,0.10669246768291077,0.1111111111111111,1,False,True,False,False,False,True,False,False,True
4373,0.8039215686274509,0.059470890337059254,0.14285714285714285,0.07769265197588396,0.05555555555555555,1,False,True,False,False,False,True,True,False,False
4374,0.9019607843137255,0.06054982521255017,0.5714285714285714,0.05994787141615986,0.611111111111111,0,False,True,False,False,False,True,False,False,True
4375,0.5686274509803921,0.06262138017349272,0.35714285714285715,0.02244425137561541,0.38888888888888884,0,False,True,False,False,True,False,True,False,False
4376,0.7843137254901961,0.234560441931725,0.8214285714285714,0.07054471737356187,1.0,1,False,False,True,False,False,True,False,False,True
4377,0.6470588235294118,0.13620473868197316,0.8928571428571428,0.05401100492325514,0.9444444444444444,1,False,True,False,False,True,False,False,True,False
4378,0.7058823529411765,0.12330067757110182,0.25,0.16718005423478924,0.7777777777777777,1,True,False,False,False,False,True,True,False,False
4379,0.09803921568627455,0.05265202192395667,0.3214285714285714,0.15188373746149592,0.8888888888888888,1,True,False,False,False,True,False,False,False,True
4380,0.11764705882352944,0.2205342885503431,0.39285714285714285,0.015151515151515152,0.9444444444444444,1,True,False,False,False,False,True,False,True,False
4381,0.607843137254902,0.005049415217297484,0.3214285714285714,0.009754363794329042,0.9444444444444444,0,False,True,False,False,False,True,True,False,False
4382,0.607843137254902,0.08596953087911614,0.5,0.0,0.4444444444444444,0,False,True,False,False,True,False,False,False,True
4383,0.47058823529411764,0.09309050105735618,0.8928571428571428,0.08074664981702341,0.22222222222222224,0,False,True,False,False,True,False,False,True,False
4384,0.6274509803921569,0.0657718700099262,0.6071428571428571,0.20540768238422452,0.5555555555555555,1,False,True,False,False,True,False,True,False,False
4385,0.11764705882352944,0.08899054853049071,0.3214285714285714,0.0063054524392491375,0.16666666666666666,0,False,True,False,False,False,True,True,False,False
4386,1.0,0.14254887574985975,0.6428571428571428,0.07873259089592713,0.5,0,True,False,False,False,True,False,True,False,False
4387,0.21568627450980393,0.001683138405765828,0.6785714285714285,0.08164178711528843,0.16666666666666666,1,False,True,False,False,True,False,False,True,False
4388,0.2941176470588236,0.2657200811359026,0.5714285714285714,0.20757970671089698,0.1111111111111111,1,True,False,False,False,False,True,False,True,False
4389,0.2941176470588236,0.07664753355487464,0.6785714285714285,0.01082063028196825,0.8333333333333333,0,False,True,False,False,False,True,False,True,False
4390,0.823529411764706,0.05437831772474213,0.5357142857142857,0.028960324355632783,0.5555555555555555,0,True,False,False,False,True,False,False,True,False
4391,0.6862745098039217,0.01924819817875793,0.14285714285714285,0.0549456335729142,0.4444444444444444,0,False,False,True,False,False,True,False,True,False
4392,0.23529411764705888,0.0749643951491088,0.07142857142857142,0.21154200563409944,0.0,1,False,True,False,False,False,True,True,False,False
4393,0.11764705882352944,0.08877476155539252,0.9285714285714285,0.2943422057236132,0.5,1,False,False,True,False,False,True,True,False,False
4394,0.6862745098039217,0.06693711967545639,0.5,0.5184687886686149,0.611111111111111,1,True,False,False,False,True,False,False,False,True
4395,0.9019607843137255,0.14699408743688233,0.8928571428571428,0.33687439117499934,0.05555555555555555,1,True,False,False,False,False,True,False,True,False
4396,0.9803921568627451,0.08596953087911614,0.5,0.0,0.7777777777777777,0,False,False,False,True,True,False,True,False,False
4397,0.1568627450980392,0.42143196236675157,0.42857142857142855,0.005147039465023827,0.8333333333333333,1,False,True,False,False,False,True,False,True,False
4398,0.607843137254902,0.11838073453886323,0.75,0.016823315693863042,0.05555555555555555,1,False,True,False,False,False,True,False,False,True
4399,0.1960784313725491,0.21332700358206377,0.25,0.045178105994787145,0.6666666666666666,0,False,True,False,False,False,True,True,False,False
4400,0.13725490196078433,0.014975616071813906,0.7857142857142857,0.1865571439854672,0.9444444444444444,1,True,False,False,False,False,True,False,False,True
4401,0.6274509803921569,0.06555608303482802,0.9285714285714285,0.23502619592975804,1.0,0,False,False,True,False,False,True,False,True,False
4402,0.43137254901960786,0.05316991066419231,0.5714285714285714,0.021786062185714664,0.5555555555555555,0,True,False,False,False,False,True,True,False,False
4403,0.47058823529411764,0.10910189460964137,0.10714285714285714,0.10180870389384726,0.7222222222222221,1,False,True,False,False,True,False,True,False,False
4404,0.13725490196078433,0.255578093306288,0.6428571428571428,0.2625648316352052,0.1111111111111111,1,True,False,False,False,True,False,False,False,True
4405,0.8627450980392156,0.010573561779810971,0.75,0.06562146223310429,0.4444444444444444,1,True,False,False,False,False,True,True,False,False
4406,0.4117647058823529,0.009753571274437874,0.8571428571428571,0.011505147039465024,0.22222222222222224,0,False,True,False,False,False,True,True,False,False
4407,0.05882352941176472,0.2459108368218894,0.2857142857142857,0.06446304925887897,0.7222222222222221,1,False,True,False,False,False,True,False,True,False
4408,0.7647058823529412,0.030987009624099088,0.7857142857142857,0.04962746491851618,0.33333333333333326,0,False,True,False,False,False,True,True,False,False
4409,0.03921568627450983,0.14306676449009537,0.5,0.09077745307111075,0.611111111111111,1,False,False,True,False,False,True,False,True,False
4410,0.5490196078431373,0.10133356350610677,0.9642857142857143,0.06080351736303083,0.9444444444444444,0,True,False,False,False,True,False,False,True,False
4411,0.7843137254901961,0.23162573907038972,0.2857142857142857,0.001842929731722086,0.5555555555555555,0,False,True,False,False,True,False,False,True,False
4412,0.5490196078431373,0.017306115402874283,0.8214285714285714,0.5387278519337598,0.4444444444444444,1,False,True,False,False,False,True,False,False,True
4413,0.6470588235294118,0.01799663372318847,0.7142857142857143,0.08258957954874549,0.5555555555555555,1,True,False,False,False,False,True,False,True,False
4414,0.6470588235294118,0.10534720124293298,0.2857142857142857,0.06758286601900851,0.9444444444444444,0,False,False,True,False,True,False,False,False,True
4415,0.5294117647058824,0.37879245608735057,0.4642857142857143,0.3256851749466867,0.05555555555555555,1,True,False,False,False,False,True,False,False,True
4416,0.23529411764705888,0.06939709119157567,0.7857142857142857,0.017836927046310194,0.6666666666666666,0,True,False,False,False,True,False,False,False,True
4417,0.27450980392156865,0.0512709852833283,0.7142857142857143,0.022088829213069008,0.7777777777777777,1,False,True,False,False,True,False,False,False,True
4418,0.43137254901960786,0.12079754865996288,0.5357142857142857,0.17380143748519075,0.38888888888888884,1,True,False,False,False,True,False,False,False,True
4419,0.8431372549019608,0.345129687972034,0.8214285714285714,0.03183002922360003,0.22222222222222224,1,False,True,False,False,False,True,False,True,False
4420,0.4901960784313726,0.23481938630184282,0.7857142857142857,0.1690888028855014,0.22222222222222224,0,True,False,False,False,True,False,False,True,False
4421,0.05882352941176472,0.6991497993181132,0.8571428571428571,0.03337019192796778,0.33333333333333326,0,False,True,False,False,True,False,True,False,False
4422,0.4901960784313726,0.00293470286133529,0.8928571428571428,0.0035542216254640237,0.611111111111111,0,True,False,False,False,False,True,True,False,False
4423,0.7647058823529412,0.015493504812049544,0.5714285714285714,0.07663954927204275,0.611111111111111,1,False,True,False,False,False,True,False,True,False
4424,0.1568627450980392,0.1217470113503949,0.42857142857142855,0.023062949214122108,0.4444444444444444,0,True,False,False,False,True,False,True,False,False
4425,0.07843137254901966,0.2224332139312071,0.2857142857142857,0.14934312718847906,0.16666666666666666,0,False,True,False,False,False,True,True,False,False
4426,0.607843137254902,0.04345949678477407,0.5,0.1079430271437222,0.38888888888888884,1,False,True,False,False,True,False,False,False,True
4427,0.37254901960784315,0.03538906391610202,0.2142857142857143,0.2708316878603586,1.0,0,True,False,False,False,False,True,True,False,False
4428,0.9607843137254902,0.20020715549609425,0.0,0.16088776557933812,0.0,1,False,True,False,False,False,True,True,False,False
4429,0.1960784313725491,0.007509386733416771,0.0,0.02099623515783377,0.5555555555555555,1,False,False,True,False,False,True,True,False,False
4430,0.27450980392156865,0.05968667731215744,0.14285714285714285,0.16957586288602797,0.6666666666666666,1,True,False,False,False,True,False,True,False,False
4431,0.607843137254902,0.09127789046653144,0.8214285714285714,0.10810099254929838,0.9444444444444444,1,True,False,False,False,False,True,False,False,True
4432,0.5294117647058824,0.10638297872340424,0.2857142857142857,0.11642050390964379,0.5,1,True,False,False,False,False,True,False,True,False
4433,0.4117647058823529,0.1688748867118381,0.39285714285714285,0.18801832398704685,0.6666666666666666,1,False,False,True,False,True,False,True,False,False
4434,0.7843137254901961,0.05675197445082215,0.17857142857142855,0.08981649685385568,0.611111111111111,1,True,False,False,False,True,False,True,False,False
4435,0.3137254901960784,0.12282594622588582,0.9642857142857143,0.06606903088223678,0.6666666666666666,1,False,False,True,False,False,True,True,False,False
4436,0.4901960784313726,0.1139786802468603,0.42857142857142855,0.10661348498012269,0.05555555555555555,1,False,True,False,False,False,True,False,True,False
4437,0.8431372549019608,0.10271460014673514,0.8928571428571428,0.03725350814838217,0.1111111111111111,1,False,True,False,False,True,False,False,True,False
4438,0.11764705882352944,0.13245004531526477,0.9642857142857143,0.021233183266198035,0.8888888888888888,1,True,False,False,False,False,True,False,True,False
4439,0.8039215686274509,0.038884812912692586,0.25,0.10095305794697627,1.0,0,False,True,False,False,True,False,False,True,False
4440,0.4901960784313726,0.08596953087911614,0.5,0.0,0.611111111111111,0,False,False,False,True,True,False,False,False,True
4441,0.47058823529411764,0.01644296750248155,0.17857142857142855,0.008767080009477925,0.8333333333333333,1,False,True,False,False,False,True,True,False,False
4442,0.17647058823529416,0.032929092399982735,0.9285714285714285,5.265513519205961e-05,0.5,0,False,True,False,False,True,False,False,True,False
4443,0.8627450980392156,0.08981053903586379,0.17857142857142855,0.09870205091751574,0.7777777777777777,1,True,False,False,False,False,True,False,True,False
4444,0.3529411764705882,0.2376246169781192,0.10714285714285714,0.0473501303214596,0.38888888888888884,1,True,False,False,False,True,False,False,True,False
4445,0.1960784313725491,0.15644555694618273,0.35714285714285715,0.14697364610483638,1.0,1,False,False,True,False,False,True,False,False,True
4446,0.23529411764705888,0.08596953087911614,0.5,0.0,0.22222222222222224,1,False,False,False,True,True,False,True,False,False
4447,0.13725490196078433,0.055975141340468694,0.6071428571428571,0.07008398494063134,0.611111111111111,0,False,True,False,False,False,True,False,False,True
4448,0.7647058823529412,0.06715290665055458,0.07142857142857142,0.05505094384329832,0.5,0,False,True,False,False,True,False,False,True,False
4449,0.05882352941176472,0.06477924992447456,0.07142857142857142,0.11073374930890136,0.7222222222222221,0,False,True,False,False,False,True,False,False,True
4450,0.9019607843137255,0.027577575417547795,0.39285714285714285,0.04636284653660848,0.611111111111111,0,True,False,False,False,True,False,False,True,False
4451,0.5882352941176471,0.008199905053730956,0.9285714285714285,0.34939314956691153,0.6666666666666666,0,False,True,False,False,False,True,False,True,False
4452,0.5294117647058824,0.11574813344266541,0.7142857142857143,0.28972171761050997,0.8888888888888888,0,False,True,False,False,False,True,False,True,False
4453,0.1960784313725491,0.586465840921842,0.7142857142857143,0.1984045494036806,0.0,1,False,False,True,False,True,False,True,False,False
4454,0.823529411764706,0.023650252470760868,0.17857142857142855,0.26638232893662955,0.5,1,True,False,False,False,False,True,False,True,False
4455,0.0,0.006171507487808036,0.7142857142857143,0.06279124871653108,0.22222222222222224,1,False,True,False,False,True,False,True,False,False
4456,0.9411764705882354,0.1957619438090717,0.9642857142857143,0.08095727035779164,0.5555555555555555,1,False,True,False,False,True,False,False,False,True
4457,0.9019607843137255,0.03767640585214277,0.17857142857142855,0.14270858015427954,0.5,0,False,False,True,False,True,False,False,True,False
4458,1.0,0.22916576755427043,0.25,0.125450859595082,0.2777777777777778,0,False,False,True,False,False,True,False,True,False
4459,0.7254901960784313,0.15761080661171292,0.5,0.2331042834952479,0.7777777777777777,0,False,True,False,False,False,True,False,False,True
4460,0.4509803921568628,0.37710931768158473,0.6071428571428571,0.1326909406839902,0.4444444444444444,1,False,True,False,False,True,False,True,False,False
4461,0.9019607843137255,0.06805921194596694,0.6785714285714285,0.6485664639443962,0.38888888888888884,1,True,False,False,False,False,True,False,False,True
4462,0.5882352941176471,0.14043416339389755,0.9999999999999999,0.04512545085959509,0.2777777777777778,0,True,False,False,False,True,False,False,True,False
4463,0.7843137254901961,0.0809632730568383,0.5357142857142857,0.18847905641997736,0.2777777777777778,1,True,False,False,False,True,False,False,True,False
4464,0.8823529411764707,0.1289542963186742,0.17857142857142855,0.1259642471632046,0.8888888888888888,1,True,False,False,False,False,True,False,True,False
4465,0.9607843137254902,0.07729489448016917,0.9642857142857143,0.12380538662033015,0.611111111111111,1,False,False,True,False,False,True,False,False,True
4466,0.4901960784313726,0.027059686677312157,0.7142857142857143,0.041518574098939,0.33333333333333326,0,False,True,False,False,True,False,False,False,True
4467,0.9411764705882354,0.09179577920676708,0.5714285714285714,0.16216465260774557,0.22222222222222224,1,False,True,False,False,True,False,False,False,True
4468,0.9607843137254902,0.0973630831643002,0.2857142857142857,0.24288497485717295,0.8333333333333333,1,True,False,False,False,False,True,True,False,False
4469,0.07843137254901966,0.215441715938026,0.6428571428571428,0.0259721454334834,0.2777777777777778,0,True,False,False,False,True,False,False,False,True
4470,0.37254901960784315,0.1721980061283501,0.6071428571428571,0.10342784930100307,0.38888888888888884,1,False,False,True,False,True,False,True,False,False
4471,1.0,0.14112468171421175,0.8571428571428571,0.05241818708369534,0.1111111111111111,0,False,True,False,False,False,True,True,False,False
4472,0.7843137254901961,0.015579819602088818,0.7857142857142857,0.4803201432219677,0.38888888888888884,1,True,False,False,False,False,True,False,False,True
4473,0.1960784313725491,0.16512019334512967,0.14285714285714285,0.06862280493905168,0.33333333333333326,1,False,True,False,False,False,True,False,True,False
4474,0.6274509803921569,0.08981053903586379,0.9642857142857143,0.027288523813284893,0.8888888888888888,1,True,False,False,False,False,True,False,True,False
4475,0.9607843137254902,0.2907082128522722,0.17857142857142855,0.05065424005476134,1.0,1,False,True,False,False,True,False,False,True,False
4476,0.7254901960784313,0.32678779508868844,0.39285714285714285,0.11172103309375248,0.7222222222222221,1,True,False,False,False,False,True,False,False,True
4477,0.5098039215686275,0.007336757153338224,0.35714285714285715,0.008332675144143433,0.2777777777777778,0,True,False,False,False,True,False,False,True,False
4478,0.6470588235294118,0.22247637132622675,0.5357142857142857,0.09745149145670431,0.33333333333333326,1,False,True,False,False,False,True,False,True,False
4479,0.27450980392156865,0.00496310042725821,0.6785714285714285,0.2819024300344891,0.22222222222222224,1,False,True,False,False,False,True,False,False,True
4480,0.607843137254902,0.059255103361961076,0.5714285714285714,0.20003685859463446,1.0,0,True,False,False,False,False,True,False,True,False
4481,0.3921568627450981,0.10120409132104786,0.6785714285714285,0.00738488271068636,0.33333333333333326,1,True,False,False,False,False,True,False,True,False
4482,0.8823529411764707,0.02075870700444521,0.2857142857142857,0.5285654108416923,0.4444444444444444,1,False,True,False,False,False,True,True,False,False
4483,0.07843137254901966,0.17759268050580465,0.0,0.12634599689334702,0.611111111111111,1,False,True,False,False,True,False,False,False,True
4484,0.09803921568627455,0.0010789348754909154,0.8928571428571428,0.0,0.7777777777777777,1,False,True,False,False,False,True,False,True,False
4485,0.7254901960784313,0.023909196840878683,0.07142857142857142,0.0013163783798014902,0.7777777777777777,0,False,False,True,False,False,True,True,False,False
4486,0.4117647058823529,0.11255448621121228,0.7142857142857143,0.019785167048416395,0.8333333333333333,0,False,True,False,False,False,True,False,True,False
4487,0.33333333333333337,0.16222864787881405,0.7857142857142857,0.1917963299370771,0.7777777777777777,1,False,True,False,False,True,False,True,False,False
4488,0.2549019607843137,0.08596953087911614,0.5,0.0,0.22222222222222224,0,False,False,False,True,True,False,False,True,False
4489,0.17647058823529416,0.15825816753700747,0.75,0.02795987678698365,0.611111111111111,1,True,False,False,False,True,False,False,True,False
4490,0.8823529411764707,0.1442320141556256,0.6428571428571428,0.14911934286391282,0.16666666666666666,0,False,True,False,False,True,False,True,False,False
4491,0.23529411764705888,0.06490872210953347,0.42857142857142855,0.09289682226259115,0.1111111111111111,0,False,False,True,False,False,True,False,False,True
4492,0.5882352941176471,0.00017262958007854647,0.7857142857142857,0.16076929152515598,0.0,1,True,False,False,False,True,False,True,False,False
4493,0.5686274509803921,0.01657243968754046,0.4642857142857143,0.14438038069662745,0.6666666666666666,1,True,False,False,False,True,False,False,False,True
4494,0.03921568627450983,0.0990030641750464,0.6785714285714285,0.0054629702761761845,0.22222222222222224,0,False,True,False,False,False,True,True,False,False
4495,0.5686274509803921,0.1455698934012343,0.6428571428571428,0.2348813943079799,0.611111111111111,1,False,False,True,False,False,True,False,True,False
4496,0.09803921568627455,0.06995813732683095,0.7857142857142857,0.0271173946239107,0.05555555555555555,1,False,True,False,False,False,True,False,True,False
4497,0.5490196078431373,0.1698675067972897,0.9285714285714285,0.0848932417133981,0.2777777777777778,1,False,True,False,False,False,True,False,False,True
4498,0.13725490196078433,0.09555047257347547,0.9285714285714285,0.10885132822578522,0.22222222222222224,0,False,True,False,False,True,False,True,False,False
4499,0.8431372549019608,0.009969358249536058,0.2142857142857143,0.01944290866966801,0.9444444444444444,0,True,False,False,False,True,False,False,False,True
4500,0.8627450980392156,0.027620732812567435,0.10714285714285714,0.39379459231761577,0.22222222222222224,1,True,False,False,False,True,False,False,True,False
4501,0.823529411764706,0.23727935781796208,0.39285714285714285,0.07053155358976385,0.9444444444444444,0,True,False,False,False,False,True,False,True,False
4502,0.8431372549019608,0.16710543351603296,0.7857142857142857,0.006252797304057078,0.8333333333333333,1,False,True,False,False,True,False,False,True,False
4503,0.6274509803921569,0.29152820335764534,0.9285714285714285,0.2915778111260301,0.8888888888888888,1,True,False,False,False,False,True,False,True,False
4504,0.3137254901960784,0.01618402313236373,0.4642857142857143,0.0929363136139852,0.05555555555555555,0,True,False,False,False,True,False,False,True,False
4505,0.9215686274509803,0.5991541150576152,0.03571428571428571,0.1265039622989232,0.8888888888888888,0,False,True,False,False,False,True,True,False,False
4506,0.1960784313725491,0.030425963488843813,0.0,0.07842982386857278,0.5,1,True,False,False,False,False,True,True,False,False
4507,0.23529411764705888,0.001553666220706918,0.9642857142857143,0.18958481425901064,0.1111111111111111,0,False,True,False,False,False,True,False,True,False
4508,0.9607843137254902,0.7717836951361616,0.6071428571428571,0.0035542216254640237,0.7222222222222221,0,True,False,False,False,False,True,False,True,False
4509,0.1960784313725491,0.04272582106944025,0.6785714285714285,0.032909459495037256,1.0,1,False,True,False,False,False,True,True,False,False
4510,0.5882352941176471,0.1427646627249579,0.25,0.06679303899112761,0.611111111111111,1,True,False,False,False,False,True,True,False,False
4511,0.5294117647058824,0.025160761296448148,0.07142857142857142,0.008398494063133507,0.0,0,False,False,True,False,False,True,True,False,False
4512,0.8431372549019608,0.11238185663113374,0.8928571428571428,0.1288866071663639,0.33333333333333326,1,False,False,True,False,False,True,True,False,False
4513,0.09803921568627455,0.30343964438306503,0.17857142857142855,0.05269462654345365,0.33333333333333326,0,False,True,False,False,False,True,False,False,True
4514,0.7843137254901961,0.0499762634327392,0.75,0.03352815733354395,0.6666666666666666,0,False,True,False,False,True,False,True,False,False
4515,0.2941176470588236,0.14362781062535065,0.42857142857142855,0.0003554221625464024,0.4444444444444444,0,False,True,False,False,False,True,False,False,True
4516,0.05882352941176472,0.02693021449225325,0.2857142857142857,0.1339941552799937,0.22222222222222224,0,False,False,True,False,True,False,True,False,False
4517,0.6666666666666666,0.1269258987527513,0.2857142857142857,0.18899244398809995,0.16666666666666666,0,True,False,False,False,True,False,False,True,False
4518,0.9215686274509803,0.05308359587415304,0.6785714285714285,0.05293157465181792,0.22222222222222224,0,False,True,False,False,False,True,False,True,False
4519,0.4901960784313726,0.03072806525398127,0.2857142857142857,0.08747334333780903,0.611111111111111,0,False,True,False,False,True,False,True,False,False
4520,0.21568627450980393,0.048638384187130464,0.5,0.027209541110496803,0.38888888888888884,1,False,False,True,False,True,False,True,False,False
4521,0.1960784313725491,0.08596953087911614,0.42857142857142855,0.0,0.6666666666666666,1,True,False,False,False,True,False,True,False,False
4522,0.7058823529411765,0.3006344137067886,0.75,0.0012900508122054603,0.16666666666666666,1,False,True,False,False,False,True,False,True,False
4523,0.47058823529411764,0.06551292563980839,0.5357142857142857,0.07063686386014796,0.5555555555555555,1,False,True,False,False,False,True,True,False,False
4524,0.33333333333333337,0.0364248413965733,0.03571428571428571,0.10882500065818919,0.7777777777777777,1,False,True,False,False,False,True,False,False,True
4525,0.3529411764705882,0.08596953087911614,0.5,0.0,0.7222222222222221,1,False,False,False,True,True,False,True,False,False
4526,0.43137254901960786,0.050019420827758836,0.4642857142857143,0.050575257351973255,0.9444444444444444,0,False,False,True,False,False,True,True,False,False
4527,0.7254901960784313,0.17664321781537265,0.9285714285714285,0.15259458178658875,0.0,1,False,False,True,False,True,False,False,False,True
4528,0.33333333333333337,0.45936731258901214,0.17857142857142855,0.09588500118474055,0.0,1,False,True,False,False,True,False,True,False,False
4529,0.4901960784313726,0.0746191359889517,0.03571428571428571,0.275649632730432,0.5555555555555555,1,True,False,False,False,False,True,False,True,False
4530,0.09803921568627455,0.2555349359112684,0.25,0.053510781138930576,0.2777777777777778,0,False,True,False,False,True,False,False,False,True
4531,0.05882352941176472,0.10802295973415045,0.10714285714285714,0.04047863517889582,0.22222222222222224,0,False,True,False,False,True,False,False,True,False
4532,0.8431372549019608,0.02213974364507358,0.7142857142857143,0.22974751862675408,0.6666666666666666,1,False,False,True,False,False,True,True,False,False
4533,0.9803921568627451,0.1519140304691209,0.8214285714285714,0.00531816865439802,0.5,0,False,True,False,False,False,True,False,True,False
4534,0.5490196078431373,0.09326313063743472,0.4642857142857143,0.015441118395071481,0.2777777777777778,1,False,True,False,False,True,False,False,True,False
4535,0.6470588235294118,0.13616158128695352,0.35714285714285715,0.009056683253034253,0.16666666666666666,0,False,False,True,False,False,True,False,True,False
4536,0.3137254901960784,0.2853998532648569,0.8214285714285714,0.19506094831898482,0.16666666666666666,1,False,True,False,False,False,True,False,True,False
4537,0.823529411764706,0.07518018212420699,0.9642857142857143,0.0011189216228312665,0.33333333333333326,1,True,False,False,False,False,True,False,True,False
4538,0.823529411764706,0.299641793621337,0.4642857142857143,0.20830371481978782,0.8333333333333333,1,False,False,True,False,False,True,False,True,False
4539,0.2941176470588236,0.17983686504682578,0.39285714285714285,0.06319932601426954,0.0,0,True,False,False,False,True,False,False,False,True
4540,0.019607843137254943,0.08683267877950887,0.5357142857142857,0.0004212410815364769,0.4444444444444444,1,False,True,False,False,False,True,False,False,True
4541,0.6470588235294118,0.11967545638945233,0.17857142857142855,0.05408998762604324,1.0,0,False,True,False,False,False,True,False,False,True
4542,0.13725490196078433,0.05101204091321048,0.6785714285714285,0.021772898401916645,0.7777777777777777,0,False,True,False,False,False,True,False,False,True
4543,0.23529411764705888,0.5321738379871391,0.0,0.10312508227364875,0.4444444444444444,1,False,True,False,False,False,True,True,False,False
4544,0.8039215686274509,0.1425057183548401,0.39285714285714285,0.11977726877813759,0.0,1,True,False,False,False,False,True,False,False,True
4545,0.13725490196078433,0.005826248327650944,0.2142857142857143,0.07039991575178368,0.0,1,False,True,False,False,False,True,True,False,False
4546,0.5686274509803921,0.05118467049328902,0.25,0.004357212437142932,0.8333333333333333,0,False,True,False,False,True,False,True,False,False
4547,0.607843137254902,0.12640801001251564,0.2857142857142857,0.11241871363504727,0.22222222222222224,0,True,False,False,False,False,True,True,False,False
4548,0.6862745098039217,0.007509386733416771,0.03571428571428571,0.19433694021009398,0.4444444444444444,0,True,False,False,False,False,True,False,True,False
4549,0.9019607843137255,0.0031504898364334726,0.5714285714285714,0.1341784482531659,0.0,0,False,False,True,False,False,True,False,False,True
4550,0.5686274509803921,0.07742436666522809,0.6785714285714285,0.18658347155306323,1.0,1,False,True,False,False,False,True,True,False,False
4551,0.0,0.05239307755383885,0.42857142857142855,0.023563172998446673,0.8333333333333333,0,True,False,False,False,True,False,False,True,False
4552,0.823529411764706,0.07466229338397135,0.14285714285714285,0.23139299160150595,0.1111111111111111,0,True,False,False,False,True,False,False,True,False
4553,0.7450980392156864,0.03944585904794787,0.3214285714285714,0.04095253139562436,0.16666666666666666,0,False,True,False,False,False,True,False,True,False
4554,0.3137254901960784,0.023304993310603775,0.39285714285714285,0.0014216886501856095,0.611111111111111,0,False,True,False,False,True,False,False,False,True
4555,0.37254901960784315,0.1512666695438263,0.5714285714285714,0.195245241292157,0.33333333333333326,1,False,True,False,False,True,False,False,False,True
4556,0.4509803921568628,0.09356523240257218,0.7142857142857143,0.29952873654003104,0.7777777777777777,1,True,False,False,False,False,True,False,True,False
4557,0.9607843137254902,0.028915454663156533,0.17857142857142855,0.11224758444567307,0.7777777777777777,0,False,True,False,False,False,True,False,True,False
4558,0.4117647058823529,0.049846791247680294,0.07142857142857142,0.02772292867861938,0.22222222222222224,1,False,False,True,False,False,True,False,True,False
4559,0.5490196078431373,0.11600707781278322,0.9642857142857143,0.03053997841139457,0.05555555555555555,1,True,False,False,False,False,True,False,False,True
4560,0.4117647058823529,0.009710413879418239,0.5,0.06618750493641892,0.611111111111111,1,False,False,True,False,False,True,False,True,False
4561,0.8431372549019608,0.02067239221440594,0.2142857142857143,0.24022589052997395,1.0,0,False,True,False,False,False,True,False,False,True
4562,0.1568627450980392,0.009839886064477147,0.17857142857142855,0.017060263802227315,0.22222222222222224,0,False,True,False,False,True,False,True,False,False
4563,0.7058823529411765,0.21660696560355616,0.10714285714285714,0.18413500776663244,0.1111111111111111,1,False,True,False,False,True,False,False,False,True
4564,0.17647058823529416,0.18074317034223816,0.6428571428571428,0.03626622436353105,0.2777777777777778,1,False,True,False,False,False,True,True,False,False
4565,0.6862745098039217,0.18121790168745416,0.14285714285714285,0.1741173682963431,0.6666666666666666,1,False,False,True,False,False,True,True,False,False
4566,0.7058823529411765,0.16313495317422638,0.07142857142857142,0.2663428375852355,0.7777777777777777,0,False,True,False,False,True,False,True,False,False
4567,0.5294117647058824,0.14328255146519359,0.8928571428571428,0.05873680330674249,0.16666666666666666,0,False,True,False,False,True,False,False,False,True
4568,0.5294117647058824,0.08389797591817358,0.8571428571428571,0.047837190321986155,0.33333333333333326,1,False,True,False,False,False,True,False,False,True
4569,0.8039215686274509,0.13309740624055932,0.2857142857142857,0.1706684569412632,0.9444444444444444,1,False,True,False,False,False,True,True,False,False
4570,0.823529411764706,0.005049415217297484,0.17857142857142855,0.07939078008582788,0.33333333333333326,1,True,False,False,False,False,True,True,False,False
4571,0.3921568627450981,0.1257606490872211,0.42857142857142855,0.12146223310428349,0.611111111111111,1,True,False,False,False,False,True,False,False,True
4572,0.4509803921568628,0.1948124811186397,0.9285714285714285,0.10267751362451623,0.5555555555555555,1,True,False,False,False,False,True,False,False,True
4573,0.8039215686274509,0.08985369643088344,0.75,0.017468341099965774,0.611111111111111,0,False,True,False,False,False,True,True,False,False
4574,0.7647058823529412,0.057269863191057785,0.9642857142857143,0.19619303372561409,0.7777777777777777,1,False,False,True,False,True,False,False,True,False
4575,0.019607843137254943,0.0420784601441457,0.6785714285714285,0.022944475159939973,0.38888888888888884,0,True,False,False,False,False,True,False,True,False
4576,0.13725490196078433,0.13327003582063787,0.10714285714285714,0.2835347392254429,0.5555555555555555,0,False,True,False,False,False,True,False,False,True
4577,0.9215686274509803,0.15282033576453324,0.03571428571428571,0.03038201300581839,0.9444444444444444,0,False,True,False,False,True,False,False,True,False
4578,0.5098039215686275,0.2651158776056277,0.8928571428571428,0.1394044704209778,0.5,1,False,False,True,False,True,False,False,True,False
4579,0.4117647058823529,0.054248845539683226,0.10714285714285714,0.03527894057867994,0.38888888888888884,0,True,False,False,False,False,True,False,True,False
4580,0.7058823529411765,0.19015148245651894,0.25,0.04026801463812758,0.2777777777777778,0,True,False,False,False,False,True,True,False,False
4581,0.5098039215686275,0.10668508048854171,0.42857142857142855,0.03908327409630624,0.1111111111111111,1,False,True,False,False,False,True,True,False,False
4582,0.5490196078431373,0.2776315221613223,0.3214285714285714,0.14510438880551826,0.611111111111111,0,False,True,False,False,True,False,False,True,False
4583,0.03921568627450983,0.08596953087911614,0.6071428571428571,0.0,0.8888888888888888,1,True,False,False,False,False,True,False,True,False
4584,0.8431372549019608,0.09438522290794528,0.2857142857142857,0.22590369375773375,0.1111111111111111,1,True,False,False,False,False,True,False,False,True
4585,0.23529411764705888,0.11164818091579992,0.0,0.038675196798567776,0.9444444444444444,1,True,False,False,False,True,False,False,False,True
4586,0.8627450980392156,0.17914634672651158,0.42857142857142855,0.12401600716109838,0.611111111111111,1,True,False,False,False,False,True,False,True,False
4587,0.17647058823529416,0.43291182944197487,0.6071428571428571,0.14723692178079667,0.8333333333333333,1,False,True,False,False,True,False,False,True,False
4588,0.6862745098039217,0.009883043459496785,0.5,0.01729721191059158,0.5,0,True,False,False,False,False,True,True,False,False
4589,0.1568627450980392,0.007120970178240041,0.03571428571428571,0.053892530869073,1.0,0,False,False,True,False,False,True,False,False,True
4590,0.5098039215686275,0.35906952656337665,0.35714285714285715,0.06943895953452861,0.4444444444444444,1,False,False,True,False,False,True,False,False,True
4591,0.6470588235294118,0.0977083423244573,0.9999999999999999,0.04629702761761841,0.7222222222222221,1,False,True,False,False,False,True,True,False,False
4592,0.9803921568627451,0.12355962194121962,0.4642857142857143,0.040939367611826344,0.7222222222222221,1,False,True,False,False,False,True,False,False,True
4593,0.0,0.08527901255880196,0.75,0.12213358607798226,0.16666666666666666,1,True,False,False,False,False,True,False,True,False
4594,0.607843137254902,0.012731431530792802,0.5,0.025603559487138983,0.7777777777777777,1,True,False,False,False,False,True,False,True,False
4595,0.47058823529411764,0.18920201976608694,0.4642857142857143,0.1301371666271753,0.05555555555555555,0,True,False,False,False,True,False,True,False,False
4596,0.5490196078431373,0.17806741185102065,0.5357142857142857,0.0,0.9444444444444444,1,False,False,True,False,False,True,False,False,True
4597,0.11764705882352944,0.04837943981701265,0.7857142857142857,0.08771029144617329,0.05555555555555555,1,True,False,False,False,True,False,True,False,False
4598,0.9411764705882354,0.047343662336541366,0.9999999999999999,0.09954453308058869,0.9444444444444444,1,True,False,False,False,True,False,False,False,True
4599,0.03921568627450983,0.23555306201717663,0.5,0.0075165205486665086,0.38888888888888884,0,False,True,False,False,True,False,False,False,True
4600,0.37254901960784315,0.009710413879418239,0.6428571428571428,0.21047573914646026,0.5,0,False,True,False,False,True,False,True,False,False
4601,0.37254901960784315,0.27573259678045836,0.9285714285714285,0.03539741463286207,0.16666666666666666,1,False,True,False,False,False,True,False,True,False
4602,0.5686274509803921,0.038410081567476585,0.2857142857142857,0.10053181686543981,0.5,1,False,False,True,False,False,True,False,True,False
4603,0.6666666666666666,0.11639549436795994,0.14285714285714285,0.4074059447647632,0.5,0,False,True,False,False,True,False,False,False,True
4604,0.6666666666666666,0.3558758793319235,0.14285714285714285,0.0953189584814259,0.1111111111111111,1,False,True,False,False,False,True,False,True,False
4605,0.9411764705882354,0.1467783004617841,0.35714285714285715,0.13583708501171576,0.16666666666666666,1,True,False,False,False,False,True,False,True,False
4606,0.7450980392156864,0.06931077640153639,0.9642857142857143,0.0,0.5,0,True,False,False,False,False,True,False,False,True
4607,0.5098039215686275,0.15143929912390489,0.6785714285714285,0.006555564331411422,0.33333333333333326,0,True,False,False,False,True,False,False,False,True
4608,0.4901960784313726,0.05459410469984032,0.8571428571428571,0.16823315693863045,0.611111111111111,1,False,True,False,False,True,False,False,True,False
4609,0.2549019607843137,0.04203530274912606,0.8214285714285714,0.003751678382434247,0.33333333333333326,0,True,False,False,False,True,False,False,False,True
4610,0.3137254901960784,0.7391135471062966,0.9642857142857143,0.12701734986704577,0.6666666666666666,0,False,True,False,False,True,False,False,True,False
4611,0.33333333333333337,0.17988002244184542,0.10714285714285714,0.0024484637864307717,0.38888888888888884,1,False,True,False,False,False,True,False,True,False
4612,0.8627450980392156,0.13400371153597168,0.6785714285714285,0.20880393860411237,0.6666666666666666,1,False,True,False,False,False,True,True,False,False
4613,1.0,0.05683828924086142,0.6071428571428571,0.018060711370876444,0.0,1,False,True,False,False,True,False,False,False,True
4614,0.5490196078431373,0.006516766647965129,0.8571428571428571,0.07604717900113209,0.8333333333333333,0,False,True,False,False,True,False,False,True,False
4615,0.37254901960784315,0.004099952526865478,0.07142857142857142,0.09575336334676039,1.0,1,True,False,False,False,True,False,False,True,False
4616,0.5098039215686275,0.08596953087911614,0.5,0.0,1.0,1,False,False,False,True,True,False,False,True,False
4617,0.33333333333333337,0.1858789003495749,0.4642857142857143,0.043874891398783665,0.6666666666666666,1,True,False,False,False,True,False,False,False,True
4618,0.05882352941176472,0.09982305468041948,0.2142857142857143,0.0664244530447832,0.33333333333333326,1,False,True,False,False,False,True,True,False,False
4619,0.0,0.23792671874325666,0.8928571428571428,0.039293894637074486,0.7777777777777777,1,False,True,False,False,False,True,True,False,False
4620,0.9607843137254902,0.004402054292002935,0.25,0.06071137087644472,0.2777777777777778,0,True,False,False,False,True,False,False,True,False
4621,0.0,0.0591687885719218,0.8214285714285714,0.046823578969539,0.16666666666666666,0,False,False,True,False,False,True,True,False,False
4622,0.4901960784313726,0.03504380475594493,0.5357142857142857,0.08794723955453757,0.5555555555555555,1,False,False,True,False,False,True,True,False,False
4623,0.8627450980392156,0.07677700573993354,0.6785714285714285,0.028618065976884394,1.0,0,False,False,True,False,False,True,False,False,True
4624,0.37254901960784315,0.009710413879418239,0.5,0.47169786483426795,0.05555555555555555,1,True,False,False,False,False,True,False,True,False
4625,1.0,0.08596953087911614,0.5,0.0,0.8888888888888888,1,True,False,False,False,False,True,False,False,True
4626,0.43137254901960786,0.032713305424884556,0.8928571428571428,0.022733854619171736,0.7777777777777777,0,True,False,False,False,True,False,True,False,False
4627,0.17647058823529416,0.33080143282551466,0.5714285714285714,0.06826738277650528,0.9444444444444444,1,True,False,False,False,True,False,False,True,False
4628,0.1960784313725491,0.07185706270769496,0.75,0.21198957428323195,0.611111111111111,1,False,True,False,False,False,True,False,True,False
4629,0.7843137254901961,0.08596953087911614,0.5,0.0,0.1111111111111111,1,False,False,False,True,True,False,True,False,False
4630,0.7843137254901961,0.10457036813257951,0.75,0.11984308769712768,0.8888888888888888,1,False,True,False,False,True,False,False,False,True
4631,0.07843137254901966,0.3458633636873678,0.39285714285714285,0.08361635468499067,0.7222222222222221,1,False,True,False,False,False,True,True,False,False
4632,0.0,0.0006905183203141859,0.6071428571428571,0.01956138272385014,0.2777777777777778,1,True,False,False,False,False,True,True,False,False
4633,0.3137254901960784,0.17858530059125632,0.8214285714285714,0.17911960613958874,0.16666666666666666,0,False,True,False,False,True,False,False,True,False
4634,0.4117647058823529,0.30214492253247593,0.4642857142857143,0.04846905194429087,0.38888888888888884,1,False,True,False,False,False,True,False,True,False
4635,0.6470588235294118,0.01946398515385611,0.5,0.03663481030987547,0.1111111111111111,0,False,True,False,False,False,True,True,False,False
4636,0.8627450980392156,0.08596953087911614,0.5,0.0,0.38888888888888884,1,False,False,False,True,True,False,True,False,False
4637,0.7843137254901961,0.0715549609425575,0.14285714285714285,0.10716636389963931,0.6666666666666666,0,False,True,False,False,False,True,False,False,True
4638,0.5490196078431373,0.35130119545984206,0.5357142857142857,0.24067345917910646,1.0,1,False,True,False,False,True,False,False,True,False
4639,0.05882352941176472,0.10120409132104786,0.14285714285714285,0.10467840876181449,0.7777777777777777,1,False,False,True,False,False,True,False,True,False
4640,0.07843137254901966,0.09706098139916274,0.03571428571428571,0.14219519258615695,0.33333333333333326,1,False,True,False,False,False,True,False,True,False
4641,0.1960784313725491,0.019679772128954293,0.6785714285714285,0.19067740831424584,0.1111111111111111,1,False,True,False,False,False,True,False,False,True
4642,0.9803921568627451,8.631479003927323e-05,0.9642857142857143,0.005923702709106706,1.0,0,False,True,False,False,True,False,True,False,False
4643,0.3921568627450981,0.2150964567778689,0.8571428571428571,0.15758365584603637,0.5,1,False,True,False,False,False,True,False,True,False
4644,0.6666666666666666,0.01186828363040007,0.2857142857142857,0.10016323091909539,0.8333333333333333,0,False,True,False,False,False,True,False,True,False
4645,0.21568627450980393,0.13007638858918477,0.75,0.007582339467656583,0.7222222222222221,0,False,True,False,False,True,False,False,True,False
4646,0.4901960784313726,0.31858789003495747,0.9285714285714285,0.0748229471079167,0.38888888888888884,1,False,True,False,False,False,True,True,False,False
4647,0.9803921568627451,0.030296491303784902,0.2857142857142857,0.009056683253034253,0.5555555555555555,0,True,False,False,False,False,True,False,False,True
4648,0.3529411764705882,0.141685727849467,0.10714285714285714,0.14023378880025275,1.0,1,True,False,False,False,True,False,False,False,True
4649,0.8627450980392156,0.010616719174830607,0.5,0.08327409630624226,0.05555555555555555,1,True,False,False,False,False,True,True,False,False
4650,0.11764705882352944,0.11984808596953088,0.35714285714285715,0.32328936629544797,0.22222222222222224,1,False,True,False,False,True,False,False,True,False
4651,0.9019607843137255,0.023175521125544864,0.0,0.02129900218518811,0.5555555555555555,0,False,True,False,False,True,False,True,False,False
4652,0.11764705882352944,0.1724137931034483,0.6071428571428571,0.09809651686280704,0.33333333333333326,0,True,False,False,False,True,False,False,False,True
4653,0.4901960784313726,0.04639419964610936,0.9999999999999999,0.02503751678382434,0.38888888888888884,0,False,True,False,False,True,False,False,True,False
4654,0.7647058823529412,0.08057485650166157,0.0,0.1002685411894795,0.8888888888888888,0,False,False,True,False,True,False,False,False,True
4655,0.07843137254901966,0.11846704932890251,0.25,0.1350604217676329,0.611111111111111,0,False,True,False,False,False,True,False,False,True
4656,0.3921568627450981,0.02434077079107505,0.8571428571428571,0.13492878392965274,0.9444444444444444,1,True,False,False,False,True,False,True,False,False
4657,0.2549019607843137,0.17521902377972468,0.5357142857142857,0.17773740884079722,0.33333333333333326,1,False,True,False,False,False,True,True,False,False
4658,0.05882352941176472,0.04665314401622718,0.8928571428571428,0.20231419319169103,0.4444444444444444,1,False,True,False,False,False,True,True,False,False
4659,0.43137254901960786,0.14056363557895646,0.9642857142857143,0.008464312982123582,1.0,0,True,False,False,False,False,True,True,False,False
4660,0.8039215686274509,0.02231237322515213,0.75,0.04428296869652213,0.7222222222222221,1,True,False,False,False,False,True,False,True,False
4661,0.37254901960784315,0.15083509559362998,0.6071428571428571,0.12237053418634651,1.0,1,False,True,False,False,False,True,False,True,False
4662,0.27450980392156865,0.017780846748090287,0.75,0.0727035779164363,0.9444444444444444,0,False,False,True,False,False,True,False,True,False
4663,0.9607843137254902,0.07172759052263605,0.2857142857142857,0.022273122186241216,0.7777777777777777,0,False,True,False,False,True,False,False,False,True
4664,1.0,0.03677010055673039,0.39285714285714285,0.08472211252402391,0.16666666666666666,1,False,True,False,False,False,True,True,False,False
4665,0.8627450980392156,0.17862845798627594,0.6428571428571428,0.055103598978490376,0.6666666666666666,0,True,False,False,False,False,True,True,False,False
4666,0.5490196078431373,0.03935954425790859,0.8571428571428571,0.05206276492114893,0.22222222222222224,0,True,False,False,False,True,False,False,False,True
4667,0.13725490196078433,0.08596953087911614,0.5,0.0,0.611111111111111,1,False,False,True,False,False,True,False,True,False
4668,0.7843137254901961,0.2879461395710155,0.9285714285714285,0.055143090329884424,0.8888888888888888,1,False,True,False,False,False,True,True,False,False
4669,0.9215686274509803,0.028311251132881618,0.14285714285714285,0.002817049732775189,0.5,1,False,True,False,False,True,False,True,False,False
4670,0.3529411764705882,0.12321436278106254,0.9285714285714285,0.0063054524392491375,0.611111111111111,1,True,False,False,False,False,True,False,True,False
4671,0.9215686274509803,0.01186828363040007,0.03571428571428571,0.20426243319379722,0.2777777777777778,1,False,True,False,False,False,True,False,True,False
4672,0.7450980392156864,0.06430451857925856,0.2142857142857143,0.3405734144222416,0.611111111111111,1,False,True,False,False,False,True,False,False,True
4673,0.8823529411764707,0.16175391653359802,0.9285714285714285,0.12280493905168102,0.6666666666666666,1,False,True,False,False,False,True,False,False,True
4674,0.5294117647058824,0.08596953087911614,0.5,0.0,0.8888888888888888,1,False,True,False,False,False,True,False,True,False
4675,0.8823529411764707,0.12688274135773164,0.5,0.29385514572308663,0.5,1,False,True,False,False,True,False,False,False,True
4676,0.5098039215686275,0.04298476543955807,0.8571428571428571,0.1144854276913356,1.0,0,False,True,False,False,False,True,False,False,True
4677,0.05882352941176472,0.061499287902982175,0.2142857142857143,0.19587710291446175,0.22222222222222224,0,True,False,False,False,True,False,False,True,False
4678,0.27450980392156865,0.014069310776401535,0.9642857142857143,0.15288418503014506,0.22222222222222224,1,True,False,False,False,False,True,False,True,False
4679,0.6666666666666666,0.16434336023477622,0.14285714285714285,0.05019350762183082,0.38888888888888884,1,False,True,False,False,True,False,False,True,False
4680,0.7058823529411765,0.09076000172629581,0.5,0.06859647737145565,0.8888888888888888,1,False,True,False,False,True,False,True,False,False
4681,0.0,0.1597255189676751,0.6785714285714285,0.021693915699128558,0.1111111111111111,0,False,True,False,False,False,True,True,False,False
4682,0.03921568627450983,0.03707220232186785,0.9642857142857143,0.036371534633915174,0.8333333333333333,0,False,True,False,False,False,True,False,True,False
4683,0.9019607843137255,0.050796253938112296,0.6785714285714285,0.1585577758470895,1.0,0,True,False,False,False,True,False,True,False,False
4684,0.4509803921568628,0.05265202192395667,0.5,0.23632941052576154,0.2777777777777778,1,False,False,True,False,False,True,False,True,False
4685,0.5098039215686275,0.08596953087911614,0.5,0.0,0.5,1,False,False,False,True,True,False,False,True,False
4686,0.7647058823529412,0.0539899011695654,0.8214285714285714,0.06591106547666062,0.8333333333333333,1,True,False,False,False,True,False,True,False,False
4687,0.6862745098039217,0.2105217729057874,0.8928571428571428,0.009530579469762789,0.6666666666666666,0,False,True,False,False,True,False,False,True,False
4688,0.6470588235294118,0.2946786931940788,0.9999999999999999,0.006173814601268989,0.1111111111111111,1,False,True,False,False,False,True,True,False,False
4689,0.5490196078431373,0.09455785248802383,0.8928571428571428,0.04937735302635389,0.38888888888888884,1,False,False,True,False,False,True,False,False,True
4690,0.4509803921568628,0.07871908851581717,0.4642857142857143,0.0656346260169023,0.38888888888888884,1,False,False,True,False,True,False,False,True,False
4691,0.4509803921568628,0.004056795131845842,0.8928571428571428,0.098925835242082,0.33333333333333326,0,False,True,False,False,False,True,False,True,False
4692,0.8039215686274509,0.2736610418195158,0.8928571428571428,0.0006845167574967749,0.5555555555555555,0,False,True,False,False,False,True,False,True,False
4693,0.05882352941176472,0.001683138405765828,0.3214285714285714,0.4820972540346998,0.1111111111111111,1,True,False,False,False,True,False,True,False,False
4694,0.03921568627450983,0.37495144793060287,0.5714285714285714,0.04765289734881395,0.33333333333333326,1,False,True,False,False,True,False,True,False,False
4695,0.6470588235294118,0.08696215096456777,0.7142857142857143,0.19845720453887264,0.5555555555555555,1,True,False,False,False,True,False,True,False,False
4696,0.9411764705882354,0.05416253074964395,0.4642857142857143,0.08062817576284127,0.8888888888888888,0,True,False,False,False,False,True,True,False,False
4697,0.43137254901960786,0.3340382374519874,0.03571428571428571,0.01471711028618066,0.9444444444444444,0,False,True,False,False,True,False,False,True,False
4698,1.0,0.0031936472314531093,0.5357142857142857,0.16821999315483244,0.4444444444444444,1,False,False,True,False,True,False,False,True,False
4699,0.43137254901960786,0.11277027318631047,0.42857142857142855,0.1302951320327515,0.6666666666666666,1,False,False,True,False,False,True,False,True,False
4700,0.8627450980392156,0.10305985930689224,0.9285714285714285,0.07894321143669536,0.7777777777777777,0,False,False,True,False,True,False,True,False,False
4701,0.07843137254901966,0.03206594449959,0.2857142857142857,0.07609983413632415,1.0,1,False,True,False,False,False,True,False,True,False
4702,0.5882352941176471,0.07254758102800915,0.2142857142857143,0.0,0.7777777777777777,0,False,True,False,False,True,False,False,False,True
4703,0.7843137254901961,0.13676578481722843,0.5357142857142857,0.11232656714846115,0.33333333333333326,1,True,False,False,False,False,True,True,False,False
4704,0.09803921568627455,0.16814121099650425,0.3214285714285714,0.2550483110865387,0.1111111111111111,1,False,True,False,False,True,False,False,True,False
4705,0.7058823529411765,8.631479003927323e-05,0.8214285714285714,0.010307242713845668,0.38888888888888884,0,False,True,False,False,True,False,True,False,False
4706,0.17647058823529416,0.3576453325277286,0.75,0.03221177895374246,0.6666666666666666,1,False,True,False,False,False,True,False,False,True
4707,0.7647058823529412,0.023261835915584134,0.2857142857142857,0.24493852512966327,0.8333333333333333,0,True,False,False,False,False,True,False,True,False
4708,0.11764705882352944,0.03443960122567002,0.75,0.03522628544348788,0.1111111111111111,0,False,True,False,False,False,True,False,True,False
4709,0.7450980392156864,0.03957533123300677,0.7857142857142857,0.11174736066134851,0.0,1,False,True,False,False,False,True,True,False,False
4710,0.7254901960784313,0.005006257822277847,0.2142857142857143,0.08060184819524524,0.1111111111111111,0,False,True,False,False,False,True,True,False,False
4711,0.3921568627450981,0.017004013637736827,0.5357142857142857,0.09552957902219414,0.8333333333333333,1,True,False,False,False,False,True,False,True,False
4712,0.37254901960784315,0.5559535626429588,0.2857142857142857,0.05660427033146408,0.0,0,True,False,False,False,False,True,False,False,True
4713,0.03921568627450983,0.04902680074230719,0.9285714285714285,0.037556275175736516,0.9444444444444444,0,False,True,False,False,False,True,True,False,False
4714,0.9803921568627451,0.015881921367226274,0.8214285714285714,0.005239185951609931,0.7222222222222221,0,False,False,True,False,False,True,False,False,True
4715,0.4117647058823529,0.014630356911656813,0.9999999999999999,0.14360371745254458,0.33333333333333326,0,False,True,False,False,False,True,False,True,False
4716,0.9019607843137255,0.08596953087911614,0.5714285714285714,0.0,0.1111111111111111,1,True,False,False,False,True,False,False,False,True
4717,0.05882352941176472,0.24962237279357818,0.6785714285714285,0.11698654661295843,0.8333333333333333,1,True,False,False,False,True,False,False,True,False
4718,0.5294117647058824,0.03845323896249622,0.2142857142857143,0.108653871468815,0.2777777777777778,0,True,False,False,False,True,False,False,True,False
4719,0.21568627450980393,0.002718915886237107,0.35714285714285715,0.029421056788563306,0.9444444444444444,1,False,True,False,False,False,True,False,False,True
4720,0.7254901960784313,0.03267014802986492,0.25,0.002382644867440697,0.6666666666666666,0,False,False,True,False,False,True,False,True,False
4721,0.9803921568627451,0.007552544128436408,0.2142857142857143,0.17418318721533316,0.05555555555555555,0,False,False,True,False,False,True,False,False,True
4722,0.6862745098039217,0.014112468171421174,0.9642857142857143,0.07115025142827054,0.611111111111111,0,True,False,False,False,True,False,True,False,False
4723,0.9019607843137255,0.07310862716326443,0.6428571428571428,0.03859621409577969,0.16666666666666666,1,False,True,False,False,True,False,False,False,True
4724,0.7843137254901961,0.033835397695395106,0.6785714285714285,0.011320854066292815,0.4444444444444444,0,False,True,False,False,False,True,True,False,False
4725,0.07843137254901966,0.08596953087911614,0.5,0.0,0.22222222222222224,0,False,False,False,True,True,False,False,False,True
4726,0.23529411764705888,0.03784903543222131,0.2142857142857143,0.045178105994787145,0.5,0,False,True,False,False,True,False,False,True,False
4727,0.43137254901960786,0.3654136636312632,0.25,0.1720111628886607,0.2777777777777778,0,True,False,False,False,False,True,True,False,False
4728,0.9607843137254902,0.30607224547926287,0.2142857142857143,0.2643156148803412,0.0,1,False,True,False,False,False,True,True,False,False
4729,0.5686274509803921,0.1083250614992879,0.17857142857142855,0.2391201326909407,0.22222222222222224,1,True,False,False,False,True,False,False,False,True
4730,0.7058823529411765,0.05666565966078288,0.8571428571428571,0.2659874154226891,0.2777777777777778,1,False,True,False,False,False,True,False,True,False
4731,0.47058823529411764,0.062146648828276724,0.2857142857142857,0.25095437432535606,1.0,1,False,True,False,False,False,True,True,False,False
4732,0.9215686274509803,0.06870657287126149,0.9285714285714285,0.07889055630150331,0.5555555555555555,1,False,True,False,False,False,True,True,False,False
4733,0.5098039215686275,0.16835699797160242,0.42857142857142855,0.026090619487665535,0.7777777777777777,1,False,True,False,False,True,False,False,True,False
4734,0.9803921568627451,0.07776962582538517,0.2142857142857143,0.16847010504699472,0.05555555555555555,0,True,False,False,False,True,False,True,False,False
4735,0.2549019607843137,0.25156445556946183,0.25,0.025313956243582656,0.7777777777777777,1,True,False,False,False,True,False,False,False,True
4736,0.9215686274509803,0.37339778170989596,0.75,0.03273833030566306,0.33333333333333326,1,True,False,False,False,True,False,False,True,False
4737,0.9019607843137255,0.05299728108411376,0.5714285714285714,0.027973040570781666,0.8888888888888888,0,True,False,False,False,False,True,True,False,False
4738,0.6862745098039217,0.10651245090846316,0.5714285714285714,0.07620514440670827,0.611111111111111,1,True,False,False,False,True,False,False,False,True
4739,0.7450980392156864,0.012947218505890985,0.5357142857142857,0.0408998762604323,0.611111111111111,0,False,True,False,False,False,True,False,True,False
4740,0.2941176470588236,0.028958612058176167,0.75,0.017626306505541953,0.22222222222222224,0,False,True,False,False,True,False,True,False,False
4741,0.4117647058823529,0.08596953087911614,0.5,0.0,0.33333333333333326,0,False,False,False,True,True,False,True,False,False
4742,0.3921568627450981,0.029908074748608172,0.25,0.21807124239791487,0.05555555555555555,0,True,False,False,False,False,True,False,False,True
4743,0.3921568627450981,0.27085581114323937,0.5714285714285714,0.08901350604217677,0.6666666666666666,1,False,True,False,False,False,True,True,False,False
4744,0.13725490196078433,0.02231237322515213,0.42857142857142855,0.22183608456414713,0.4444444444444444,1,False,True,False,False,True,False,True,False,False
4745,0.9411764705882354,0.07876224591083682,0.6071428571428571,0.02295763894373799,0.7777777777777777,1,True,False,False,False,True,False,False,True,False
4746,0.2941176470588236,0.12049544689482544,0.8214285714285714,0.019245451912697786,0.7777777777777777,1,False,False,True,False,True,False,True,False,False
4747,0.5882352941176471,0.15243191920935653,0.9642857142857143,0.09025090171919017,0.0,0,True,False,False,False,True,False,False,False,True
4748,0.8039215686274509,0.06253506538345345,0.75,0.0655424795303162,0.1111111111111111,0,True,False,False,False,True,False,False,True,False
4749,0.17647058823529416,0.26326010961978336,0.9642857142857143,0.11366927309585867,0.0,0,True,False,False,False,True,False,False,True,False
4750,0.607843137254902,0.08596953087911614,0.5,0.0,1.0,1,False,False,False,True,True,False,False,False,True
4751,0.6470588235294118,0.0749643951491088,0.03571428571428571,0.14653924123950188,0.6666666666666666,1,True,False,False,False,False,True,True,False,False
4752,0.1568627450980392,0.009019895559104051,0.03571428571428571,0.30033172735171,0.7777777777777777,0,True,False,False,False,True,False,True,False,False
4753,0.3137254901960784,0.08092011566181866,0.9285714285714285,0.05348445357133455,0.6666666666666666,0,False,True,False,False,False,True,False,False,True
4754,0.1960784313725491,0.22256268611626603,0.4642857142857143,0.024339836242529552,0.9444444444444444,0,False,True,False,False,True,False,False,False,True
4755,0.607843137254902,0.12343014975616072,0.5357142857142857,0.08430087144248744,0.8888888888888888,1,False,True,False,False,False,True,False,False,True
4756,0.17647058823529416,0.23106469293513443,0.2142857142857143,0.012360792986335993,0.0,1,False,True,False,False,False,True,False,False,True
4757,0.4117647058823529,0.08821371542013724,0.7142857142857143,0.035897638417186635,0.7777777777777777,0,False,False,True,False,False,True,True,False,False
4758,0.3137254901960784,0.01631349531742264,0.7142857142857143,0.024537292999499777,0.16666666666666666,0,False,True,False,False,True,False,False,False,True
4759,0.05882352941176472,0.0017694531958051011,0.8214285714285714,0.053194850327778216,0.05555555555555555,0,False,True,False,False,True,False,True,False,False
4760,0.9215686274509803,0.04678261620128609,0.39285714285714285,0.012413448121528052,1.0,0,False,False,True,False,True,False,False,False,True
4761,1.0,0.15502136291053473,0.9642857142857143,0.003409420003685859,0.38888888888888884,0,True,False,False,False,False,True,False,False,True
4762,0.9019607843137255,0.20223555306201718,0.7857142857142857,0.11261617039201748,0.8333333333333333,1,True,False,False,False,False,True,False,True,False
4763,0.47058823529411764,0.04540157956065772,0.9642857142857143,0.09922860226943632,0.38888888888888884,1,False,False,True,False,False,True,False,True,False
4764,0.3921568627450981,0.08860213197531397,0.4642857142857143,0.1297685806808309,0.5,1,False,True,False,False,False,True,False,True,False
4765,0.7058823529411765,0.07077812783220404,0.8571428571428571,0.11373509201484876,0.8333333333333333,0,True,False,False,False,False,True,False,False,True
4766,0.7254901960784313,0.06844762850114366,0.10714285714285714,0.012782034067872471,0.22222222222222224,1,False,True,False,False,False,True,False,False,True
4767,0.9411764705882354,0.03405118467049329,0.8928571428571428,0.03622673301213701,1.0,0,False,True,False,False,False,True,True,False,False
4768,0.0,0.08596953087911614,0.5,0.0,0.2777777777777778,0,False,False,False,True,True,False,True,False,False
4769,0.47058823529411764,0.02835440852790126,0.6071428571428571,0.19496880183239873,0.5,1,False,True,False,False,False,True,False,False,True
4770,0.9803921568627451,0.007379914548357861,0.07142857142857142,0.1446963115077798,0.22222222222222224,1,False,False,True,False,True,False,False,True,False
4771,0.6862745098039217,0.02857019550299944,0.0,0.023694810836426824,1.0,1,False,False,True,False,True,False,False,True,False
4772,0.3137254901960784,0.08596953087911614,0.5,0.0,1.0,0,False,False,False,True,True,False,True,False,False
4773,0.7843137254901961,0.127789046653144,0.2142857142857143,0.35801542795461133,0.6666666666666666,1,False,True,False,False,False,True,False,False,True
4774,0.4509803921568628,0.049242587717405376,0.5357142857142857,0.09496353631887951,0.7777777777777777,0,False,False,True,False,False,True,False,False,True
4775,0.019607843137254943,0.46834405075309654,0.14285714285714285,0.17010241423794856,0.38888888888888884,1,True,False,False,False,True,False,False,True,False
4776,0.7647058823529412,0.027879677182685254,0.6428571428571428,0.03236974435931864,0.5555555555555555,1,False,True,False,False,False,True,False,True,False
4777,0.27450980392156865,0.05493936385999741,0.2142857142857143,0.024826896243056104,0.0,0,True,False,False,False,False,True,True,False,False
4778,0.607843137254902,0.05735617798109706,0.4642857142857143,0.16134849801226864,0.16666666666666666,1,False,True,False,False,False,True,False,False,True
4779,0.7450980392156864,0.0010789348754909154,0.03571428571428571,0.12194929310481005,0.6666666666666666,1,False,True,False,False,False,True,True,False,False
4780,0.09803921568627455,0.23663199689266756,0.07142857142857142,0.12031698391385622,0.33333333333333326,1,True,False,False,False,False,True,True,False,False
4781,0.0,0.004229424711924388,0.5714285714285714,0.08470894874022589,0.33333333333333326,1,True,False,False,False,False,True,False,True,False
4782,0.9019607843137255,0.3646368305209097,0.5357142857142857,0.08731537793223285,0.2777777777777778,0,False,True,False,False,True,False,False,False,True
4783,0.43137254901960786,0.28824824133615295,0.25,0.14012847852986862,0.38888888888888884,0,True,False,False,False,True,False,False,True,False
4784,0.7450980392156864,0.09930516594018386,0.6071428571428571,0.03314640760340152,0.611111111111111,0,False,False,True,False,False,True,False,True,False
4785,0.3137254901960784,0.10154935048120496,0.5,0.04580996761709186,0.9444444444444444,0,True,False,False,False,True,False,False,False,True
4786,0.6470588235294118,0.1373268309524837,0.2142857142857143,0.21618882131479872,0.7777777777777777,1,False,True,False,False,True,False,False,False,True
4787,0.7843137254901961,0.06335505588882655,0.9285714285714285,0.03889898112313404,0.8333333333333333,1,False,True,False,False,False,True,True,False,False
4788,0.5490196078431373,0.13491001683138407,0.2857142857142857,0.08323460495484822,0.0,1,False,True,False,False,True,False,True,False,False
4789,0.1568627450980392,0.005912563117690217,0.17857142857142855,0.12771503040834056,0.5,0,False,False,True,False,True,False,False,True,False
4790,0.23529411764705888,0.007207284968279314,0.6071428571428571,1.0,0.7777777777777777,1,False,True,False,False,False,True,False,True,False
4791,0.09803921568627455,0.07910750507099391,0.6071428571428571,0.060184819524524126,0.6666666666666666,1,False,True,False,False,False,True,False,True,False
4792,0.09803921568627455,0.10327564628199042,0.8571428571428571,0.05884211357712661,1.0,1,False,True,False,False,False,True,True,False,False
4793,0.37254901960784315,0.2832419835138751,0.8928571428571428,0.1947055261564384,0.6666666666666666,0,False,False,True,False,False,True,False,True,False
4794,1.0,0.014328255146519355,0.8214285714285714,0.1724324039701972,0.4444444444444444,0,True,False,False,False,False,True,False,False,True
4795,0.03921568627450983,0.2239437227568944,0.4642857142857143,0.13831187636574258,0.8333333333333333,1,True,False,False,False,True,False,False,True,False
4796,0.3137254901960784,0.030512278278883087,0.4642857142857143,0.06551615196272018,0.7222222222222221,0,False,True,False,False,True,False,True,False,False
4797,0.9411764705882354,0.06486556471451382,0.4642857142857143,0.04122897085538267,0.4444444444444444,1,False,True,False,False,True,False,True,False,False
4798,0.21568627450980393,0.08596953087911614,0.5,0.0,0.9444444444444444,1,False,False,False,True,True,False,True,False,False
4799,0.9215686274509803,0.06616028656510294,0.10714285714285714,0.22001948240002106,0.16666666666666666,1,False,False,True,False,False,True,False,True,False
4800,0.9019607843137255,0.021103966164602302,0.10714285714285714,0.22665402943422058,0.611111111111111,1,False,False,True,False,False,True,False,False,True
4801,0.8627450980392156,0.09067368693625653,0.5,0.012097517310375694,0.22222222222222224,0,False,False,True,False,False,True,True,False,False
4802,0.0,0.2094428380302965,0.5,0.05889476871231867,0.5555555555555555,1,True,False,False,False,True,False,True,False,False
4803,0.3137254901960784,0.0754391264943248,0.6071428571428571,0.06581891899007451,0.22222222222222224,0,True,False,False,False,False,True,True,False,False
4804,0.03921568627450983,0.0873505675197445,0.4642857142857143,0.4001132085406629,1.0,1,True,False,False,False,False,True,False,True,False
4805,0.4901960784313726,0.2445729575762807,0.8928571428571428,0.11934286391280309,0.33333333333333326,0,True,False,False,False,False,True,True,False,False
4806,0.27450980392156865,0.15851711190712528,0.0,0.05507727141089435,0.16666666666666666,0,False,True,False,False,False,True,True,False,False
4807,0.6862745098039217,0.08730741012472487,0.3214285714285714,0.002777558381381144,0.38888888888888884,0,False,True,False,False,False,True,False,False,True
4808,0.607843137254902,0.038582711147555133,0.9999999999999999,0.08774978279756733,0.2777777777777778,0,False,False,True,False,False,True,False,False,True
4809,0.607843137254902,0.27996202149238275,0.6785714285714285,0.01063633730879604,0.2777777777777778,1,False,True,False,False,False,True,False,True,False
4810,0.05882352941176472,0.1113892365456821,0.3214285714285714,0.1894005212858384,0.16666666666666666,1,False,False,True,False,True,False,False,True,False
4811,0.33333333333333337,0.03236804626472746,0.3214285714285714,0.14705262880762446,0.7222222222222221,1,False,True,False,False,True,False,False,True,False
4812,0.9411764705882354,0.040611108713478054,0.9285714285714285,0.06498960061079957,0.1111111111111111,0,False,True,False,False,True,False,False,False,True
4813,0.3529411764705882,0.21043545811574813,0.8214285714285714,0.05905273411789485,0.5,1,False,True,False,False,True,False,False,True,False
4814,0.823529411764706,0.005826248327650944,0.03571428571428571,0.23972566674564938,0.2777777777777778,1,False,True,False,False,False,True,True,False,False
4815,1.0,0.6266453756851236,0.9999999999999999,0.03584498328199458,0.9444444444444444,1,False,True,False,False,False,True,True,False,False
4816,0.6666666666666666,0.018082948513227743,0.9642857142857143,0.03015822868125214,0.5,1,False,True,False,False,False,True,True,False,False
4817,0.7647058823529412,0.08596953087911614,0.5,0.0,0.4444444444444444,1,False,False,False,True,True,False,False,True,False
4818,0.2549019607843137,0.06499503689957274,0.25,0.1744727904588895,0.8333333333333333,0,False,True,False,False,False,True,False,True,False
4819,0.6274509803921569,0.08773898407492123,0.0,0.18094937208751286,0.16666666666666666,0,False,True,False,False,True,False,True,False,False
4820,0.2549019607843137,0.2752147080402227,0.0,0.022865492457151887,0.5555555555555555,1,False,True,False,False,False,True,False,True,False
4821,0.6470588235294118,0.06896551724137931,0.10714285714285714,0.016283600558144432,0.611111111111111,1,True,False,False,False,False,True,False,True,False
4822,0.05882352941176472,0.09982305468041948,0.2142857142857143,0.002777558381381144,1.0,1,True,False,False,False,False,True,False,True,False
4823,0.4509803921568628,0.006559924042984766,0.2857142857142857,0.028486428138904247,0.5,0,True,False,False,False,False,True,True,False,False
4824,0.5490196078431373,0.0003021017651374563,0.5357142857142857,0.1567148461153674,0.33333333333333326,0,False,True,False,False,True,False,False,True,False
4825,0.3529411764705882,0.03633852660653403,0.14285714285714285,0.028907669220440725,0.33333333333333326,1,False,True,False,False,False,True,False,True,False
4826,0.09803921568627455,0.14777092054723578,0.03571428571428571,0.1375352131216597,0.9444444444444444,1,True,False,False,False,False,True,False,True,False
4827,0.6274509803921569,0.016745069267619005,0.9642857142857143,0.0305663059789906,0.1111111111111111,0,True,False,False,False,False,True,False,True,False
4828,0.9411764705882354,0.015622976997108455,0.7857142857142857,0.05297106600321197,0.611111111111111,1,False,True,False,False,False,True,True,False,False
4829,0.7647058823529412,0.06853394329118295,0.35714285714285715,0.4301003080325409,0.7222222222222221,0,False,True,False,False,False,True,False,True,False
4830,0.3529411764705882,0.13512580380648223,0.6071428571428571,0.02956585841034147,0.05555555555555555,1,False,True,False,False,True,False,True,False,False
4831,0.0,0.16119287039834276,0.8571428571428571,0.0497327751889003,0.4444444444444444,0,False,True,False,False,True,False,False,True,False
4832,0.07843137254901966,0.025462863061585603,0.8571428571428571,0.03772740436511071,0.5,0,True,False,False,False,True,False,False,False,True
4833,0.5098039215686275,0.010746191359889518,0.6428571428571428,0.012229155148355842,0.2777777777777778,1,True,False,False,False,True,False,False,True,False
4834,0.2941176470588236,0.36511156186612576,0.42857142857142855,0.07088697575231025,0.8888888888888888,1,False,True,False,False,False,True,False,False,True
4835,0.09803921568627455,0.03910059988779078,0.8214285714285714,0.05011452491904273,0.7777777777777777,1,False,True,False,False,True,False,False,False,True
4836,0.7647058823529412,0.24854343791808728,0.35714285714285715,0.1250164547297475,0.0,1,False,False,True,False,False,True,True,False,False
4837,0.23529411764705888,0.25782227784730916,0.6785714285714285,0.17918542505857885,0.6666666666666666,0,True,False,False,False,False,True,False,False,True
4838,0.9215686274509803,0.19170514867722585,0.6428571428571428,0.08274754495432167,0.5,1,False,False,True,False,True,False,False,True,False
4839,0.6666666666666666,0.08596953087911614,0.5714285714285714,0.0,0.611111111111111,0,False,True,False,False,False,True,False,True,False
4840,0.3529411764705882,0.2233395192266195,0.14285714285714285,0.10159808335307902,0.8333333333333333,1,True,False,False,False,False,True,False,True,False
4841,0.21568627450980393,0.18984938069138146,0.42857142857142855,0.006002685411894795,0.05555555555555555,1,False,True,False,False,False,True,False,True,False
4842,0.2941176470588236,0.11756074403349014,0.9285714285714285,0.1008872390279862,0.1111111111111111,1,False,True,False,False,False,True,False,True,False
4843,0.823529411764706,0.08596953087911614,0.5,0.0,0.38888888888888884,1,False,False,False,True,True,False,True,False,False
4844,0.17647058823529416,0.03944585904794787,0.0,0.023207750835900272,0.7777777777777777,1,True,False,False,False,False,True,False,True,False
4845,0.47058823529411764,0.01683138405765828,0.3214285714285714,0.18019903641102597,1.0,1,False,True,False,False,False,True,False,True,False
4846,0.37254901960784315,0.09231366794700271,0.25,0.2548640181133665,0.9444444444444444,1,True,False,False,False,False,True,False,True,False
4847,0.5882352941176471,0.11393552285184065,0.8214285714285714,0.1766184872179659,0.0,1,False,True,False,False,False,True,True,False,False
4848,0.05882352941176472,0.05765827974623451,0.9999999999999999,0.03833293841981939,1.0,0,False,True,False,False,True,False,False,False,True
4849,0.8431372549019608,0.08350955936299685,0.25,0.09304162388436933,0.05555555555555555,1,False,True,False,False,True,False,True,False,False
4850,0.43137254901960786,0.058478270251607616,0.6428571428571428,0.2593660321722876,0.22222222222222224,1,False,True,False,False,False,True,True,False,False
4851,0.019607843137254943,0.13262267489534332,0.17857142857142855,0.04071558328726009,0.9444444444444444,0,False,True,False,False,False,True,False,True,False
4852,0.4117647058823529,0.2997712658063959,0.39285714285714285,0.18060711370876442,0.8333333333333333,1,False,True,False,False,False,True,False,False,True
4853,0.9803921568627451,0.023175521125544864,0.9642857142857143,0.0010004475686491326,0.5,0,False,True,False,False,True,False,False,True,False
4854,0.7058823529411765,0.06218980622329636,0.2142857142857143,0.0003817497301424321,0.1111111111111111,0,False,True,False,False,True,False,False,False,True
4855,0.13725490196078433,0.019679772128954293,0.5357142857142857,0.15015928178395596,0.5,1,True,False,False,False,True,False,True,False,False
4856,0.11764705882352944,0.12696905614777093,0.2857142857142857,0.15092278124424086,0.6666666666666666,0,False,True,False,False,True,False,False,True,False
4857,0.2549019607843137,0.16896120150187735,0.7142857142857143,0.16383645315009346,0.5,0,True,False,False,False,False,True,False,False,True
4858,0.03921568627450983,0.34789176125329074,0.8571428571428571,0.28008582787036307,0.5555555555555555,0,True,False,False,False,False,True,False,False,True
4859,0.9607843137254902,0.04233740451426352,0.75,0.01321643893320696,0.33333333333333326,0,False,True,False,False,True,False,True,False,False
4860,0.2941176470588236,0.3884165551767295,0.3214285714285714,0.027801911381407474,0.05555555555555555,1,True,False,False,False,True,False,False,True,False
4861,0.3529411764705882,0.008458849423848776,0.3214285714285714,0.24647868783403104,1.0,0,True,False,False,False,True,False,True,False,False
4862,0.9803921568627451,0.11963229899443269,0.3214285714285714,0.020548666508701262,0.9444444444444444,0,False,True,False,False,False,True,False,True,False
4863,0.33333333333333337,0.007595701523456044,0.6785714285714285,0.12072506121159465,0.5555555555555555,1,False,False,True,False,False,True,False,True,False
4864,1.0,0.08596953087911614,0.9999999999999999,0.0,0.8888888888888888,1,True,False,False,False,False,True,False,True,False
4865,0.2941176470588236,0.0977083423244573,0.5357142857142857,0.009148829739620357,0.1111111111111111,0,False,False,True,False,False,True,True,False,False
4866,0.13725490196078433,0.14328255146519359,0.0,0.035371087065266045,0.611111111111111,1,True,False,False,False,True,False,True,False,False
4867,0.6274509803921569,0.08596953087911614,0.5,0.0,0.05555555555555555,1,False,False,False,True,True,False,False,True,False
4868,0.9411764705882354,0.021103966164602302,0.8928571428571428,0.20144538346102203,0.0,0,False,True,False,False,False,True,False,False,True
4869,0.21568627450980393,0.005092572612317121,0.7142857142857143,0.12946581365347656,0.4444444444444444,1,True,False,False,False,False,True,False,True,False
4870,0.1960784313725491,0.2733157826593587,0.9999999999999999,0.10241423794855593,1.0,1,False,False,True,False,False,True,False,True,False
4871,0.07843137254901966,0.04898364334728755,0.4642857142857143,0.0721638627807177,0.38888888888888884,1,True,False,False,False,False,True,True,False,False
4872,0.5098039215686275,0.017867161538129558,0.6428571428571428,0.03735881841876629,0.4444444444444444,1,False,False,True,False,False,True,False,False,True
4873,0.21568627450980393,0.08182642095723103,0.7142857142857143,0.01337440433878314,0.33333333333333326,0,False,True,False,False,True,False,False,False,True
4874,0.3137254901960784,0.11807863277372578,0.7142857142857143,0.055406366005844726,0.16666666666666666,1,False,True,False,False,False,True,False,False,True
4875,0.09803921568627455,0.004056795131845842,0.5714285714285714,0.0030408340573414424,0.8333333333333333,1,False,False,True,False,False,True,False,True,False
4876,0.6274509803921569,0.0416037287989297,0.4642857142857143,0.024958534081036255,0.2777777777777778,0,True,False,False,False,True,False,False,False,True
4877,0.07843137254901966,0.0043157395019636615,0.25,0.059658268172603536,0.9444444444444444,0,False,False,True,False,False,True,False,False,True
4878,0.5294117647058824,0.0706054982521255,0.7142857142857143,0.05711765789958666,0.05555555555555555,1,True,False,False,False,False,True,False,True,False
4879,0.2549019607843137,0.08596953087911614,0.5,0.0,0.5555555555555555,0,False,False,False,True,True,False,True,False,False
4880,0.07843137254901966,0.5249233956238402,0.2857142857142857,0.093647157939078,0.22222222222222224,1,True,False,False,False,False,True,True,False,False
4881,0.6274509803921569,0.1311984808596953,0.25,0.08401126819893111,0.8888888888888888,1,False,False,True,False,True,False,True,False,False
4882,0.9607843137254902,0.02283026196538777,0.42857142857142855,0.0085696232525077,0.22222222222222224,0,True,False,False,False,True,False,False,False,True
4883,0.9215686274509803,0.30594277329420394,0.5714285714285714,0.30199036411025987,0.1111111111111111,1,False,True,False,False,True,False,False,True,False
4884,0.7843137254901961,0.09403996374778818,0.6428571428571428,0.011018087038938472,1.0,1,False,True,False,False,True,False,True,False,False
4885,0.3529411764705882,0.021621854904837944,0.9642857142857143,0.20323565805755206,0.38888888888888884,1,True,False,False,False,True,False,False,True,False
4886,0.4117647058823529,0.32985197013508266,0.2142857142857143,2.6327567596029805e-05,0.5555555555555555,1,False,True,False,False,True,False,True,False,False
4887,0.07843137254901966,0.18341892883345562,0.5714285714285714,0.22531132348682306,0.1111111111111111,1,True,False,False,False,False,True,False,False,True
4888,0.019607843137254943,0.1703422381425057,0.0,0.0020930416238843694,0.1111111111111111,1,False,True,False,False,True,False,False,True,False
4889,0.5686274509803921,0.15989814854775364,0.14285714285714285,0.14932996340468105,0.0,1,False,True,False,False,False,True,False,True,False
4890,0.9019607843137255,0.028958612058176167,0.8571428571428571,0.04727114761867151,0.6666666666666666,1,True,False,False,False,True,False,False,False,True
4891,0.7450980392156864,0.030684907858961635,0.17857142857142855,0.14114208988231577,0.5,1,False,True,False,False,False,True,False,False,True
4892,0.05882352941176472,0.15092141038366924,0.8928571428571428,0.054103151409841246,0.2777777777777778,1,True,False,False,False,True,False,True,False,False
4893,0.6274509803921569,0.032109101894609644,0.03571428571428571,0.007740304873232762,0.5555555555555555,0,False,True,False,False,True,False,False,True,False
4894,0.23529411764705888,0.07474860817401062,0.9285714285714285,0.15363452070663192,0.38888888888888884,0,False,False,True,False,True,False,True,False,False
4895,0.37254901960784315,0.19722929523973934,0.8571428571428571,0.007779796224626807,1.0,0,False,True,False,False,False,True,False,False,True
4896,0.11764705882352944,0.1983945449052695,0.5357142857142857,0.2688176289392623,0.5555555555555555,1,False,True,False,False,False,True,False,False,True
4897,0.27450980392156865,0.07815804238056191,0.75,0.005515625411368245,0.2777777777777778,0,False,False,True,False,True,False,False,True,False
4898,0.43137254901960786,0.20340080272754738,0.14285714285714285,0.06872811520943581,0.611111111111111,0,True,False,False,False,True,False,True,False,False
4899,0.2549019607843137,0.23615726554745156,0.14285714285714285,0.13520522338941104,0.9444444444444444,1,False,True,False,False,True,False,False,True,False
4900,0.43137254901960786,0.13771524750766043,0.39285714285714285,0.05261564384066556,0.1111111111111111,1,False,False,True,False,True,False,False,True,False
4901,0.3529411764705882,0.03357645332527729,0.07142857142857142,0.025787852460311192,0.6666666666666666,0,True,False,False,False,False,True,True,False,False
4902,0.5490196078431373,0.04147425661387078,0.5357142857142857,0.1498960061079957,0.16666666666666666,1,False,False,True,False,False,True,False,True,False
4903,0.37254901960784315,0.08596953087911614,0.5,0.0,0.4444444444444444,0,True,False,False,False,False,True,False,True,False
4904,0.5490196078431373,0.016097708342324456,0.5,0.2695942921833452,0.8333333333333333,1,False,True,False,False,True,False,True,False,False
4905,0.4509803921568628,0.04130162703379224,0.5,0.04969328383750626,0.611111111111111,1,False,True,False,False,False,True,True,False,False
4906,0.33333333333333337,0.030425963488843813,0.9999999999999999,0.07432272332359213,0.33333333333333326,0,False,True,False,False,True,False,False,False,True
4907,0.17647058823529416,0.07867593112079756,0.5357142857142857,0.047508095727035786,0.611111111111111,1,True,False,False,False,True,False,True,False,False
4908,0.7843137254901961,0.3095248370808338,0.6785714285714285,0.031290314087881424,0.38888888888888884,1,False,True,False,False,False,True,True,False,False
4909,0.13725490196078433,0.01428509775149972,0.42857142857142855,0.14642076718531977,0.7777777777777777,1,False,True,False,False,True,False,False,True,False
4910,0.4901960784313726,0.16494756376505113,0.39285714285714285,0.043703762209409476,0.05555555555555555,0,False,True,False,False,False,True,False,True,False
4911,0.5490196078431373,0.15048983643347286,0.3214285714285714,0.05885527736092463,0.5555555555555555,1,False,True,False,False,False,True,True,False,False
4912,0.17647058823529416,0.013033533295930258,0.4642857142857143,0.05444540978858963,0.22222222222222224,0,False,False,True,False,True,False,False,True,False
4913,0.3137254901960784,0.331233006775711,0.03571428571428571,0.13133507095279467,0.2777777777777778,0,True,False,False,False,False,True,False,False,True
4914,0.019607843137254943,0.1087997928445039,0.9999999999999999,0.26311771055472183,1.0,1,True,False,False,False,True,False,True,False,False
4915,0.09803921568627455,0.05852142764662725,0.07142857142857142,0.11572282336834899,0.7222222222222221,0,False,False,True,False,True,False,False,True,False
4916,0.07843137254901966,0.18290104009321997,0.2857142857142857,0.06717478872127004,0.33333333333333326,0,True,False,False,False,False,True,True,False,False
4917,0.5294117647058824,0.038539553752535496,0.35714285714285715,0.15907116341521207,0.611111111111111,0,False,False,True,False,False,True,False,False,True
4918,0.7843137254901961,0.1531224375296707,0.35714285714285715,0.0,0.8888888888888888,1,False,True,False,False,True,False,False,True,False
4919,0.07843137254901966,0.005265202192395667,0.8571428571428571,0.006581891899007451,0.16666666666666666,0,False,True,False,False,False,True,False,True,False
4920,0.33333333333333337,0.23680462647274608,0.75,0.01058368217360398,0.5,0,False,True,False,False,False,True,False,False,True
4921,0.4901960784313726,0.07699279271503172,0.3214285714285714,0.004067609193586604,0.0,0,False,True,False,False,True,False,False,True,False
4922,0.37254901960784315,0.13111216606965603,0.8928571428571428,0.06426559250190875,0.16666666666666666,1,False,False,True,False,False,True,False,True,False
4923,0.7843137254901961,0.03236804626472746,0.4642857142857143,0.1840691888476424,0.6666666666666666,1,True,False,False,False,False,True,False,True,False
4924,0.9411764705882354,0.14634672651158775,0.2857142857142857,0.039544006529236765,0.2777777777777778,1,False,True,False,False,False,True,True,False,False
4925,0.5098039215686275,0.1915325190971473,0.6785714285714285,0.05104915356870179,0.7777777777777777,1,True,False,False,False,True,False,True,False,False
4926,0.9411764705882354,0.08299167062276121,0.9285714285714285,0.25296843324645235,0.7222222222222221,1,True,False,False,False,False,True,True,False,False
4927,0.21568627450980393,0.12450908463165164,0.7142857142857143,0.19096701155780216,0.1111111111111111,0,False,True,False,False,True,False,False,False,True
4928,0.11764705882352944,0.07889171809589574,0.3214285714285714,0.1151831082326304,1.0,1,True,False,False,False,False,True,False,False,True
4929,0.03921568627450983,0.2907082128522722,0.75,0.032685675170470996,0.2777777777777778,0,False,False,True,False,False,True,False,False,True
4930,0.17647058823529416,0.08920633550558889,0.9999999999999999,0.013111128662822843,0.05555555555555555,1,True,False,False,False,True,False,True,False,False
4931,0.6470588235294118,0.23874670924862976,0.2857142857142857,0.0017112918937419372,0.4444444444444444,0,True,False,False,False,True,False,False,True,False
4932,0.47058823529411764,0.20927020845021796,0.9999999999999999,0.011913224337203487,0.6666666666666666,1,False,True,False,False,False,True,False,False,True
4933,0.6666666666666666,0.06840447110612403,0.14285714285714285,0.036450517336703264,0.9444444444444444,0,False,True,False,False,False,True,False,True,False
4934,0.2941176470588236,0.033835397695395106,0.25,0.08451149198325567,0.611111111111111,0,False,True,False,False,True,False,False,False,True
4935,0.019607843137254943,0.06745500841569203,0.35714285714285715,0.006963641629149883,0.16666666666666666,0,True,False,False,False,False,True,False,True,False
4936,0.4509803921568628,0.22657632385309223,0.0,0.015427954611273465,0.33333333333333326,1,False,True,False,False,False,True,False,False,True
4937,0.17647058823529416,0.03344698114021838,0.7142857142857143,0.021035726509227814,0.611111111111111,1,False,True,False,False,True,False,False,False,True
4938,0.7254901960784313,0.09624099089378965,0.3214285714285714,0.10527077903272516,0.5555555555555555,1,False,False,True,False,True,False,False,True,False
4939,0.4117647058823529,0.21237754089163177,0.0,0.10074243740620804,0.33333333333333326,1,True,False,False,False,False,True,False,True,False
4940,0.4901960784313726,0.056449872685684695,0.8928571428571428,0.08427454387489139,0.5,1,True,False,False,False,True,False,False,True,False
4941,0.823529411764706,0.13305424884553968,0.75,0.030368849222020378,0.4444444444444444,1,False,True,False,False,True,False,True,False,False
4942,0.7450980392156864,0.03651115618661258,0.2142857142857143,0.0488508016744333,0.05555555555555555,0,False,True,False,False,True,False,False,True,False
4943,0.5098039215686275,0.014975616071813906,0.9642857142857143,0.01071532001158413,0.22222222222222224,0,False,True,False,False,False,True,True,False,False
4944,0.5490196078431373,0.20478183936817576,0.4642857142857143,0.027038411921122607,0.5,1,True,False,False,False,True,False,False,True,False
4945,0.9019607843137255,0.01350826464114626,0.14285714285714285,0.24009425269199378,0.7222222222222221,1,False,True,False,False,False,True,False,True,False
4946,0.7254901960784313,0.04099952526865478,0.5714285714285714,0.41036779611931656,0.8333333333333333,1,True,False,False,False,False,True,True,False,False
4947,0.37254901960784315,0.2500971041387942,0.75,0.10985177579443436,0.05555555555555555,1,False,False,True,False,True,False,True,False,False
4948,0.5098039215686275,0.05506883604505632,0.8928571428571428,0.26188031487770846,1.0,0,False,True,False,False,False,True,False,True,False
4949,0.7843137254901961,0.4678693194078805,0.7142857142857143,0.1083905957928547,0.4444444444444444,0,False,True,False,False,False,True,True,False,False
4950,0.37254901960784315,0.5047688921496698,0.17857142857142855,0.0035542216254640237,0.7222222222222221,1,True,False,False,False,False,True,False,False,True
4951,0.8431372549019608,0.040438479133399506,0.5357142857142857,0.6037437801121555,0.7777777777777777,0,False,False,True,False,True,False,False,True,False
4952,0.3529411764705882,0.005437831772474214,0.35714285714285715,0.010978595687544428,1.0,0,False,False,True,False,False,True,False,True,False
4953,0.37254901960784315,0.15808553795692892,0.3214285714285714,0.12086986283337282,0.38888888888888884,1,False,True,False,False,True,False,False,False,True
4954,0.6666666666666666,0.07764015364032627,0.5,0.03069794381697075,0.7777777777777777,1,False,True,False,False,True,False,False,True,False
4955,0.9019607843137255,0.01376720901126408,0.2142857142857143,0.05239185951609931,0.38888888888888884,0,True,False,False,False,False,True,False,True,False
4956,0.019607843137254943,0.15916447283241986,0.7857142857142857,0.10933838822631177,0.16666666666666666,1,True,False,False,False,True,False,True,False,False
4957,0.5686274509803921,0.004099952526865478,0.03571428571428571,0.060408603849090386,0.2777777777777778,0,False,True,False,False,False,True,False,True,False
4958,0.6470588235294118,0.2643390444952743,0.39285714285714285,0.030368849222020378,0.5555555555555555,1,True,False,False,False,True,False,False,True,False
4959,0.4117647058823529,0.019334512968797204,0.6428571428571428,0.042874443830134536,0.611111111111111,0,True,False,False,False,True,False,False,False,True
4960,0.03921568627450983,0.017651374563031376,0.39285714285714285,0.04400652923676381,0.4444444444444444,0,False,True,False,False,False,True,False,True,False
4961,0.09803921568627455,0.025031289111389236,0.5357142857142857,0.33721664955374775,0.9444444444444444,1,False,False,True,False,True,False,False,False,True
4962,0.27450980392156865,0.4176341116050235,0.17857142857142855,0.16875970829055104,0.8888888888888888,1,False,True,False,False,False,True,False,True,False
4963,0.5098039215686275,0.15294980794959215,0.07142857142857142,0.06460785088065714,0.1111111111111111,0,True,False,False,False,False,True,False,False,True
4964,0.17647058823529416,0.20927020845021796,0.03571428571428571,0.023471026511860567,0.6666666666666666,0,True,False,False,False,True,False,True,False,False
4965,0.1568627450980392,0.06564239782486729,0.6785714285714285,0.1754600742437406,0.2777777777777778,0,False,True,False,False,False,True,False,True,False
4966,0.6274509803921569,0.05308359587415304,0.14285714285714285,0.018008056235684387,0.7222222222222221,1,True,False,False,False,True,False,True,False,False
4967,0.607843137254902,0.08596953087911614,0.5,0.0,0.0,0,False,False,False,True,True,False,False,False,True
4968,0.9215686274509803,0.08484743860860558,0.8928571428571428,0.047995155727562334,0.16666666666666666,0,False,False,True,False,False,True,False,True,False
4969,0.09803921568627455,0.10392300720728496,0.8571428571428571,0.2235868678092831,0.9444444444444444,1,False,True,False,False,True,False,True,False,False
4970,0.7843137254901961,0.12934271287385093,0.07142857142857142,0.014888239475554855,0.5555555555555555,1,True,False,False,False,True,False,True,False,False
4971,0.6862745098039217,0.03849639635751586,0.07142857142857142,0.013729826501329543,0.5555555555555555,0,True,False,False,False,False,True,False,False,True
4972,0.019607843137254943,0.38444607483492294,0.75,0.0717294579153832,0.38888888888888884,1,True,False,False,False,False,True,True,False,False
4973,0.5490196078431373,0.02408182642095723,0.14285714285714285,0.034067872469262565,0.16666666666666666,0,False,False,True,False,False,True,False,True,False
4974,0.05882352941176472,0.4364938932286047,0.75,0.08856593739304426,0.05555555555555555,1,False,True,False,False,False,True,False,True,False
4975,0.0,0.0019420827758836476,0.7857142857142857,0.06327830871705763,0.0,0,False,True,False,False,False,True,True,False,False
4976,0.3529411764705882,0.08493375339864485,0.35714285714285715,0.06011900060553406,0.5,1,True,False,False,False,False,True,False,False,True
4977,0.4901960784313726,0.05252254973889776,0.07142857142857142,0.012505594608114156,0.8888888888888888,0,False,True,False,False,False,True,False,True,False
4978,0.47058823529411764,0.07720857969012991,0.42857142857142855,0.01600716109838612,0.33333333333333326,0,False,False,True,False,False,True,True,False,False
4979,0.17647058823529416,0.1094903111648181,0.7142857142857143,0.18121264776347312,0.33333333333333326,1,True,False,False,False,True,False,False,True,False
4980,0.27450980392156865,0.07405808985369643,0.25,0.22857594186873073,0.6666666666666666,1,False,True,False,False,False,True,True,False,False
4981,0.4117647058823529,0.06939709119157567,0.6785714285714285,0.028170497327751887,0.0,0,True,False,False,False,False,True,True,False,False
4982,0.9803921568627451,0.1708169694877217,0.3214285714285714,0.01267672379748835,0.0,1,False,True,False,False,False,True,True,False,False
4983,0.9215686274509803,0.1499287902982176,0.03571428571428571,0.0057789010873285414,0.6666666666666666,0,True,False,False,False,False,True,False,False,True
4984,0.3921568627450981,0.23192784083552717,0.10714285714285714,0.09870205091751574,0.0,1,False,True,False,False,True,False,False,True,False
4985,0.4117647058823529,0.0372448319019464,0.6071428571428571,0.13232235473764578,0.2777777777777778,1,False,True,False,False,True,False,False,True,False
4986,0.6862745098039217,0.1217470113503949,0.6428571428571428,0.04912724113419161,0.5,1,False,True,False,False,False,True,False,False,True
4987,0.6470588235294118,0.11393552285184065,0.10714285714285714,0.1198825790485217,0.0,0,True,False,False,False,True,False,False,True,False
4988,0.5686274509803921,0.059772992102196706,0.6785714285714285,0.13144038122317878,0.22222222222222224,0,False,True,False,False,False,True,True,False,False
4989,0.47058823529411764,0.08618531785421431,0.8928571428571428,0.2884053392307085,0.05555555555555555,1,False,True,False,False,True,False,True,False,False
4990,0.8627450980392156,0.048767856372189375,0.2857142857142857,0.007068951899534002,0.1111111111111111,0,False,True,False,False,False,True,True,False,False
4991,0.5294117647058824,0.019809244314013204,0.5357142857142857,0.02248374272700945,0.1111111111111111,1,False,True,False,False,False,True,False,True,False
4992,0.0,0.031159639204177636,0.8928571428571428,0.007477029197272464,0.9444444444444444,1,False,False,True,False,True,False,False,True,False
4993,0.9411764705882354,0.014457727331578267,0.17857142857142855,0.2132401337440434,0.38888888888888884,0,False,True,False,False,False,True,True,False,False
4994,0.8627450980392156,0.1487635406326874,0.8571428571428571,0.16565305531421953,0.4444444444444444,1,False,False,True,False,False,True,False,True,False
4995,0.05882352941176472,0.13995943204868155,0.10714285714285714,0.0900271173946239,0.05555555555555555,0,True,False,False,False,True,False,True,False,False
4996,0.11764705882352944,0.3894523326572008,0.2857142857142857,0.009201484874812416,0.05555555555555555,0,True,False,False,False,False,True,True,False,False
4997,0.9411764705882354,0.1693496180570541,0.9285714285714285,0.03362030382013006,0.8333333333333333,0,False,True,False,False,False,True,False,True,False
4998,0.1568627450980392,0.006905183203141859,0.42857142857142855,0.037214016796988124,0.33333333333333326,1,False,False,True,False,True,False,False,True,False
4999,0.6862745098039217,0.27918518838202927,0.2857142857142857,0.08663086117473608,0.16666666666666666,0,False,True,False,False,False,True,False,False,True
5000,0.3529411764705882,0.2570454447369557,0.17857142857142855,0.03143511570965958,0.22222222222222224,0,True,False,False,False,True,False,True,False,False
